timestamp,predicted_ac_power_kw
2025-07-01 00:00:00,0.0
2025-07-01 01:00:00,0.0
2025-07-01 02:00:00,0.0
2025-07-01 03:00:00,0.0
2025-07-01 04:00:00,0.0
2025-07-01 05:00:00,0.0
2025-07-01 06:00:00,170.531
2025-07-01 07:00:00,1334.672
2025-07-01 08:00:00,2781.55
2025-07-01 09:00:00,4778.706
2025-07-01 10:00:00,6857.081
2025-07-01 11:00:00,7173.164
2025-07-01 12:00:00,7501.422
2025-07-01 13:00:00,7293.505
2025-07-01 14:00:00,6660.738
2025-07-01 15:00:00,5547.008
2025-07-01 16:00:00,3387.211
2025-07-01 17:00:00,1545.098
2025-07-01 18:00:00,54.445
2025-07-01 19:00:00,0.0
2025-07-01 20:00:00,0.0
2025-07-01 21:00:00,0.0
2025-07-01 22:00:00,0.0
2025-07-01 23:00:00,0.0
2025-07-02 00:00:00,0.0
2025-07-02 01:00:00,0.0
2025-07-02 02:00:00,0.0
2025-07-02 03:00:00,0.0
2025-07-02 04:00:00,0.0
2025-07-02 05:00:00,0.0
2025-07-02 06:00:00,162.563
2025-07-02 07:00:00,1435.188
2025-07-02 08:00:00,2832.554
2025-07-02 09:00:00,4487.183
2025-07-02 10:00:00,6375.691
2025-07-02 11:00:00,7334.076
2025-07-02 12:00:00,6177.406
2025-07-02 13:00:00,7104.813
2025-07-02 14:00:00,5454.881
2025-07-02 15:00:00,4223.812
2025-07-02 16:00:00,3194.933
2025-07-02 17:00:00,1560.24
2025-07-02 18:00:00,61.272
2025-07-02 19:00:00,0.0
2025-07-02 20:00:00,0.0
2025-07-02 21:00:00,0.0
2025-07-02 22:00:00,0.0
2025-07-02 23:00:00,0.0
2025-07-03 00:00:00,0.0
2025-07-03 01:00:00,0.0
2025-07-03 02:00:00,0.0
2025-07-03 03:00:00,0.0
2025-07-03 04:00:00,0.0
2025-07-03 05:00:00,0.0
2025-07-03 06:00:00,195.539
2025-07-03 07:00:00,2014.832
2025-07-03 08:00:00,4023.348
2025-07-03 09:00:00,5266.433
2025-07-03 10:00:00,6891.052
2025-07-03 11:00:00,7671.325
2025-07-03 12:00:00,7723.965
2025-07-03 13:00:00,7393.605
2025-07-03 14:00:00,6700.813
2025-07-03 15:00:00,5501.802
2025-07-03 16:00:00,3615.156
2025-07-03 17:00:00,1443.663
2025-07-03 18:00:00,53.414
2025-07-03 19:00:00,0.0
2025-07-03 20:00:00,0.0
2025-07-03 21:00:00,0.0
2025-07-03 22:00:00,0.0
2025-07-03 23:00:00,0.0
2025-07-04 00:00:00,0.0
2025-07-04 01:00:00,0.0
2025-07-04 02:00:00,0.0
2025-07-04 03:00:00,0.0
2025-07-04 04:00:00,0.0
2025-07-04 05:00:00,0.0
2025-07-04 06:00:00,127.866
2025-07-04 07:00:00,1251.518
2025-07-04 08:00:00,2415.155
2025-07-04 09:00:00,2957.598
2025-07-04 10:00:00,3820.448
2025-07-04 11:00:00,4495.332
2025-07-04 12:00:00,4959.069
2025-07-04 13:00:00,4744.388
2025-07-04 14:00:00,3801.916
2025-07-04 15:00:00,3001.732
2025-07-04 16:00:00,2035.414
2025-07-04 17:00:00,824.421
2025-07-04 18:00:00,36.27
2025-07-04 19:00:00,0.0
2025-07-04 20:00:00,0.0
2025-07-04 21:00:00,0.0
2025-07-04 22:00:00,0.0
2025-07-04 23:00:00,0.0
2025-07-05 00:00:00,0.0
2025-07-05 01:00:00,0.0
2025-07-05 02:00:00,0.0
2025-07-05 03:00:00,0.0
2025-07-05 04:00:00,0.0
2025-07-05 05:00:00,0.0
2025-07-05 06:00:00,186.874
2025-07-05 07:00:00,1814.075
2025-07-05 08:00:00,3188.797
2025-07-05 09:00:00,3771.587
2025-07-05 10:00:00,4676.283
2025-07-05 11:00:00,4816.046
2025-07-05 12:00:00,6049.32
2025-07-05 13:00:00,5623.135
2025-07-05 14:00:00,5137.475
2025-07-05 15:00:00,3987.125
2025-07-05 16:00:00,2444.744
2025-07-05 17:00:00,1243.218
2025-07-05 18:00:00,52.748
2025-07-05 19:00:00,0.0
2025-07-05 20:00:00,0.0
2025-07-05 21:00:00,0.0
2025-07-05 22:00:00,0.0
2025-07-05 23:00:00,0.0
2025-07-06 00:00:00,0.0
2025-07-06 01:00:00,0.0
2025-07-06 02:00:00,0.0
2025-07-06 03:00:00,0.0
2025-07-06 04:00:00,0.0
2025-07-06 05:00:00,0.0
2025-07-06 06:00:00,158.949
2025-07-06 07:00:00,1634.436
2025-07-06 08:00:00,2978.367
2025-07-06 09:00:00,3629.715
2025-07-06 10:00:00,4581.156
2025-07-06 11:00:00,5832.139
2025-07-06 12:00:00,5805.537
2025-07-06 13:00:00,4961.443
2025-07-06 14:00:00,5660.01
2025-07-06 15:00:00,4876.058
2025-07-06 16:00:00,2793.851
2025-07-06 17:00:00,1047.811
2025-07-06 18:00:00,54.273
2025-07-06 19:00:00,0.0
2025-07-06 20:00:00,0.0
2025-07-06 21:00:00,0.0
2025-07-06 22:00:00,0.0
2025-07-06 23:00:00,0.0
2025-07-07 00:00:00,0.0
2025-07-07 01:00:00,0.0
2025-07-07 02:00:00,0.0
2025-07-07 03:00:00,0.0
2025-07-07 04:00:00,0.0
2025-07-07 05:00:00,0.0
2025-07-07 06:00:00,121.895
2025-07-07 07:00:00,1317.453
2025-07-07 08:00:00,2583.406
2025-07-07 09:00:00,3557.121
2025-07-07 10:00:00,3849.719
2025-07-07 11:00:00,5183.646
2025-07-07 12:00:00,5106.19
2025-07-07 13:00:00,5455.765
2025-07-07 14:00:00,4863.214
2025-07-07 15:00:00,3666.206
2025-07-07 16:00:00,2202.731
2025-07-07 17:00:00,1035.858
2025-07-07 18:00:00,44.124
2025-07-07 19:00:00,0.0
2025-07-07 20:00:00,0.0
2025-07-07 21:00:00,0.0
2025-07-07 22:00:00,0.0
2025-07-07 23:00:00,0.0
2025-07-08 00:00:00,0.0
2025-07-08 01:00:00,0.0
2025-07-08 02:00:00,0.0
2025-07-08 03:00:00,0.0
2025-07-08 04:00:00,0.0
2025-07-08 05:00:00,0.0
2025-07-08 06:00:00,151.433
2025-07-08 07:00:00,1593.656
2025-07-08 08:00:00,3594.93
2025-07-08 09:00:00,4927.257
2025-07-08 10:00:00,5926.306
2025-07-08 11:00:00,6342.899
2025-07-08 12:00:00,7239.326
2025-07-08 13:00:00,7345.169
2025-07-08 14:00:00,5686.84
2025-07-08 15:00:00,4701.933
2025-07-08 16:00:00,2741.79
2025-07-08 17:00:00,1147.594
2025-07-08 18:00:00,60.281
2025-07-08 19:00:00,0.0
2025-07-08 20:00:00,0.0
2025-07-08 21:00:00,0.0
2025-07-08 22:00:00,0.0
2025-07-08 23:00:00,0.0
2025-07-09 00:00:00,0.0
2025-07-09 01:00:00,0.0
2025-07-09 02:00:00,0.0
2025-07-09 03:00:00,0.0
2025-07-09 04:00:00,0.0
2025-07-09 05:00:00,0.0
2025-07-09 06:00:00,158.521
2025-07-09 07:00:00,1764.046
2025-07-09 08:00:00,3787.994
2025-07-09 09:00:00,5391.45
2025-07-09 10:00:00,6385.936
2025-07-09 11:00:00,6863.031
2025-07-09 12:00:00,7501.679
2025-07-09 13:00:00,7918.423
2025-07-09 14:00:00,6560.392
2025-07-09 15:00:00,4490.301
2025-07-09 16:00:00,2747.802
2025-07-09 17:00:00,1273.773
2025-07-09 18:00:00,61.723
2025-07-09 19:00:00,0.0
2025-07-09 20:00:00,0.0
2025-07-09 21:00:00,0.0
2025-07-09 22:00:00,0.0
2025-07-09 23:00:00,0.0
2025-07-10 00:00:00,0.0
2025-07-10 01:00:00,0.0
2025-07-10 02:00:00,0.0
2025-07-10 03:00:00,0.0
2025-07-10 04:00:00,0.0
2025-07-10 05:00:00,0.0
2025-07-10 06:00:00,156.597
2025-07-10 07:00:00,1855.51
2025-07-10 08:00:00,3719.273
2025-07-10 09:00:00,5222.843
2025-07-10 10:00:00,7372.358
2025-07-10 11:00:00,6623.46
2025-07-10 12:00:00,5705.61
2025-07-10 13:00:00,5158.748
2025-07-10 14:00:00,4554.119
2025-07-10 15:00:00,3949.761
2025-07-10 16:00:00,2575.007
2025-07-10 17:00:00,1037.472
2025-07-10 18:00:00,44.458
2025-07-10 19:00:00,0.0
2025-07-10 20:00:00,0.0
2025-07-10 21:00:00,0.0
2025-07-10 22:00:00,0.0
2025-07-10 23:00:00,0.0
2025-07-11 00:00:00,0.0
2025-07-11 01:00:00,0.0
2025-07-11 02:00:00,0.0
2025-07-11 03:00:00,0.0
2025-07-11 04:00:00,0.0
2025-07-11 05:00:00,0.0
2025-07-11 06:00:00,98.052
2025-07-11 07:00:00,1115.205
2025-07-11 08:00:00,2257.154
2025-07-11 09:00:00,3311.543
2025-07-11 10:00:00,4152.41
2025-07-11 11:00:00,5084.244
2025-07-11 12:00:00,4814.562
2025-07-11 13:00:00,4844.472
2025-07-11 14:00:00,3989.709
2025-07-11 15:00:00,3798.012
2025-07-11 16:00:00,2216.809
2025-07-11 17:00:00,940.125
2025-07-11 18:00:00,43.51
2025-07-11 19:00:00,0.0
2025-07-11 20:00:00,0.0
2025-07-11 21:00:00,0.0
2025-07-11 22:00:00,0.0
2025-07-11 23:00:00,0.0
2025-07-12 00:00:00,0.0
2025-07-12 01:00:00,0.0
2025-07-12 02:00:00,0.0
2025-07-12 03:00:00,0.0
2025-07-12 04:00:00,0.0
2025-07-12 05:00:00,0.0
2025-07-12 06:00:00,122.808
2025-07-12 07:00:00,1388.641
2025-07-12 08:00:00,3573.157
2025-07-12 09:00:00,6066.168
2025-07-12 10:00:00,6461.185
2025-07-12 11:00:00,6559.071
2025-07-12 12:00:00,7765.211
2025-07-12 13:00:00,7538.492
2025-07-12 14:00:00,5492.179
2025-07-12 15:00:00,4626.226
2025-07-12 16:00:00,2833.801
2025-07-12 17:00:00,1383.959
2025-07-12 18:00:00,50.538
2025-07-12 19:00:00,0.0
2025-07-12 20:00:00,0.0
2025-07-12 21:00:00,0.0
2025-07-12 22:00:00,0.0
2025-07-12 23:00:00,0.0
2025-07-13 00:00:00,0.0
2025-07-13 01:00:00,0.0
2025-07-13 02:00:00,0.0
2025-07-13 03:00:00,0.0
2025-07-13 04:00:00,0.0
2025-07-13 05:00:00,0.0
2025-07-13 06:00:00,88.74
2025-07-13 07:00:00,1098.522
2025-07-13 08:00:00,2067.317
2025-07-13 09:00:00,2990.454
2025-07-13 10:00:00,3711.822
2025-07-13 11:00:00,4315.683
2025-07-13 12:00:00,4698.723
2025-07-13 13:00:00,4352.842
2025-07-13 14:00:00,3721.888
2025-07-13 15:00:00,3009.183
2025-07-13 16:00:00,2300.713
2025-07-13 17:00:00,884.417
2025-07-13 18:00:00,39.939
2025-07-13 19:00:00,0.0
2025-07-13 20:00:00,0.0
2025-07-13 21:00:00,0.0
2025-07-13 22:00:00,0.0
2025-07-13 23:00:00,0.0
2025-07-14 00:00:00,0.0
2025-07-14 01:00:00,0.0
2025-07-14 02:00:00,0.0
2025-07-14 03:00:00,0.0
2025-07-14 04:00:00,0.0
2025-07-14 05:00:00,0.0
2025-07-14 06:00:00,120.485
2025-07-14 07:00:00,1257.055
2025-07-14 08:00:00,2699.276
2025-07-14 09:00:00,4042.596
2025-07-14 10:00:00,4799.561
2025-07-14 11:00:00,5358.912
2025-07-14 12:00:00,4930.9
2025-07-14 13:00:00,4921.456
2025-07-14 14:00:00,4618.29
2025-07-14 15:00:00,3354.564
2025-07-14 16:00:00,2055.082
2025-07-14 17:00:00,969.739
2025-07-14 18:00:00,46.822
2025-07-14 19:00:00,0.0
2025-07-14 20:00:00,0.0
2025-07-14 21:00:00,0.0
2025-07-14 22:00:00,0.0
2025-07-14 23:00:00,0.0
2025-07-15 00:00:00,0.0
2025-07-15 01:00:00,0.0
2025-07-15 02:00:00,0.0
2025-07-15 03:00:00,0.0
2025-07-15 04:00:00,0.0
2025-07-15 05:00:00,0.0
2025-07-15 06:00:00,93.339
2025-07-15 07:00:00,1158.775
2025-07-15 08:00:00,2182.032
2025-07-15 09:00:00,3076.697
2025-07-15 10:00:00,4036.407
2025-07-15 11:00:00,5406.846
2025-07-15 12:00:00,5431.339
2025-07-15 13:00:00,4785.813
2025-07-15 14:00:00,4331.617
2025-07-15 15:00:00,3491.669
2025-07-15 16:00:00,2165.028
2025-07-15 17:00:00,891.533
2025-07-15 18:00:00,42.983
2025-07-15 19:00:00,0.0
2025-07-15 20:00:00,0.0
2025-07-15 21:00:00,0.0
2025-07-15 22:00:00,0.0
2025-07-15 23:00:00,0.0
2025-07-16 00:00:00,0.0
2025-07-16 01:00:00,0.0
2025-07-16 02:00:00,0.0
2025-07-16 03:00:00,0.0
2025-07-16 04:00:00,0.0
2025-07-16 05:00:00,0.0
2025-07-16 06:00:00,81.26
2025-07-16 07:00:00,1106.801
2025-07-16 08:00:00,2270.169
2025-07-16 09:00:00,3610.236
2025-07-16 10:00:00,4843.318
2025-07-16 11:00:00,4829.215
2025-07-16 12:00:00,4804.985
2025-07-16 13:00:00,4501.241
2025-07-16 14:00:00,4191.112
2025-07-16 15:00:00,3066.649
2025-07-16 16:00:00,1966.546
2025-07-16 17:00:00,872.31
2025-07-16 18:00:00,43.031
2025-07-16 19:00:00,0.0
2025-07-16 20:00:00,0.0
2025-07-16 21:00:00,0.0
2025-07-16 22:00:00,0.0
2025-07-16 23:00:00,0.0
2025-07-17 00:00:00,0.0
2025-07-17 01:00:00,0.0
2025-07-17 02:00:00,0.0
2025-07-17 03:00:00,0.0
2025-07-17 04:00:00,0.0
2025-07-17 05:00:00,0.0
2025-07-17 06:00:00,91.98
2025-07-17 07:00:00,1550.769
2025-07-17 08:00:00,2874.137
2025-07-17 09:00:00,4302.066
2025-07-17 10:00:00,5049.562
2025-07-17 11:00:00,6111.536
2025-07-17 12:00:00,6161.226
2025-07-17 13:00:00,5990.115
2025-07-17 14:00:00,5756.434
2025-07-17 15:00:00,4053.058
2025-07-17 16:00:00,2810.608
2025-07-17 17:00:00,1365.635
2025-07-17 18:00:00,51.687
2025-07-17 19:00:00,0.0
2025-07-17 20:00:00,0.0
2025-07-17 21:00:00,0.0
2025-07-17 22:00:00,0.0
2025-07-17 23:00:00,0.0
2025-07-18 00:00:00,0.0
2025-07-18 01:00:00,0.0
2025-07-18 02:00:00,0.0
2025-07-18 03:00:00,0.0
2025-07-18 04:00:00,0.0
2025-07-18 05:00:00,0.0
2025-07-18 06:00:00,81.61
2025-07-18 07:00:00,1107.656
2025-07-18 08:00:00,2205.204
2025-07-18 09:00:00,3163.7
2025-07-18 10:00:00,3766.28
2025-07-18 11:00:00,4207.668
2025-07-18 12:00:00,4098.707
2025-07-18 13:00:00,3914.924
2025-07-18 14:00:00,3616.434
2025-07-18 15:00:00,3021.734
2025-07-18 16:00:00,2002.477
2025-07-18 17:00:00,890.241
2025-07-18 18:00:00,41.239
2025-07-18 19:00:00,0.0
2025-07-18 20:00:00,0.0
2025-07-18 21:00:00,0.0
2025-07-18 22:00:00,0.0
2025-07-18 23:00:00,0.0
2025-07-19 00:00:00,0.0
2025-07-19 01:00:00,0.0
2025-07-19 02:00:00,0.0
2025-07-19 03:00:00,0.0
2025-07-19 04:00:00,0.0
2025-07-19 05:00:00,0.0
2025-07-19 06:00:00,94.447
2025-07-19 07:00:00,1380.102
2025-07-19 08:00:00,2852.049
2025-07-19 09:00:00,4088.282
2025-07-19 10:00:00,4802.974
2025-07-19 11:00:00,5358.218
2025-07-19 12:00:00,4924.771
2025-07-19 13:00:00,4318.309
2025-07-19 14:00:00,3811.72
2025-07-19 15:00:00,2958.792
2025-07-19 16:00:00,2039.577
2025-07-19 17:00:00,1059.794
2025-07-19 18:00:00,38.562
2025-07-19 19:00:00,0.0
2025-07-19 20:00:00,0.0
2025-07-19 21:00:00,0.0
2025-07-19 22:00:00,0.0
2025-07-19 23:00:00,0.0
2025-07-20 00:00:00,0.0
2025-07-20 01:00:00,0.0
2025-07-20 02:00:00,0.0
2025-07-20 03:00:00,0.0
2025-07-20 04:00:00,0.0
2025-07-20 05:00:00,0.0
2025-07-20 06:00:00,97.413
2025-07-20 07:00:00,1536.662
2025-07-20 08:00:00,3132.534
2025-07-20 09:00:00,4180.858
2025-07-20 10:00:00,4747.701
2025-07-20 11:00:00,5386.418
2025-07-20 12:00:00,7289.583
2025-07-20 13:00:00,6868.517
2025-07-20 14:00:00,5825.556
2025-07-20 15:00:00,4588.247
2025-07-20 16:00:00,2907.656
2025-07-20 17:00:00,1071.569
2025-07-20 18:00:00,39.38
2025-07-20 19:00:00,0.0
2025-07-20 20:00:00,0.0
2025-07-20 21:00:00,0.0
2025-07-20 22:00:00,0.0
2025-07-20 23:00:00,0.0
2025-07-21 00:00:00,0.0
2025-07-21 01:00:00,0.0
2025-07-21 02:00:00,0.0
2025-07-21 03:00:00,0.0
2025-07-21 04:00:00,0.0
2025-07-21 05:00:00,0.0
2025-07-21 06:00:00,118.753
2025-07-21 07:00:00,1360.513
2025-07-21 08:00:00,3161.049
2025-07-21 09:00:00,4557.181
2025-07-21 10:00:00,6819.812
2025-07-21 11:00:00,7671.39
2025-07-21 12:00:00,7498.869
2025-07-21 13:00:00,6369.56
2025-07-21 14:00:00,5580.253
2025-07-21 15:00:00,3859.485
2025-07-21 16:00:00,2858.589
2025-07-21 17:00:00,1413.02
2025-07-21 18:00:00,50.418
2025-07-21 19:00:00,0.0
2025-07-21 20:00:00,0.0
2025-07-21 21:00:00,0.0
2025-07-21 22:00:00,0.0
2025-07-21 23:00:00,0.0
2025-07-22 00:00:00,0.0
2025-07-22 01:00:00,0.0
2025-07-22 02:00:00,0.0
2025-07-22 03:00:00,0.0
2025-07-22 04:00:00,0.0
2025-07-22 05:00:00,0.0
2025-07-22 06:00:00,111.308
2025-07-22 07:00:00,1573.022
2025-07-22 08:00:00,3359.058
2025-07-22 09:00:00,5224.288
2025-07-22 10:00:00,6879.287
2025-07-22 11:00:00,6854.446
2025-07-22 12:00:00,7883.972
2025-07-22 13:00:00,6933.145
2025-07-22 14:00:00,5922.5
2025-07-22 15:00:00,4474.731
2025-07-22 16:00:00,3577.308
2025-07-22 17:00:00,1540.833
2025-07-22 18:00:00,62.609
2025-07-22 19:00:00,0.0
2025-07-22 20:00:00,0.0
2025-07-22 21:00:00,0.0
2025-07-22 22:00:00,0.0
2025-07-22 23:00:00,0.0
2025-07-23 00:00:00,0.0
2025-07-23 01:00:00,0.0
2025-07-23 02:00:00,0.0
2025-07-23 03:00:00,0.0
2025-07-23 04:00:00,0.0
2025-07-23 05:00:00,0.0
2025-07-23 06:00:00,122.103
2025-07-23 07:00:00,1743.751
2025-07-23 08:00:00,3659.631
2025-07-23 09:00:00,5225.966
2025-07-23 10:00:00,6761.102
2025-07-23 11:00:00,7164.257
2025-07-23 12:00:00,7079.533
2025-07-23 13:00:00,7333.437
2025-07-23 14:00:00,5842.133
2025-07-23 15:00:00,3690.247
2025-07-23 16:00:00,2439.683
2025-07-23 17:00:00,1273.43
2025-07-23 18:00:00,50.5
2025-07-23 19:00:00,0.0
2025-07-23 20:00:00,0.0
2025-07-23 21:00:00,0.0
2025-07-23 22:00:00,0.0
2025-07-23 23:00:00,0.0
2025-07-24 00:00:00,0.0
2025-07-24 01:00:00,0.0
2025-07-24 02:00:00,0.0
2025-07-24 03:00:00,0.0
2025-07-24 04:00:00,0.0
2025-07-24 05:00:00,0.0
2025-07-24 06:00:00,109.409
2025-07-24 07:00:00,1647.352
2025-07-24 08:00:00,3768.71
2025-07-24 09:00:00,5526.508
2025-07-24 10:00:00,7531.756
2025-07-24 11:00:00,7558.86
2025-07-24 12:00:00,6996.036
2025-07-24 13:00:00,6870.233
2025-07-24 14:00:00,6689.709
2025-07-24 15:00:00,5028.599
2025-07-24 16:00:00,2974.666
2025-07-24 17:00:00,1569.659
2025-07-24 18:00:00,58.719
2025-07-24 19:00:00,0.0
2025-07-24 20:00:00,0.0
2025-07-24 21:00:00,0.0
2025-07-24 22:00:00,0.0
2025-07-24 23:00:00,0.0
2025-07-25 00:00:00,0.0
2025-07-25 01:00:00,0.0
2025-07-25 02:00:00,0.0
2025-07-25 03:00:00,0.0
2025-07-25 04:00:00,0.0
2025-07-25 05:00:00,0.0
2025-07-25 06:00:00,90.445
2025-07-25 07:00:00,1620.062
2025-07-25 08:00:00,3956.273
2025-07-25 09:00:00,5720.22
2025-07-25 10:00:00,6171.336
2025-07-25 11:00:00,7891.986
2025-07-25 12:00:00,8249.33
2025-07-25 13:00:00,6700.652
2025-07-25 14:00:00,5354.39
2025-07-25 15:00:00,3660.897
2025-07-25 16:00:00,2487.67
2025-07-25 17:00:00,1059.583
2025-07-25 18:00:00,46.499
2025-07-25 19:00:00,0.0
2025-07-25 20:00:00,0.0
2025-07-25 21:00:00,0.0
2025-07-25 22:00:00,0.0
2025-07-25 23:00:00,0.0
2025-07-26 00:00:00,0.0
2025-07-26 01:00:00,0.0
2025-07-26 02:00:00,0.0
2025-07-26 03:00:00,0.0
2025-07-26 04:00:00,0.0
2025-07-26 05:00:00,0.0
2025-07-26 06:00:00,116.764
2025-07-26 07:00:00,1805.312
2025-07-26 08:00:00,3871.507
2025-07-26 09:00:00,6159.473
2025-07-26 10:00:00,7383.32
2025-07-26 11:00:00,8113.166
2025-07-26 12:00:00,8721.624
2025-07-26 13:00:00,8722.401
2025-07-26 14:00:00,7463.783
2025-07-26 15:00:00,5357.285
2025-07-26 16:00:00,2759.094
2025-07-26 17:00:00,1301.48
2025-07-26 18:00:00,52.77
2025-07-26 19:00:00,0.0
2025-07-26 20:00:00,0.0
2025-07-26 21:00:00,0.0
2025-07-26 22:00:00,0.0
2025-07-26 23:00:00,0.0
2025-07-27 00:00:00,0.0
2025-07-27 01:00:00,0.0
2025-07-27 02:00:00,0.0
2025-07-27 03:00:00,0.0
2025-07-27 04:00:00,0.0
2025-07-27 05:00:00,0.0
2025-07-27 06:00:00,80.287
2025-07-27 07:00:00,1551.928
2025-07-27 08:00:00,3487.68
2025-07-27 09:00:00,4809.456
2025-07-27 10:00:00,6429.161
2025-07-27 11:00:00,8094.928
2025-07-27 12:00:00,8252.882
2025-07-27 13:00:00,7101.035
2025-07-27 14:00:00,6757.082
2025-07-27 15:00:00,5318.878
2025-07-27 16:00:00,3412.875
2025-07-27 17:00:00,1570.114
2025-07-27 18:00:00,49.443
2025-07-27 19:00:00,0.0
2025-07-27 20:00:00,0.0
2025-07-27 21:00:00,0.0
2025-07-27 22:00:00,0.0
2025-07-27 23:00:00,0.0
2025-07-28 00:00:00,0.0
2025-07-28 01:00:00,0.0
2025-07-28 02:00:00,0.0
2025-07-28 03:00:00,0.0
2025-07-28 04:00:00,0.0
2025-07-28 05:00:00,0.0
2025-07-28 06:00:00,94.808
2025-07-28 07:00:00,1613.2
2025-07-28 08:00:00,3627.902
2025-07-28 09:00:00,4407.336
2025-07-28 10:00:00,5651.103
2025-07-28 11:00:00,6088.222
2025-07-28 12:00:00,7759.685
2025-07-28 13:00:00,6912.353
2025-07-28 14:00:00,5985.587
2025-07-28 15:00:00,5380.063
2025-07-28 16:00:00,3790.727
2025-07-28 17:00:00,1632.373
2025-07-28 18:00:00,52.721
2025-07-28 19:00:00,0.0
2025-07-28 20:00:00,0.0
2025-07-28 21:00:00,0.0
2025-07-28 22:00:00,0.0
2025-07-28 23:00:00,0.0
2025-07-29 00:00:00,0.0
2025-07-29 01:00:00,0.0
2025-07-29 02:00:00,0.0
2025-07-29 03:00:00,0.0
2025-07-29 04:00:00,0.0
2025-07-29 05:00:00,0.0
2025-07-29 06:00:00,82.933
2025-07-29 07:00:00,1619.783
2025-07-29 08:00:00,3800.395
2025-07-29 09:00:00,5074.641
2025-07-29 10:00:00,5858.755
2025-07-29 11:00:00,6499.938
2025-07-29 12:00:00,6475.711
2025-07-29 13:00:00,6154.536
2025-07-29 14:00:00,4675.301
2025-07-29 15:00:00,3598.173
2025-07-29 16:00:00,2603.09
2025-07-29 17:00:00,1091.662
2025-07-29 18:00:00,37.687
2025-07-29 19:00:00,0.0
2025-07-29 20:00:00,0.0
2025-07-29 21:00:00,0.0
2025-07-29 22:00:00,0.0
2025-07-29 23:00:00,0.0
2025-07-30 00:00:00,0.0
2025-07-30 01:00:00,0.0
2025-07-30 02:00:00,0.0
2025-07-30 03:00:00,0.0
2025-07-30 04:00:00,0.0
2025-07-30 05:00:00,0.0
2025-07-30 06:00:00,57.548
2025-07-30 07:00:00,1216.968
2025-07-30 08:00:00,3229.688
2025-07-30 09:00:00,4810.334
2025-07-30 10:00:00,5324.249
2025-07-30 11:00:00,5104.654
2025-07-30 12:00:00,6414.89
2025-07-30 13:00:00,6287.409
2025-07-30 14:00:00,5721.667
2025-07-30 15:00:00,4359.634
2025-07-30 16:00:00,3294.31
2025-07-30 17:00:00,1213.747
2025-07-30 18:00:00,31.105
2025-07-30 19:00:00,0.0
2025-07-30 20:00:00,0.0
2025-07-30 21:00:00,0.0
2025-07-30 22:00:00,0.0
2025-07-30 23:00:00,0.0
2025-07-31 00:00:00,0.0
2025-07-31 01:00:00,0.0
2025-07-31 02:00:00,0.0
2025-07-31 03:00:00,0.0
2025-07-31 04:00:00,0.0
2025-07-31 05:00:00,0.0
2025-07-31 06:00:00,77.533
2025-07-31 07:00:00,1565.98
2025-07-31 08:00:00,3836.28
2025-07-31 09:00:00,6037.711
2025-07-31 10:00:00,6319.761
2025-07-31 11:00:00,7673.845
2025-07-31 12:00:00,7700.516
2025-07-31 13:00:00,6243.188
2025-07-31 14:00:00,5529.593
2025-07-31 15:00:00,4989.285
2025-07-31 16:00:00,3320.946
2025-07-31 17:00:00,1163.858
2025-07-31 18:00:00,30.353
2025-07-31 19:00:00,0.0
2025-07-31 20:00:00,0.0
2025-07-31 21:00:00,0.0
2025-07-31 22:00:00,0.0
2025-07-31 23:00:00,0.0
2025-08-01 00:00:00,0.0
2025-08-01 01:00:00,0.0
2025-08-01 02:00:00,0.0
2025-08-01 03:00:00,0.0
2025-08-01 04:00:00,0.0
2025-08-01 05:00:00,0.0
2025-08-01 06:00:00,53.429
2025-08-01 07:00:00,1018.24
2025-08-01 08:00:00,2181.94
2025-08-01 09:00:00,3402.893
2025-08-01 10:00:00,5203.068
2025-08-01 11:00:00,5702.794
2025-08-01 12:00:00,4802.994
2025-08-01 13:00:00,4685.312
2025-08-01 14:00:00,3976.624
2025-08-01 15:00:00,2974.316
2025-08-01 16:00:00,1983.938
2025-08-01 17:00:00,971.982
2025-08-01 18:00:00,25.535
2025-08-01 19:00:00,0.0
2025-08-01 20:00:00,0.0
2025-08-01 21:00:00,0.0
2025-08-01 22:00:00,0.0
2025-08-01 23:00:00,0.0
2025-08-02 00:00:00,0.0
2025-08-02 01:00:00,0.0
2025-08-02 02:00:00,0.0
2025-08-02 03:00:00,0.0
2025-08-02 04:00:00,0.0
2025-08-02 05:00:00,0.0
2025-08-02 06:00:00,53.113
2025-08-02 07:00:00,1167.529
2025-08-02 08:00:00,3036.902
2025-08-02 09:00:00,5529.472
2025-08-02 10:00:00,6132.483
2025-08-02 11:00:00,5821.412
2025-08-02 12:00:00,5975.147
2025-08-02 13:00:00,6296.033
2025-08-02 14:00:00,5811.181
2025-08-02 15:00:00,4536.274
2025-08-02 16:00:00,2655.816
2025-08-02 17:00:00,1130.707
2025-08-02 18:00:00,22.999
2025-08-02 19:00:00,0.0
2025-08-02 20:00:00,0.0
2025-08-02 21:00:00,0.0
2025-08-02 22:00:00,0.0
2025-08-02 23:00:00,0.0
2025-08-03 00:00:00,0.0
2025-08-03 01:00:00,0.0
2025-08-03 02:00:00,0.0
2025-08-03 03:00:00,0.0
2025-08-03 04:00:00,0.0
2025-08-03 05:00:00,0.0
2025-08-03 06:00:00,64.189
2025-08-03 07:00:00,1178.618
2025-08-03 08:00:00,2146.925
2025-08-03 09:00:00,3182.243
2025-08-03 10:00:00,4196.252
2025-08-03 11:00:00,5264.468
2025-08-03 12:00:00,5157.022
2025-08-03 13:00:00,4781.741
2025-08-03 14:00:00,4660.766
2025-08-03 15:00:00,3205.592
2025-08-03 16:00:00,2061.026
2025-08-03 17:00:00,968.104
2025-08-03 18:00:00,19.78
2025-08-03 19:00:00,0.0
2025-08-03 20:00:00,0.0
2025-08-03 21:00:00,0.0
2025-08-03 22:00:00,0.0
2025-08-03 23:00:00,0.0
2025-08-04 00:00:00,0.0
2025-08-04 01:00:00,0.0
2025-08-04 02:00:00,0.0
2025-08-04 03:00:00,0.0
2025-08-04 04:00:00,0.0
2025-08-04 05:00:00,0.0
2025-08-04 06:00:00,51.341
2025-08-04 07:00:00,1005.832
2025-08-04 08:00:00,2120.524
2025-08-04 09:00:00,3221.416
2025-08-04 10:00:00,4158.207
2025-08-04 11:00:00,4374.547
2025-08-04 12:00:00,4320.877
2025-08-04 13:00:00,4004.839
2025-08-04 14:00:00,3670.678
2025-08-04 15:00:00,3053.527
2025-08-04 16:00:00,2172.681
2025-08-04 17:00:00,961.1
2025-08-04 18:00:00,19.515
2025-08-04 19:00:00,0.0
2025-08-04 20:00:00,0.0
2025-08-04 21:00:00,0.0
2025-08-04 22:00:00,0.0
2025-08-04 23:00:00,0.0
2025-08-05 00:00:00,0.0
2025-08-05 01:00:00,0.0
2025-08-05 02:00:00,0.0
2025-08-05 03:00:00,0.0
2025-08-05 04:00:00,0.0
2025-08-05 05:00:00,0.0
2025-08-05 06:00:00,44.812
2025-08-05 07:00:00,897.932
2025-08-05 08:00:00,1892.106
2025-08-05 09:00:00,2902.276
2025-08-05 10:00:00,3732.168
2025-08-05 11:00:00,4055.432
2025-08-05 12:00:00,4109.76
2025-08-05 13:00:00,3931.097
2025-08-05 14:00:00,3349.225
2025-08-05 15:00:00,2691.59
2025-08-05 16:00:00,1764.569
2025-08-05 17:00:00,782.154
2025-08-05 18:00:00,14.738
2025-08-05 19:00:00,0.0
2025-08-05 20:00:00,0.0
2025-08-05 21:00:00,0.0
2025-08-05 22:00:00,0.0
2025-08-05 23:00:00,0.0
2025-08-06 00:00:00,0.0
2025-08-06 01:00:00,0.0
2025-08-06 02:00:00,0.0
2025-08-06 03:00:00,0.0
2025-08-06 04:00:00,0.0
2025-08-06 05:00:00,0.0
2025-08-06 06:00:00,46.679
2025-08-06 07:00:00,934.744
2025-08-06 08:00:00,1951.394
2025-08-06 09:00:00,2939.009
2025-08-06 10:00:00,3930.838
2025-08-06 11:00:00,4933.98
2025-08-06 12:00:00,5458.226
2025-08-06 13:00:00,5114.548
2025-08-06 14:00:00,4601.385
2025-08-06 15:00:00,3499.223
2025-08-06 16:00:00,2249.42
2025-08-06 17:00:00,920.826
2025-08-06 18:00:00,15.655
2025-08-06 19:00:00,0.0
2025-08-06 20:00:00,0.0
2025-08-06 21:00:00,0.0
2025-08-06 22:00:00,0.0
2025-08-06 23:00:00,0.0
2025-08-07 00:00:00,0.0
2025-08-07 01:00:00,0.0
2025-08-07 02:00:00,0.0
2025-08-07 03:00:00,0.0
2025-08-07 04:00:00,0.0
2025-08-07 05:00:00,0.0
2025-08-07 06:00:00,51.641
2025-08-07 07:00:00,1053.1
2025-08-07 08:00:00,2051.688
2025-08-07 09:00:00,3287.568
2025-08-07 10:00:00,4201.249
2025-08-07 11:00:00,4768.197
2025-08-07 12:00:00,4400.816
2025-08-07 13:00:00,4319.615
2025-08-07 14:00:00,3686.024
2025-08-07 15:00:00,2946.526
2025-08-07 16:00:00,1803.694
2025-08-07 17:00:00,767.55
2025-08-07 18:00:00,12.823
2025-08-07 19:00:00,0.0
2025-08-07 20:00:00,0.0
2025-08-07 21:00:00,0.0
2025-08-07 22:00:00,0.0
2025-08-07 23:00:00,0.0
2025-08-08 00:00:00,0.0
2025-08-08 01:00:00,0.0
2025-08-08 02:00:00,0.0
2025-08-08 03:00:00,0.0
2025-08-08 04:00:00,0.0
2025-08-08 05:00:00,0.0
2025-08-08 06:00:00,55.233
2025-08-08 07:00:00,1142.32
2025-08-08 08:00:00,2899.511
2025-08-08 09:00:00,4071.798
2025-08-08 10:00:00,4331.965
2025-08-08 11:00:00,5563.272
2025-08-08 12:00:00,6283.157
2025-08-08 13:00:00,4862.231
2025-08-08 14:00:00,4224.472
2025-08-08 15:00:00,4489.677
2025-08-08 16:00:00,3015.308
2025-08-08 17:00:00,1373.582
2025-08-08 18:00:00,18.362
2025-08-08 19:00:00,0.0
2025-08-08 20:00:00,0.0
2025-08-08 21:00:00,0.0
2025-08-08 22:00:00,0.0
2025-08-08 23:00:00,0.0
2025-08-09 00:00:00,0.0
2025-08-09 01:00:00,0.0
2025-08-09 02:00:00,0.0
2025-08-09 03:00:00,0.0
2025-08-09 04:00:00,0.0
2025-08-09 05:00:00,0.0
2025-08-09 06:00:00,62.069
2025-08-09 07:00:00,1629.431
2025-08-09 08:00:00,3006.226
2025-08-09 09:00:00,4503.851
2025-08-09 10:00:00,5477.446
2025-08-09 11:00:00,6924.614
2025-08-09 12:00:00,5999.273
2025-08-09 13:00:00,6273.994
2025-08-09 14:00:00,6337.407
2025-08-09 15:00:00,5324.205
2025-08-09 16:00:00,3553.338
2025-08-09 17:00:00,1509.253
2025-08-09 18:00:00,19.915
2025-08-09 19:00:00,0.0
2025-08-09 20:00:00,0.0
2025-08-09 21:00:00,0.0
2025-08-09 22:00:00,0.0
2025-08-09 23:00:00,0.0
2025-08-10 00:00:00,0.0
2025-08-10 01:00:00,0.0
2025-08-10 02:00:00,0.0
2025-08-10 03:00:00,0.0
2025-08-10 04:00:00,0.0
2025-08-10 05:00:00,0.0
2025-08-10 06:00:00,61.897
2025-08-10 07:00:00,1417.667
2025-08-10 08:00:00,3467.124
2025-08-10 09:00:00,4535.508
2025-08-10 10:00:00,6021.597
2025-08-10 11:00:00,7405.539
2025-08-10 12:00:00,6372.988
2025-08-10 13:00:00,5724.633
2025-08-10 14:00:00,6640.105
2025-08-10 15:00:00,5529.226
2025-08-10 16:00:00,3305.195
2025-08-10 17:00:00,1383.776
2025-08-10 18:00:00,15.88
2025-08-10 19:00:00,0.0
2025-08-10 20:00:00,0.0
2025-08-10 21:00:00,0.0
2025-08-10 22:00:00,0.0
2025-08-10 23:00:00,0.0
2025-08-11 00:00:00,0.0
2025-08-11 01:00:00,0.0
2025-08-11 02:00:00,0.0
2025-08-11 03:00:00,0.0
2025-08-11 04:00:00,0.0
2025-08-11 05:00:00,0.0
2025-08-11 06:00:00,75.524
2025-08-11 07:00:00,1561.946
2025-08-11 08:00:00,2857.479
2025-08-11 09:00:00,4034.315
2025-08-11 10:00:00,5330.894
2025-08-11 11:00:00,6494.291
2025-08-11 12:00:00,6905.877
2025-08-11 13:00:00,8333.55
2025-08-11 14:00:00,6934.978
2025-08-11 15:00:00,5177.53
2025-08-11 16:00:00,3759.204
2025-08-11 17:00:00,1524.076
2025-08-11 18:00:00,14.949
2025-08-11 19:00:00,0.0
2025-08-11 20:00:00,0.0
2025-08-11 21:00:00,0.0
2025-08-11 22:00:00,0.0
2025-08-11 23:00:00,0.0
2025-08-12 00:00:00,0.0
2025-08-12 01:00:00,0.0
2025-08-12 02:00:00,0.0
2025-08-12 03:00:00,0.0
2025-08-12 04:00:00,0.0
2025-08-12 05:00:00,0.0
2025-08-12 06:00:00,61.617
2025-08-12 07:00:00,1514.545
2025-08-12 08:00:00,3339.01
2025-08-12 09:00:00,4930.275
2025-08-12 10:00:00,7497.27
2025-08-12 11:00:00,8390.333
2025-08-12 12:00:00,8323.998
2025-08-12 13:00:00,7143.66
2025-08-12 14:00:00,6899.546
2025-08-12 15:00:00,4936.446
2025-08-12 16:00:00,3536.299
2025-08-12 17:00:00,1386.586
2025-08-12 18:00:00,10.447
2025-08-12 19:00:00,0.0
2025-08-12 20:00:00,0.0
2025-08-12 21:00:00,0.0
2025-08-12 22:00:00,0.0
2025-08-12 23:00:00,0.0
2025-08-13 00:00:00,0.0
2025-08-13 01:00:00,0.0
2025-08-13 02:00:00,0.0
2025-08-13 03:00:00,0.0
2025-08-13 04:00:00,0.0
2025-08-13 05:00:00,0.0
2025-08-13 06:00:00,58.785
2025-08-13 07:00:00,1600.047
2025-08-13 08:00:00,3751.525
2025-08-13 09:00:00,4848.233
2025-08-13 10:00:00,6164.736
2025-08-13 11:00:00,7784.874
2025-08-13 12:00:00,8176.938
2025-08-13 13:00:00,7230.336
2025-08-13 14:00:00,5984.214
2025-08-13 15:00:00,4675.123
2025-08-13 16:00:00,2868.466
2025-08-13 17:00:00,1329.089
2025-08-13 18:00:00,9.922
2025-08-13 19:00:00,0.0
2025-08-13 20:00:00,0.0
2025-08-13 21:00:00,0.0
2025-08-13 22:00:00,0.0
2025-08-13 23:00:00,0.0
2025-08-14 00:00:00,0.0
2025-08-14 01:00:00,0.0
2025-08-14 02:00:00,0.0
2025-08-14 03:00:00,0.0
2025-08-14 04:00:00,0.0
2025-08-14 05:00:00,0.0
2025-08-14 06:00:00,71.401
2025-08-14 07:00:00,1693.262
2025-08-14 08:00:00,3697.644
2025-08-14 09:00:00,6151.473
2025-08-14 10:00:00,8077.192
2025-08-14 11:00:00,8915.973
2025-08-14 12:00:00,9369.214
2025-08-14 13:00:00,9021.732
2025-08-14 14:00:00,7798.045
2025-08-14 15:00:00,5904.548
2025-08-14 16:00:00,3716.475
2025-08-14 17:00:00,1460.311
2025-08-14 18:00:00,10.472
2025-08-14 19:00:00,0.0
2025-08-14 20:00:00,0.0
2025-08-14 21:00:00,0.0
2025-08-14 22:00:00,0.0
2025-08-14 23:00:00,0.0
2025-08-15 00:00:00,0.0
2025-08-15 01:00:00,0.0
2025-08-15 02:00:00,0.0
2025-08-15 03:00:00,0.0
2025-08-15 04:00:00,0.0
2025-08-15 05:00:00,0.0
2025-08-15 06:00:00,57.516
2025-08-15 07:00:00,1398.814
2025-08-15 08:00:00,2883.999
2025-08-15 09:00:00,4516.096
2025-08-15 10:00:00,5808.535
2025-08-15 11:00:00,8496.739
2025-08-15 12:00:00,8528.781
2025-08-15 13:00:00,8065.394
2025-08-15 14:00:00,7450.177
2025-08-15 15:00:00,5638.669
2025-08-15 16:00:00,3741.082
2025-08-15 17:00:00,1448.157
2025-08-15 18:00:00,8.651
2025-08-15 19:00:00,0.0
2025-08-15 20:00:00,0.0
2025-08-15 21:00:00,0.0
2025-08-15 22:00:00,0.0
2025-08-15 23:00:00,0.0
2025-08-16 00:00:00,0.0
2025-08-16 01:00:00,0.0
2025-08-16 02:00:00,0.0
2025-08-16 03:00:00,0.0
2025-08-16 04:00:00,0.0
2025-08-16 05:00:00,0.0
2025-08-16 06:00:00,73.311
2025-08-16 07:00:00,1821.677
2025-08-16 08:00:00,3993.055
2025-08-16 09:00:00,5709.114
2025-08-16 10:00:00,7044.013
2025-08-16 11:00:00,8546.787
2025-08-16 12:00:00,9006.277
2025-08-16 13:00:00,8464.187
2025-08-16 14:00:00,7475.967
2025-08-16 15:00:00,5743.757
2025-08-16 16:00:00,3588.008
2025-08-16 17:00:00,1152.23
2025-08-16 18:00:00,6.245
2025-08-16 19:00:00,0.0
2025-08-16 20:00:00,0.0
2025-08-16 21:00:00,0.0
2025-08-16 22:00:00,0.0
2025-08-16 23:00:00,0.0
2025-08-17 00:00:00,0.0
2025-08-17 01:00:00,0.0
2025-08-17 02:00:00,0.0
2025-08-17 03:00:00,0.0
2025-08-17 04:00:00,0.0
2025-08-17 05:00:00,0.0
2025-08-17 06:00:00,68.97
2025-08-17 07:00:00,1798.361
2025-08-17 08:00:00,3998.17
2025-08-17 09:00:00,6315.808
2025-08-17 10:00:00,7943.341
2025-08-17 11:00:00,8846.892
2025-08-17 12:00:00,8820.526
2025-08-17 13:00:00,8601.397
2025-08-17 14:00:00,7447.777
2025-08-17 15:00:00,5788.436
2025-08-17 16:00:00,3517.979
2025-08-17 17:00:00,1344.753
2025-08-17 18:00:00,5.969
2025-08-17 19:00:00,0.0
2025-08-17 20:00:00,0.0
2025-08-17 21:00:00,0.0
2025-08-17 22:00:00,0.0
2025-08-17 23:00:00,0.0
2025-08-18 00:00:00,0.0
2025-08-18 01:00:00,0.0
2025-08-18 02:00:00,0.0
2025-08-18 03:00:00,0.0
2025-08-18 04:00:00,0.0
2025-08-18 05:00:00,0.0
2025-08-18 06:00:00,55.265
2025-08-18 07:00:00,1539.877
2025-08-18 08:00:00,3189.324
2025-08-18 09:00:00,4587.239
2025-08-18 10:00:00,6732.629
2025-08-18 11:00:00,7357.019
2025-08-18 12:00:00,6883.199
2025-08-18 13:00:00,7604.207
2025-08-18 14:00:00,7031.886
2025-08-18 15:00:00,4756.692
2025-08-18 16:00:00,2706.174
2025-08-18 17:00:00,1004.154
2025-08-18 18:00:00,3.462
2025-08-18 19:00:00,0.0
2025-08-18 20:00:00,0.0
2025-08-18 21:00:00,0.0
2025-08-18 22:00:00,0.0
2025-08-18 23:00:00,0.0
2025-08-19 00:00:00,0.0
2025-08-19 01:00:00,0.0
2025-08-19 02:00:00,0.0
2025-08-19 03:00:00,0.0
2025-08-19 04:00:00,0.0
2025-08-19 05:00:00,0.0
2025-08-19 06:00:00,64.285
2025-08-19 07:00:00,1630.068
2025-08-19 08:00:00,3435.293
2025-08-19 09:00:00,4625.131
2025-08-19 10:00:00,6677.571
2025-08-19 11:00:00,7309.234
2025-08-19 12:00:00,7823.765
2025-08-19 13:00:00,6992.131
2025-08-19 14:00:00,5985.222
2025-08-19 15:00:00,4900.045
2025-08-19 16:00:00,2955.192
2025-08-19 17:00:00,1187.943
2025-08-19 18:00:00,3.536
2025-08-19 19:00:00,0.0
2025-08-19 20:00:00,0.0
2025-08-19 21:00:00,0.0
2025-08-19 22:00:00,0.0
2025-08-19 23:00:00,0.0
2025-08-20 00:00:00,0.0
2025-08-20 01:00:00,0.0
2025-08-20 02:00:00,0.0
2025-08-20 03:00:00,0.0
2025-08-20 04:00:00,0.0
2025-08-20 05:00:00,0.0
2025-08-20 06:00:00,46.803
2025-08-20 07:00:00,1496.293
2025-08-20 08:00:00,3860.158
2025-08-20 09:00:00,6207.749
2025-08-20 10:00:00,6252.408
2025-08-20 11:00:00,6974.807
2025-08-20 12:00:00,6488.223
2025-08-20 13:00:00,6505.737
2025-08-20 14:00:00,5483.807
2025-08-20 15:00:00,5376.64
2025-08-20 16:00:00,2788.933
2025-08-20 17:00:00,932.21
2025-08-20 18:00:00,1.919
2025-08-20 19:00:00,0.0
2025-08-20 20:00:00,0.0
2025-08-20 21:00:00,0.0
2025-08-20 22:00:00,0.0
2025-08-20 23:00:00,0.0
2025-08-21 00:00:00,0.0
2025-08-21 01:00:00,0.0
2025-08-21 02:00:00,0.0
2025-08-21 03:00:00,0.0
2025-08-21 04:00:00,0.0
2025-08-21 05:00:00,0.0
2025-08-21 06:00:00,66.487
2025-08-21 07:00:00,1740.553
2025-08-21 08:00:00,3993.14
2025-08-21 09:00:00,5672.227
2025-08-21 10:00:00,6807.826
2025-08-21 11:00:00,8429.06
2025-08-21 12:00:00,7644.254
2025-08-21 13:00:00,7316.377
2025-08-21 14:00:00,7040.787
2025-08-21 15:00:00,5468.781
2025-08-21 16:00:00,3639.814
2025-08-21 17:00:00,1429.356
2025-08-21 18:00:00,2.604
2025-08-21 19:00:00,0.0
2025-08-21 20:00:00,0.0
2025-08-21 21:00:00,0.0
2025-08-21 22:00:00,0.0
2025-08-21 23:00:00,0.0
2025-08-22 00:00:00,0.0
2025-08-22 01:00:00,0.0
2025-08-22 02:00:00,0.0
2025-08-22 03:00:00,0.0
2025-08-22 04:00:00,0.0
2025-08-22 05:00:00,0.0
2025-08-22 06:00:00,61.804
2025-08-22 07:00:00,1762.742
2025-08-22 08:00:00,3991.782
2025-08-22 09:00:00,5494.028
2025-08-22 10:00:00,7139.807
2025-08-22 11:00:00,7995.748
2025-08-22 12:00:00,8253.556
2025-08-22 13:00:00,8085.611
2025-08-22 14:00:00,6242.028
2025-08-22 15:00:00,5219.312
2025-08-22 16:00:00,3124.791
2025-08-22 17:00:00,1190.48
2025-08-22 18:00:00,1.629
2025-08-22 19:00:00,0.0
2025-08-22 20:00:00,0.0
2025-08-22 21:00:00,0.0
2025-08-22 22:00:00,0.0
2025-08-22 23:00:00,0.0
2025-08-23 00:00:00,0.0
2025-08-23 01:00:00,0.0
2025-08-23 02:00:00,0.0
2025-08-23 03:00:00,0.0
2025-08-23 04:00:00,0.0
2025-08-23 05:00:00,0.0
2025-08-23 06:00:00,38.483
2025-08-23 07:00:00,1162.507
2025-08-23 08:00:00,2617.79
2025-08-23 09:00:00,4067.979
2025-08-23 10:00:00,5534.477
2025-08-23 11:00:00,6792.448
2025-08-23 12:00:00,7067.022
2025-08-23 13:00:00,5905.648
2025-08-23 14:00:00,5767.68
2025-08-23 15:00:00,4970.79
2025-08-23 16:00:00,2953.083
2025-08-23 17:00:00,1051.633
2025-08-23 18:00:00,0.959
2025-08-23 19:00:00,0.0
2025-08-23 20:00:00,0.0
2025-08-23 21:00:00,0.0
2025-08-23 22:00:00,0.0
2025-08-23 23:00:00,0.0
2025-08-24 00:00:00,0.0
2025-08-24 01:00:00,0.0
2025-08-24 02:00:00,0.0
2025-08-24 03:00:00,0.0
2025-08-24 04:00:00,0.0
2025-08-24 05:00:00,0.0
2025-08-24 06:00:00,63.95
2025-08-24 07:00:00,1735.439
2025-08-24 08:00:00,3954.169
2025-08-24 09:00:00,6009.952
2025-08-24 10:00:00,6971.323
2025-08-24 11:00:00,7260.342
2025-08-24 12:00:00,8471.692
2025-08-24 13:00:00,7737.992
2025-08-24 14:00:00,5592.449
2025-08-24 15:00:00,4463.887
2025-08-24 16:00:00,2705.873
2025-08-24 17:00:00,967.68
2025-08-24 18:00:00,0.704
2025-08-24 19:00:00,0.0
2025-08-24 20:00:00,0.0
2025-08-24 21:00:00,0.0
2025-08-24 22:00:00,0.0
2025-08-24 23:00:00,0.0
2025-08-25 00:00:00,0.0
2025-08-25 01:00:00,0.0
2025-08-25 02:00:00,0.0
2025-08-25 03:00:00,0.0
2025-08-25 04:00:00,0.0
2025-08-25 05:00:00,0.0
2025-08-25 06:00:00,52.326
2025-08-25 07:00:00,1455.308
2025-08-25 08:00:00,3809.037
2025-08-25 09:00:00,6249.784
2025-08-25 10:00:00,7850.698
2025-08-25 11:00:00,8564.352
2025-08-25 12:00:00,8787.937
2025-08-25 13:00:00,8170.801
2025-08-25 14:00:00,7206.768
2025-08-25 15:00:00,5502.565
2025-08-25 16:00:00,3462.892
2025-08-25 17:00:00,1118.761
2025-08-25 18:00:00,0.541
2025-08-25 19:00:00,0.0
2025-08-25 20:00:00,0.0
2025-08-25 21:00:00,0.0
2025-08-25 22:00:00,0.0
2025-08-25 23:00:00,0.0
2025-08-26 00:00:00,0.0
2025-08-26 01:00:00,0.0
2025-08-26 02:00:00,0.0
2025-08-26 03:00:00,0.0
2025-08-26 04:00:00,0.0
2025-08-26 05:00:00,0.0
2025-08-26 06:00:00,65.026
2025-08-26 07:00:00,1905.724
2025-08-26 08:00:00,4147.892
2025-08-26 09:00:00,6444.593
2025-08-26 10:00:00,8178.693
2025-08-26 11:00:00,9085.258
2025-08-26 12:00:00,9156.471
2025-08-26 13:00:00,8745.426
2025-08-26 14:00:00,7652.63
2025-08-26 15:00:00,5880.938
2025-08-26 16:00:00,3438.957
2025-08-26 17:00:00,1295.121
2025-08-26 18:00:00,0.498
2025-08-26 19:00:00,0.0
2025-08-26 20:00:00,0.0
2025-08-26 21:00:00,0.0
2025-08-26 22:00:00,0.0
2025-08-26 23:00:00,0.0
2025-08-27 00:00:00,0.0
2025-08-27 01:00:00,0.0
2025-08-27 02:00:00,0.0
2025-08-27 03:00:00,0.0
2025-08-27 04:00:00,0.0
2025-08-27 05:00:00,0.0
2025-08-27 06:00:00,57.013
2025-08-27 07:00:00,1631.012
2025-08-27 08:00:00,3770.955
2025-08-27 09:00:00,6085.252
2025-08-27 10:00:00,6667.91
2025-08-27 11:00:00,6714.334
2025-08-27 12:00:00,6869.16
2025-08-27 13:00:00,7685.849
2025-08-27 14:00:00,6282.251
2025-08-27 15:00:00,5006.251
2025-08-27 16:00:00,3454.982
2025-08-27 17:00:00,1202.133
2025-08-27 18:00:00,0.309
2025-08-27 19:00:00,0.0
2025-08-27 20:00:00,0.0
2025-08-27 21:00:00,0.0
2025-08-27 22:00:00,0.0
2025-08-27 23:00:00,0.0
2025-08-28 00:00:00,0.0
2025-08-28 01:00:00,0.0
2025-08-28 02:00:00,0.0
2025-08-28 03:00:00,0.0
2025-08-28 04:00:00,0.0
2025-08-28 05:00:00,0.0
2025-08-28 06:00:00,63.462
2025-08-28 07:00:00,1929.227
2025-08-28 08:00:00,4352.579
2025-08-28 09:00:00,6551.796
2025-08-28 10:00:00,8236.975
2025-08-28 11:00:00,9303.699
2025-08-28 12:00:00,9616.673
2025-08-28 13:00:00,9136.95
2025-08-28 14:00:00,7891.898
2025-08-28 15:00:00,6029.202
2025-08-28 16:00:00,3703.033
2025-08-28 17:00:00,1277.058
2025-08-28 18:00:00,0.203
2025-08-28 19:00:00,0.0
2025-08-28 20:00:00,0.0
2025-08-28 21:00:00,0.0
2025-08-28 22:00:00,0.0
2025-08-28 23:00:00,0.0
2025-08-29 00:00:00,0.0
2025-08-29 01:00:00,0.0
2025-08-29 02:00:00,0.0
2025-08-29 03:00:00,0.0
2025-08-29 04:00:00,0.0
2025-08-29 05:00:00,0.0
2025-08-29 06:00:00,63.641
2025-08-29 07:00:00,1841.962
2025-08-29 08:00:00,4341.61
2025-08-29 09:00:00,6703.554
2025-08-29 10:00:00,8422.203
2025-08-29 11:00:00,9469.199
2025-08-29 12:00:00,9713.965
2025-08-29 13:00:00,9238.24
2025-08-29 14:00:00,7964.114
2025-08-29 15:00:00,6086.466
2025-08-29 16:00:00,3727.86
2025-08-29 17:00:00,1266.199
2025-08-29 18:00:00,0.119
2025-08-29 19:00:00,0.0
2025-08-29 20:00:00,0.0
2025-08-29 21:00:00,0.0
2025-08-29 22:00:00,0.0
2025-08-29 23:00:00,0.0
2025-08-30 00:00:00,0.0
2025-08-30 01:00:00,0.0
2025-08-30 02:00:00,0.0
2025-08-30 03:00:00,0.0
2025-08-30 04:00:00,0.0
2025-08-30 05:00:00,0.0
2025-08-30 06:00:00,62.501
2025-08-30 07:00:00,1889.283
2025-08-30 08:00:00,3880.889
2025-08-30 09:00:00,5960.429
2025-08-30 10:00:00,8125.458
2025-08-30 11:00:00,9067.739
2025-08-30 12:00:00,9109.919
2025-08-30 13:00:00,8635.23
2025-08-30 14:00:00,7537.687
2025-08-30 15:00:00,5380.311
2025-08-30 16:00:00,3078.125
2025-08-30 17:00:00,1195.959
2025-08-30 18:00:00,0.061
2025-08-30 19:00:00,0.0
2025-08-30 20:00:00,0.0
2025-08-30 21:00:00,0.0
2025-08-30 22:00:00,0.0
2025-08-30 23:00:00,0.0
2025-08-31 00:00:00,0.0
2025-08-31 01:00:00,0.0
2025-08-31 02:00:00,0.0
2025-08-31 03:00:00,0.0
2025-08-31 04:00:00,0.0
2025-08-31 05:00:00,0.0
2025-08-31 06:00:00,42.315
2025-08-31 07:00:00,1245.045
2025-08-31 08:00:00,3121.242
2025-08-31 09:00:00,6196.557
2025-08-31 10:00:00,7136.36
2025-08-31 11:00:00,7808.68
2025-08-31 12:00:00,6507.046
2025-08-31 13:00:00,6071.565
2025-08-31 14:00:00,5363.668
2025-08-31 15:00:00,4348.316
2025-08-31 16:00:00,2822.179
2025-08-31 17:00:00,1128.685
2025-08-31 18:00:00,0.028
2025-08-31 19:00:00,0.0
2025-08-31 20:00:00,0.0
2025-08-31 21:00:00,0.0
2025-08-31 22:00:00,0.0
2025-08-31 23:00:00,0.0
