fold,model,target,bucket,n_hours,mae_pct,rmse_pct,bias_kw,mae_pct_of_mean,n_days,daily_energy_err_pct,skill_vs_B0
F1,B0,ac_power_kw,all,725,7.428140295337401,10.180681611080152,-417.80157454800445,17.21589539247436,57,14.733941888713824,0.0
F1,B0,ac_power_kw,0-0.3,23,10.720600207506138,13.718561862792864,-1060.621933794092,25.116934990002193,1,27.195060947295513,0.0
F1,B0,ac_power_kw,0.3-0.7,278,9.574310749459544,12.426437634828485,-927.0353280880412,19.935035710910824,23,17.572696171490065,0.0
F1,B0,ac_power_kw,0.7-1,424,5.842380945748163,8.109979592242615,-49.047207220669065,14.61612004759833,33,11.965475523838592,0.0
F1,B0,ac_power_clean,all,725,7.505823438598301,10.314884882476129,-427.048503764936,17.358736516567465,57,14.858804720732456,0.0
F1,B0,ac_power_clean,0-0.3,23,11.167487988805524,14.308451691216925,-1105.532946691859,25.89150170392622,1,28.44136322240529,0.0
F1,B0,ac_power_clean,0.3-0.7,278,9.728605718124854,12.651538377856847,-942.7348349822845,20.19029997904644,23,17.83996389718676,0.0
F1,B0,ac_power_clean,0.7-1,424,5.849805140572012,8.116459154038475,-52.12882860988383,14.623419651921663,33,11.915637082882741,0.0
F1,B1,ac_power_kw,all,725,10.257627675741311,15.195202462249243,994.4981835227456,23.773681974122034,57,23.197046326394823,-0.3809146391836411
F1,B1,ac_power_kw,0-0.3,23,1.4211542955056393,1.7907356416702904,-42.24008830972548,3.3295747775376663,1,1.8209410915057047,0.867437058746897
F1,B1,ac_power_kw,0.3-0.7,278,5.152098882796066,7.772665767665033,469.7511777788945,10.72738058146703,23,13.135520269207335,0.46188305167691635
F1,B1,ac_power_kw,0.7-1,424,14.084457610138008,18.842028208856455,1394.7921642985416,35.23565565934266,33,32.08309223511162,-1.410739344271633
F1,B1,ac_power_clean,all,725,10.24446134763923,15.170346988290342,985.2512543058139,23.69239121364659,57,23.09945494653376,-0.36486841602982945
F1,B1,ac_power_clean,0-0.3,23,1.867462333932428,2.274795424208215,-87.15110120749264,4.329658043912628,1,3.5016070748562926,0.8327768665787325
F1,B1,ac_power_clean,0.3-0.7,278,5.1278321167013905,7.740501680933145,454.051670884651,10.642066466472565,23,12.969283757696395,0.47291191921284303
F1,B1,ac_power_clean,0.7-1,424,14.053645082346723,18.81360879164274,1391.7105429093265,35.13148638968608,33,32.002957306378796,-1.4024125153974811
F1,B2a,ac_power_kw,all,725,4.978322565141935,7.552219244192893,-311.0399164610638,11.538053550937304,57,10.638354788363403,0.3298022967785357
F1,B2a,ac_power_kw,0-0.3,23,1.303795245734071,1.6565499126149077,19.546233399228303,3.0546181924075673,1,1.081520768161432,0.8783841183797522
F1,B2a,ac_power_kw,0.3-0.7,278,3.099150535443421,4.597440888546859,11.310613446110468,6.4528589278387996,23,6.4073187463377765,0.676305624859903
F1,B2a,ac_power_kw,0.7-1,424,6.409746981657425,9.138873400926,-540.3251258030004,16.03552254270862,33,14.398162768157222,-0.09711212623376886
F1,B2a,ac_power_clean,all,725,5.049965873282809,7.591742643954587,-320.2868456779954,11.679068623061607,57,10.821778382626668,0.3271936231122057
F1,B2a,ac_power_clean,0-0.3,23,1.663375386058639,2.0719882605933506,-25.364779498538866,3.8564882886444614,1,2.77484442615933,0.8510519655157871
F1,B2a,ac_power_clean,0.3-0.7,278,3.2282389938713134,4.707421996567662,-4.388893448132987,6.69973843927965,23,6.696701764587829,0.6681704359899229
F1,B2a,ac_power_clean,0.7-1,424,6.428106565930337,9.153548747498865,-543.4067471922153,16.06906514354095,33,14.450097478420993,-0.09885823740477218
F1,B2b,ac_power_kw,all,725,4.205827140430121,6.1881430978951135,162.68663408987334,9.74767266228453,57,8.63727407582601,0.4337981011115133
F1,B2b,ac_power_kw,0-0.3,23,1.3158586142731081,1.7332888734991727,27.38246109189947,3.0828810543267435,1,0.7458596442458418,0.8772588671526249
F1,B2b,ac_power_kw,0.3-0.7,278,3.721734428338916,5.654415398162126,289.69572068578265,7.749164475327967,23,7.918211886137608,0.6112791274767218
F1,B2b,ac_power_kw,0.7-1,424,4.679994711333344,6.659699754210151,86.75142160235119,11.708131523459542,33,9.530993962367642,0.19895762450422794
F1,B2b,ac_power_clean,all,725,4.218024537468679,6.183506598917339,153.43970487294177,9.75503582855511,57,8.665422137825065,0.4380330723238558
F1,B2b,ac_power_clean,0-0.3,23,1.675438754597677,2.1191782408707573,-17.528551805867714,3.884456863797323,1,2.444929275358271,0.8499717433072537
F1,B2b,ac_power_clean,0.3-0.7,278,3.746543699221104,5.660615156916671,273.9962137915393,7.775404139459818,23,7.964354558196632,0.6148940754952053
F1,B2b,ac_power_clean,0.7-1,424,4.6650791271829695,6.642806737060552,83.66980021313641,11.6618260176007,33,9.482632523525602,0.2025240131798982
F1,B1_defTL,ac_power_kw,all,725,9.671194929930438,14.41249294419445,925.7453717638741,22.414530907341742,57,21.819601330486233,-0.3019671876688961
F1,B1_defTL,ac_power_kw,0-0.3,23,1.6931283342370462,2.0680929268041606,-95.01350506698563,3.966773639314284,1,3.2931185750694163,0.8420677665928084
F1,B1_defTL,ac_power_kw,0.3-0.7,278,4.684064466570916,7.113842856171898,400.676888533027,9.752868363769233,23,11.958172503615158,0.5107674495696387
F1,B1_defTL,ac_power_kw,0.7-1,424,13.373831251899526,17.937911477455092,1325.3833257857736,33.45785303786859,33,30.430378886096797,-1.2891063379960586
F1,B1_defTL,ac_power_clean,all,725,9.674358852168048,14.394481347187096,916.4984425469427,22.373913755806207,57,21.793872747266803,-0.28891372563044415
F1,B1_defTL,ac_power_clean,0-0.3,23,2.139436372663836,2.671943351242361,-139.92451796475277,4.960222078930779,1,4.948583271652871,0.8084227737868674
F1,B1_defTL,ac_power_clean,0.3-0.7,278,4.702388526766117,7.108341720306756,384.9773816387835,9.759120445857059,23,11.954540161893137,0.5166431179336064
F1,B1_defTL,ac_power_clean,0.7-1,424,13.343016794362233,17.910262422670645,1322.301704396559,33.355048470472305,33,30.351246660012713,-1.2809335479946453
F1,B2a_defTL,ac_power_kw,all,725,5.244316967155946,7.921330315096776,-365.750104997192,12.154537841484615,57,11.185971335837579,0.29399327979201306
F1,B2a_defTL,ac_power_kw,0-0.3,23,1.7240574801308368,2.0021170856558936,-38.70581586015444,4.039236498825333,1,2.6925611925773607,0.8391827466037097
F1,B2a_defTL,ac_power_kw,0.3-0.7,278,3.287352817295913,4.780166976115762,-58.26058152537967,6.844722040263484,23,6.670415412920733,0.6566486190683252
F1,B2a_defTL,ac_power_kw,0.7-1,424,6.718378292303746,9.596508893744218,-585.099412014446,16.807637940308148,33,15.12926438595683,-0.14993841632204719
F1,B2a_defTL,ac_power_clean,all,725,5.320515507337643,7.973601048306671,-374.9970342141236,12.304769433989376,57,11.3682238304188,0.29114832624796727
F1,B2a_defTL,ac_power_clean,0-0.3,23,2.0836376204554057,2.5612205102157097,-83.61682875792161,4.830854266820326,1,4.358306455862369,0.8134193094683353
F1,B2a_defTL,ac_power_clean,0.3-0.7,278,3.4242423378909663,4.9301705228886865,-73.96008841962313,7.106514746934946,23,6.958935225374752,0.6480233203909744
F1,B2a_defTL,ac_power_clean,0.7-1,424,6.739412046263276,9.613543319943783,-588.1810334036608,16.847270668247788,33,15.180755536223272,-0.1520746220282263
F1,B2b_defTL,ac_power_kw,all,725,4.101415368253642,5.887037164660384,88.40409605628209,9.505681790267555,57,8.3171836434988,0.44785434776614597
F1,B2b_defTL,ac_power_kw,0-0.3,23,1.7320801897405806,2.0098318964291093,-31.247845232452224,4.058032636337345,1,2.3820237998544362,0.8384344014127262
F1,B2b_defTL,ac_power_kw,0.3-0.7,278,3.4229914932120495,5.0665395270826155,192.19020484186075,7.12714047422976,23,6.999539012767946,0.6424816801141249
F1,B2b_defTL,ac_power_kw,0.7-1,424,4.674756279497423,6.4969799367586,26.846210224324587,11.695026327258548,33,9.608347781541866,0.19985425070586804
F1,B2b_defTL,ac_power_clean,all,725,4.140047060668281,5.906462799500066,79.15716683935052,9.57469712420402,57,8.417430205421201,0.4484220026575222
F1,B2b_defTL,ac_power_clean,0-0.3,23,2.0916603300651495,2.5550857404613185,-76.15885813021941,4.849454689738982,1,4.053084958792857,0.8127009107006101
F1,B2b_defTL,ac_power_clean,0.3-0.7,278,3.516748919660839,5.125491443263693,176.4906979476173,7.298498643711669,23,7.21318843002061,0.6385146010071137
F1,B2b_defTL,ac_power_clean,0.7-1,424,4.659834272941725,6.486410084836351,23.7645888351098,11.648714862145122,33,9.559939412069406,0.20342059932511314
F1,B2b_dryTL,ac_power_kw,all,725,4.380315057566784,6.587085270965226,253.98006335294164,10.152076134653125,57,9.1543440152741,0.4103079797353476
F1,B2b_dryTL,ac_power_kw,0-0.3,23,1.374338797309116,1.754245753868055,-4.185251096762045,3.21989231555169,1,1.3807163519579073,0.8718039316169203
F1,B2b_dryTL,ac_power_kw,0.3-0.7,278,3.887341262639011,5.939200440420036,317.0674501489114,8.093980749014262,23,8.440138091191232,0.5939821294333437
F1,B2b_dryTL,ac_power_kw,0.7-1,424,4.866598474962649,7.134249532134026,226.62041406771425,12.174965685056707,33,10.039406708559422,0.1670179469374804
F1,B2b_dryTL,ac_power_clean,all,725,4.391507234101798,6.57650123373629,244.73313413601008,10.156249692120266,57,9.148692120385627,0.41491999245296607
F1,B2b_dryTL,ac_power_clean,0-0.3,23,1.747827364809037,2.222641322487074,-49.096263994529224,4.05228778750291,1,3.0689182676449107,0.8434896579641645
F1,B2b_dryTL,ac_power_clean,0.3-0.7,278,3.9106997594159054,5.938859977302105,301.367943254668,8.116086061899805,23,8.42525105174277,0.5980205311301612
F1,B2b_dryTL,ac_power_clean,0.7-1,424,4.850160807112203,7.110618218918892,223.53879267849948,12.124495629741519,33,9.97796201958297,0.17088506530357028
F2,B0,ac_power_kw,all,725,7.127024649223414,10.210419147461053,115.04100192996567,16.518012038307006,57,13.135077478060959,0.0
F2,B0,ac_power_kw,0-0.3,23,8.299075794236598,10.832236464985593,-813.2749020781221,19.443626584917784,1,21.32447243635506,0.0
F2,B0,ac_power_kw,0.3-0.7,278,6.421139113362333,8.596225933991343,-434.8636341698005,13.369697399557468,23,11.80100364903834,0.0
F2,B0,ac_power_kw,0.7-1,424,7.526267579964163,11.1106761755564,525.9484420901567,18.828767155137395,33,13.865215695644634,0.0
F2,B0,ac_power_clean,all,725,7.19093182769003,10.303179853423284,105.7940727130341,16.63048590559187,57,13.25641778770124,0.0
F2,B0,ac_power_clean,0-0.3,23,8.745963575535985,11.41955722871173,-858.1859149758893,20.27726656571827,1,22.671269649206927,0.0
F2,B0,ac_power_clean,0.3-0.7,278,6.567388017326364,8.836163793124344,-450.5631410640439,13.629654442833349,23,12.087207982724083,0.0
F2,B0,ac_power_clean,0.7-1,424,7.515411660427397,11.101778080098335,522.866820700942,18.787124686452163,33,13.801449884976243,0.0
F2,B1,ac_power_kw,all,725,9.772948018805911,14.66571159326743,934.3378478840369,22.650359858370155,57,21.947391134396405,-0.3712521704089806
F2,B1,ac_power_kw,0-0.3,23,1.6951540596089385,2.006257725105403,-91.36689403918248,3.97151964340814,1,2.906302775183894,0.7957418269650989
F2,B1,ac_power_kw,0.3-0.7,278,4.775688118992895,7.2924440270653825,410.05674244898097,9.94364144715796,23,12.087369194439548,0.25625531005009206
F2,B1,ac_power_kw,0.7-1,424,13.48763554996051,18.239671456269907,1333.7278393349322,33.74256184029657,33,30.577964695777947,-0.7920749437431951
F2,B1,ac_power_clean,all,725,9.771163389386853,14.64473538520462,925.0909186671053,22.597793849567555,57,21.89941902242581,-0.35881741386577426
F2,B1,ac_power_clean,0-0.3,23,2.1414620980357277,2.573543486336154,-136.27790693694965,4.9649186653046,1,4.568389129826794,0.7551485231397741
F2,B1,ac_power_clean,0.3-0.7,278,4.780253852633496,7.274771260012447,394.35723555473743,9.920718554854288,23,12.032707415687808,0.272122518111915
F2,B1,ac_power_clean,0.7-1,424,13.45738032551541,18.211594934227428,1330.6462179457174,33.640935926334635,33,30.49874292925276,-0.7906378164719321
F2,B2a,ac_power_kw,all,725,5.122671981638872,7.732584568045347,-351.11462021437904,11.872606259363646,57,11.00343066008556,0.2812327396402289
F2,B2a,ac_power_kw,0-0.3,23,1.408006265781019,1.731724596303174,-23.88796497978252,3.298770699272656,1,2.0241685813713617,0.8303417994135169
F2,B2a,ac_power_kw,0.3-0.7,278,3.1242259143913906,4.605015271220592,-35.970902465405416,6.505069325837487,23,6.4548265929098125,0.513446779576866
F2,B2a,ac_power_kw,0.7-1,424,6.634476977298142,9.390071333639657,-575.492371640347,16.597738636640567,33,14.992805266805481,0.11849041947964689
F2,B2a,ac_power_clean,all,725,5.1975701108017285,7.778056216857907,-360.36154943131066,12.02043330993176,57,11.186073525133708,0.27720492484888937
F2,B2a,ac_power_clean,0-0.3,23,1.790624670606855,2.2557905185779155,-68.7989778775497,4.151512117728151,1,3.7013556402659993,0.7952627340439022
F2,B2a,ac_power_clean,0.3-0.7,278,3.2579111065951687,4.734969767575503,-51.67040935964887,6.76131857463148,23,6.7440537405095435,0.5039258990027682
F2,B2a,ac_power_clean,0.7-1,424,6.654138385079809,9.405862329591864,-578.5739930295617,16.634102451054883,33,15.044379206940055,0.11460094460063253
F2,B2b,ac_power_kw,all,725,4.031513282953626,5.869441073053987,83.84004731253835,9.343672600834735,57,8.235649807365494,0.43433431461571914
F2,B2b,ac_power_kw,0-0.3,23,1.4175885106676738,1.7683235892893139,-17.23625245246089,3.3212206197265384,1,1.744444393777804,0.8291871835111885
F2,B2b,ac_power_kw,0.3-0.7,278,3.321343413404169,5.050391689771647,194.03942135659497,6.915495150201604,23,6.867459314156368,0.482748566139537
F2,B2b,ac_power_kw,0.7-1,424,4.638936616673736,6.481792408630632,17.069596629395043,11.605414832089526,33,9.589691091943655,0.38363384408187295
F2,B2b,ac_power_clean,all,725,4.067168036947775,5.881553445538288,74.59311809560677,9.406149624959196,57,8.336070732626645,0.4344031991394519
F2,B2b,ac_power_clean,0-0.3,23,1.7956684928036084,2.272206578397975,-62.14726535022806,4.1632060753247435,1,3.42641987631426,0.7946860311851273
F2,B2b,ac_power_clean,0.3-0.7,278,3.405513228592901,5.09286363369312,178.33991446235152,7.067645216600935,23,7.081542077687649,0.48145088738348785
F2,B2b,ac_power_clean,0.7-1,424,4.624207013924123,6.470247750810807,13.987975240180255,11.559653372549734,33,9.541294041501255,0.3847034303825284
F2,B1_defTL,ac_power_kw,all,725,9.453072563750805,14.155345399839026,897.6122088250482,21.90899766623365,57,21.27140912085285,-0.32637012344005933
F2,B1_defTL,ac_power_kw,0-0.3,23,1.8160820216288485,2.243217174709107,-117.41753427363544,4.25483771345434,1,3.812286487257766,0.7811705704760462
F2,B1_defTL,ac_power_kw,0.3-0.7,278,4.5348325050198905,6.897024213509397,372.7424207665507,9.44214683398215,23,11.546316244801895,0.29376510538715095
F2,B1_defTL,ac_power_kw,0.7-1,424,13.092038409967786,17.639678737409298,1296.8091078145105,32.75288051990472,33,29.730167417228422,-0.7395127492969265
F2,B1_defTL,ac_power_clean,all,725,9.46187528301529,14.139518580699523,888.3652796081168,21.882502477457333,57,21.25724320528541,-0.3158065616170309
F2,B1_defTL,ac_power_clean,0-0.3,23,2.2623900600556377,2.8634459199044544,-162.32854717140262,5.245286688787534,1,5.458863872643063,0.7413218062805629
F2,B1_defTL,ac_power_clean,0.3-0.7,278,4.567862061058561,6.900335603875462,357.04291387230734,9.47993041838003,23,11.567967945761492,0.3044628931612642
F2,B1_defTL,ac_power_clean,0.7-1,424,13.061223952430487,17.612233611933494,1293.7274864252959,32.650619026507506,33,29.651460010061026,-0.7379252850784894
F2,B2a_defTL,ac_power_kw,all,725,5.316592712507477,8.01168981549371,-381.544663358895,12.322048365237931,57,11.354380755585296,0.2540235267620701
F2,B2a_defTL,ac_power_kw,0-0.3,23,1.782642438222261,2.113595131026353,-55.622770983534586,4.176493234016711,1,3.081760482146478,0.7851998846112189
F2,B2a_defTL,ac_power_kw,0.3-0.7,278,3.3304569841999934,4.827426773406558,-77.23707678273435,6.934470861772166,23,6.751509967705159,0.4813292586560939
F2,B2a_defTL,ac_power_kw,0.7-1,424,6.81052334641795,9.707324080320497,-598.7468157004186,17.0381609385912,33,15.358273233368445,0.0950994933334035
F2,B2a_defTL,ac_power_clean,all,725,5.393875487356171,8.066321566683852,-390.7915925758266,12.474429242059694,57,11.539305436429823,0.24990590696659887
F2,B2a_defTL,ac_power_clean,0-0.3,23,2.14222257854683,2.692055019695295,-100.53378388130177,4.966681817632924,1,4.740843285900959,0.755061570969835
F2,B2a_defTL,ac_power_clean,0.3-0.7,278,3.4684144286524767,4.984658957986902,-92.93658367697782,7.198187468496167,23,7.046748298786814,0.4718730765561655
F2,B2a_defTL,ac_power_clean,0.7-1,424,6.832710844012404,9.724800175875039,-601.8284370896333,17.08050022713389,33,15.409625443764869,0.09084010926637232
F2,B2b_defTL,ac_power_kw,all,725,4.065312984146312,5.777779956510557,-43.50152910565133,9.42200877878703,57,8.307635049908088,0.4295918445309036
F2,B2b_defTL,ac_power_kw,0-0.3,23,1.7861905005947112,2.1193975522628996,-56.17201391286759,4.184805870457244,1,3.0802319316884597,0.7847723596119999
F2,B2b_defTL,ac_power_kw,0.3-0.7,278,3.161192247894502,4.596025921842656,14.139850105022292,6.582038331520487,23,6.258313832955193,0.5076898051755195
F2,B2b_defTL,ac_power_kw,0.7-1,424,4.781740771409733,6.556513152867501,-80.60738351603173,11.962673745587136,33,10.153042235313192,0.36465974394276035
F2,B2b_defTL,ac_power_clean,all,725,4.122687860401193,5.827568162680887,-52.748458322582906,9.534550458612992,57,8.421794602629365,0.4266823884317731
F2,B2b_defTL,ac_power_clean,0-0.3,23,2.1457706409192796,2.6982416019587503,-101.08302681063478,4.974907898829878,1,4.739340901743446,0.7546558909847988
F2,B2b_defTL,ac_power_clean,0.3-0.7,278,3.285574499179767,4.7325841915962465,-1.559656789221172,6.818729904775182,23,6.506394866141973,0.4997136623400926
F2,B2b_defTL,ac_power_clean,0.7-1,424,4.778788356787137,6.556626239700219,-83.68900490524652,11.94607784186503,33,10.104303399234476,0.3641348507960014
F2,B2b_dryTL,ac_power_kw,all,725,4.0648523526528075,5.982118513156776,135.33934737905875,9.420941192111044,57,8.265371750405137,0.42965647619926106
F2,B2b_dryTL,ac_power_kw,0-0.3,23,1.4433937411817757,1.8158334188870144,-31.845468423486153,3.3816788295915896,1,2.03028499721163,0.8260777733607205
F2,B2b_dryTL,ac_power_kw,0.3-0.7,278,3.3915767509467396,5.1743385772850194,211.13230378110777,7.061730647319414,23,7.125253731264741,0.4718107346578275
F2,B2b_dryTL,ac_power_kw,0.7-1,424,4.648494252035167,6.59218293294769,94.713896633042,11.629325553952933,33,9.427271029464606,0.38236394034009324
F2,B2b_dryTL,ac_power_clean,all,725,4.098080294628798,5.98988939637769,126.09241816212716,9.47764048010744,57,8.365729114113586,0.43010441583545933
F2,B2b_dryTL,ac_power_clean,0-0.3,23,1.8322515623861735,2.346570247028069,-76.75648132125333,4.248022876505216,1,3.7073673530040274,0.7905031793739334
F2,B2b_dryTL,ac_power_clean,0.3-0.7,278,3.468872158838037,5.210781855768951,195.43279688686428,7.199137420629464,23,7.338490685390972,0.4718033791080548
F2,B2b_dryTL,ac_power_clean,0.7-1,424,4.633537659231186,6.5763190133291864,91.6322752438272,11.582978242125655,33,9.378972519417584,0.38346189555667276
F3,B0,ac_power_kw,all,303,2.223872820185244,4.4661428029704435,105.74681635260275,3.872754083823438,28,2.797916767470789,0.0
F3,B0,ac_power_kw,0-0.3,218,2.1083799467298014,4.609545703686354,58.04832396172412,3.6372779187012068,20,2.39318791232472,0.0
F3,B0,ac_power_kw,0.3-0.7,82,2.2895341778127443,3.6428324820780174,204.14960215053733,4.085516623145656,8,3.821272809969265,0.0
F3,B0,ac_power_kw,0.7-1,3,8.821611182795696,10.385330866339249,882.1611182795697,15.802429014545067,0,,0.0
F3,B0,ac_power_clean,all,303,1.968610042899729,4.436252517466479,-13.773553369772218,3.3583281264288036,28,2.5940257376456386,0.0
F3,B0,ac_power_clean,0-0.3,218,1.799734978193712,4.62320513077619,-98.57032787126779,3.023135690406027,20,2.27166393159515,0.0
F3,B0,ac_power_clean,0.3-0.7,82,2.17373419487207,3.481406120235637,179.57199301960367,3.861942158563576,8,3.4283977406182173,0.0
F3,B0,ac_power_clean,0.7-1,3,8.633471257626326,10.161182136543484,863.3471257626326,15.41346146623652,0,,0.0
F3,B1,ac_power_kw,all,303,2.5700893022760787,4.545587177537313,131.10326713022815,4.4756713382339575,28,2.9659279815313604,-0.15568178132686383
F3,B1,ac_power_kw,0-0.3,218,2.2304150244227,4.453402097000573,74.24829420264282,3.847807094947565,20,2.3496374174619237,-0.057880970591748016
F3,B1,ac_power_kw,0.3-0.7,82,3.1801304167137814,4.246347264126846,252.2740749180519,5.674724495122998,8,4.52421735145443,-0.3889857803965384
F3,B1,ac_power_kw,0.7-1,3,10.578629698324422,12.363488126650514,950.5625536675803,18.949831432714767,0,,-0.1991720649574018
F3,B1,ac_power_clean,all,303,1.9170368468814043,4.4315255755911425,11.582897407853183,3.2703474136498287,28,2.382729523136936,0.026197771470452436
F3,B1,ac_power_clean,0-0.3,218,1.4015994062774688,4.36792918237557,-82.3703576303491,2.354360636487694,20,1.7081761251911411,0.2212189998750974
F3,B1,ac_power_clean,0.3-0.7,82,2.9770946775877594,4.05624804657223,227.69646578711817,5.289224171259843,8,4.1286822358718975,-0.36957622721805183
F3,B1,ac_power_clean,0.7-1,3,10.39724349146032,12.139511476310997,931.7485611506431,18.562349619122152,0,,-0.20429467837470083
F3,B2a,ac_power_kw,all,303,2.738823999100449,4.633675431406839,-60.83465314701172,4.769513675024987,28,2.8970715388689694,-0.2315560378458652
F3,B2a,ac_power_kw,0-0.3,218,2.5836193720869094,4.813894702770079,23.972747882055245,4.457138622948923,20,2.1912919041894496,-0.22540502061510637
F3,B2a,ac_power_kw,0.3-0.7,82,2.9100257498902535,3.7546428235246383,-254.36225889858162,5.192741252858862,8,4.681633831965134,-0.2710121465276758
F3,B2a,ac_power_kw,0.7-1,3,9.337512373829698,9.964507337106928,-933.7512373829699,16.726579011739847,0,,-0.05848151549006553
F3,B2a,ac_power_clean,all,303,2.29061356673118,4.617135603393128,-180.35502286938672,3.907646410561641,28,3.1240319834508234,-0.1635689734454191
F3,B2a,ac_power_clean,0-0.3,218,1.9005268120847438,4.740889526842192,-132.64590395093666,3.1924425017029168,20,2.3828915051858104,-0.05600370894174134
F3,B2a,ac_power_clean,0.3-0.7,82,3.0629769364399535,3.902031052692287,-278.9398680295153,5.441805989642415,8,5.042332643539512,-0.4090853167170321
F3,B2a,ac_power_clean,0.7-1,3,9.525652298999072,10.182361771919702,-952.5652298999071,17.006285220639846,0,,-0.10333978242930297
F3,B2b,ac_power_kw,all,303,2.410939223844042,4.2878721631628665,16.90686034808032,4.198520095323784,28,1.80899585659345,-0.08411740184099914
F3,B2b,ac_power_kw,0-0.3,218,2.5583539920691005,4.78951037199675,21.776460927732444,4.413551977672341,20,2.0985070327635253,-0.2134217061005681
F3,B2b,ac_power_kw,0.3-0.7,82,2.021511130520398,2.5831913576415646,7.522903672307166,3.6072478880857006,8,1.076967468359156,0.11706444476334321
F3,B2b,ac_power_kw,0.7-1,3,2.343167283669387,2.7655375245944267,-80.45596596884168,4.197389105246787,0,,0.7343832963031587
F3,B2b,ac_power_clean,all,303,1.9254972240475985,4.242391667978027,-102.61350937429465,3.2847802987709342,28,1.9859384440106034,0.021900131520525057
F3,B2b,ac_power_clean,0-0.3,218,1.9106395326342205,4.749548101434641,-134.84219090525946,3.2094295174528185,20,2.350177915932023,-0.06162271433531674
F3,B2b,ac_power_clean,0.3-0.7,82,1.9493132494917147,2.502169124375291,-17.054705458626547,3.4632270294214433,8,1.043174096483802,0.10324212864193505
F3,B2b,ac_power_clean,0.7-1,3,2.354184771280549,2.7252456250684483,-99.26995848577887,4.202960220025106,0,,0.7273188615528206
F3,B1_defTL,ac_power_kw,all,303,4.860838971507415,6.141522295478096,450.74425183630416,8.464887832994602,28,7.849467047821467,-1.1857540266635023
F3,B1_defTL,ac_power_kw,0-0.3,218,4.2949796248604555,5.657903222653395,380.3790976682725,7.409496839033711,20,6.718149894634012,-1.0370994476219408
F3,B1_defTL,ac_power_kw,0.3-0.7,82,6.083146691785389,6.840253385779214,608.3146691785389,10.8549578211867,8,10.710000044112833,-1.6569363981265344
F3,B1_defTL,ac_power_kw,0.7-1,3,12.570207140255192,14.298634685530109,1257.0207140255193,22.51740661835182,0,,-0.42493325536384763
F3,B1_defTL,ac_power_clean,all,303,3.768369582842443,5.545009524766144,331.22388211392916,6.428607639427327,28,6.024754215784658,-0.9142285677318291
F3,B1_defTL,ac_power_clean,0-0.3,218,2.871584370261315,4.852839603512095,223.76044583528056,4.823593086167551,20,4.376456970329121,-0.5955595713005228
F3,B1_defTL,ac_power_clean,0.3-0.7,82,5.83737060047605,6.6150211601790785,583.737060047605,10.370903521837814,8,10.291057010879197,-1.6854114059790066
F3,B1_defTL,ac_power_clean,0.7-1,3,12.38206721508582,14.074466142015977,1238.2067215085822,22.10588420312272,0,,-0.43419336737215564
F3,B2a_defTL,ac_power_kw,all,303,3.6229733350047137,5.021566107936566,239.4749740850208,6.309211862913178,28,4.335381814061336,-0.6291279348892478
F3,B2a_defTL,ac_power_kw,0-0.3,218,3.9977726000195783,5.529136441822932,314.2626169079745,6.896769258592943,20,5.423241366640044,-0.8961348054084444
F3,B2a_defTL,ac_power_kw,0.3-0.7,82,2.494197203402426,3.0934663970327834,75.90120687974328,4.4507237474999775,8,1.584731267736124,-0.08939068373515258
F3,B2a_defTL,ac_power_kw,0.7-1,3,7.240774341053674,7.9839455587927874,-724.0774341053674,12.970626358821008,0,,0.1792004667837822
F3,B2a_defTL,ac_power_clean,all,303,2.610629355134525,4.3810342375100655,119.95460436264582,4.453573739832603,28,2.683858032336492,-0.32612823171881855
F3,B2a_defTL,ac_power_clean,0-0.3,218,2.625647344180666,4.719588871673716,157.64396507498262,4.410476149426711,20,3.21290817888353,-0.45890777030731145
F3,B2a_defTL,ac_power_clean,0.3-0.7,82,2.3944247655574022,3.0400964867220357,51.32359774880957,4.254029756457439,8,1.3145127123817666,-0.10152601509694725
F3,B2a_defTL,ac_power_clean,0.7-1,3,7.428914266223046,8.203946351507561,-742.8914266223046,13.262948397176407,0,,0.13952174686853114
F3,B2b_defTL,ac_power_kw,all,303,3.5246695628016482,4.928200854208141,259.7293830365665,6.138021167204707,28,4.52951781549577,-0.5849240706615817
F3,B2b_defTL,ac_power_kw,0-0.3,218,4.001390597213257,5.534974815699196,314.6363470430914,6.903010857182848,20,5.435650352388044,-0.8978508135687813
F3,B2b_defTL,ac_power_kw,0.3-0.7,82,2.276953627307141,2.8104156407570624,134.18819993180583,4.063067494097027,8,2.2383636387111254,0.005494807907878263
F3,B2b_defTL,ac_power_kw,0.7-1,3,2.987176632407898,3.3016438773496257,-298.7176632407898,5.3510232665427635,0,,0.6613796991831125
F3,B2b_defTL,ac_power_clean,all,303,2.505056643954221,4.254011833535238,140.2090133141915,4.273473162463852,28,2.850259631523839,-0.27250018508709584
F3,B2b_defTL,ac_power_clean,0-0.3,218,2.6268260514862303,4.718284381749709,158.01769521009956,4.412456103235005,20,3.2249845424894628,-0.45956270412803835
F3,B2b_defTL,ac_power_clean,0.3-0.7,82,2.1568065148951083,2.6903730655501494,109.61059080087209,3.8318677726961963,8,1.8803557264776543,0.007787373459411384
F3,B2b_defTL,ac_power_clean,0.7-1,3,3.1753165575772697,3.492316539989277,-317.531655757727,5.668938708759454,0,,0.6322085910956878
F3,B2b_dryTL,ac_power_kw,all,303,2.4528238643697744,4.316940375399124,25.40729600260966,4.271459928561188,28,1.8237520054542395,-0.10295150069123982
F3,B2b_dryTL,ac_power_kw,0-0.3,218,2.6035854136882164,4.817892097646658,30.364128992544725,4.491583098838074,20,2.1345072617623755,-0.23487487050258782
F3,B2b_dryTL,ac_power_kw,0.3-0.7,82,2.0561913440930955,2.6206537267424705,15.805321383802033,3.6691323493086623,8,1.0380080061381503,0.10191716550069929
F3,B2b_dryTL,ac_power_kw,0.7-1,3,2.3387735014588658,2.7871183454161343,-72.33526168526373,4.189518385256028,0,,0.7348813665671361
F3,B2b_dryTL,ac_power_clean,all,303,1.925068726979562,4.241405524946529,-94.1130737197653,3.284049309024707,28,1.8936217834767082,0.022117796298565695
F3,B2b_dryTL,ac_power_clean,0-0.3,218,1.8993377475264976,4.742527301974922,-126.25452284044721,3.190445150121831,20,2.2461561687975085,-0.05534302024443116
F3,B2b_dryTL,ac_power_clean,0.3-0.7,82,1.977936857888059,2.5306757556764725,-8.77228774713168,3.51408086438288,8,0.9811538183643814,0.09007418544820489
F3,B2b_dryTL,ac_power_clean,0.7-1,3,2.349790989070028,2.7391831403960025,-91.14925420220091,4.195115936912091,0,,0.7278277857247333
F4,B0,ac_power_kw,all,279,1.4980323066193475,2.567349182151483,13.381711337111978,2.510859831707245,26,2.205299941444379,0.0
F4,B0,ac_power_kw,0-0.3,232,1.0333536292891108,1.3007274526827388,-59.90354164897214,1.7218773594941819,22,1.6161480026777295,0.0
F4,B0,ac_power_kw,0.3-0.7,44,3.287743708016124,4.755728707680994,324.45214285714314,5.481123340220235,4,5.68913197195455,0.0
F4,B0,ac_power_kw,0.7-1,3,11.184082799671593,12.265162896143398,1118.4082799671594,40.22183269679779,0,,0.0
F4,B0,ac_power_clean,all,279,3.9270106183299736,4.779488369803746,-312.4055059974011,6.2412759953389365,26,5.903685644271762,0.0
F4,B0,ac_power_clean,0-0.3,232,4.028427232509098,4.800094181652014,-398.55500910378163,6.354015198756535,22,6.1175867428860755,0.0
F4,B0,ac_power_clean,0.3-0.7,44,2.9667233293733375,3.864777424030969,51.2073666102257,4.730448629637881,4,4.621241516344504,0.0
F4,B0,ac_power_clean,0.7-1,3,10.168339359841635,11.115200844391438,1016.8339359841635,35.28009810048336,0,,0.0
F4,B1,ac_power_kw,all,279,3.421939888700453,4.318342400079495,313.36503368793024,5.735531453553605,26,5.252327818778764,-1.2842897803872084
F4,B1,ac_power_kw,0-0.3,232,2.844876225452506,3.2080249656867537,254.14230977568405,4.74041782438007,22,4.5382296137318985,-1.7530519512566296
F4,B1,ac_power_kw,0.3-0.7,44,5.888039646045406,7.156042594017391,566.0047388483886,9.8161761981002,4,9.475004578325938,-0.7909059126747873
F4,B1,ac_power_kw,0.7-1,3,11.878733405482457,13.687105926532395,1187.8733405482456,42.72003670244716,0,,-0.06211064583957304
F4,B1,ac_power_clean,all,279,1.6826217834822876,2.8020936709864137,-12.422183646582882,2.674224229866844,26,2.1586107416409956,0.5715260418119648
F4,B1,ac_power_clean,0-0.3,232,1.23422944441023,1.593135843916463,-84.50915767912545,1.946743032925747,22,1.6316170641605963,0.6936200226107864
F4,B1,ac_power_clean,0.3-0.7,44,3.420938104350622,5.068579480811187,292.7599626014711,5.454695356179258,4,5.318201559629904,-0.15310317968653608
F4,B1,ac_power_clean,0.7-1,3,10.862989965652499,12.535489393518343,1086.29899656525,37.69025974549647,0,,-0.06831504941252109
F4,B2a,ac_power_kw,all,279,3.280307951416159,3.71007887260119,237.37920133762148,5.498141418210144,26,4.045684093485635,-1.1897444647364943
F4,B2a,ac_power_kw,0-0.3,232,3.2440147804854034,3.5724751119061113,240.4323644461129,5.405502478590043,22,4.179601237385114,-2.1393074824899037
F4,B2a,ac_power_kw,0.3-0.7,44,3.577474930158419,4.447684392332263,249.25108786933288,5.964145347137229,4,3.253791875786875,-0.08812463740281129
F4,B2a,ac_power_kw,0.7-1,3,1.728530815174793,1.7345070006953145,-172.8530815174793,6.216395077230788,0,,0.8454472444333523
F4,B2a,ac_power_clean,all,279,1.627878462669684,2.167961652956416,-88.4080159968916,2.5872195824900204,26,1.9428880086258398,0.5854662436940478
F4,B2a,ac_power_clean,0-0.3,232,1.4040789531011286,1.7878519319444648,-98.2191030086966,2.214645690075422,22,1.7061841636832966,0.6514572879037458
F4,B2a,ac_power_clean,0.3-0.7,44,2.7317943454628586,3.5221851075596984,-23.993688377584512,4.355853709040318,4,3.3620460118847038,0.07918803266366703
F4,B2a,ac_power_clean,0.7-1,3,2.7442742550047496,2.8221307677443224,-274.42742550047495,9.521541473484646,0,,0.7301157880466835
F4,B2b,ac_power_kw,all,279,3.4946735491722087,4.052949624570518,269.76664924543115,5.857440724591757,26,4.521573003009512,-1.332842578714967
F4,B2b,ac_power_kw,0-0.3,232,3.2014236255470565,3.5336399354966552,235.86770744143885,5.334532828584072,22,4.212335278934449,-2.0980910453176187
F4,B2b,ac_power_kw,0.3-0.7,44,5.016900466685906,6.060922215383068,442.05384350576657,8.363866738294751,4,6.350188369072967,-0.5259402533274657
F4,B2b,ac_power_kw,0.7-1,3,3.8466728526497085,4.821540229666054,364.40596626925185,13.833966959108498,0,,0.6560582640927282
F4,B2b,ac_power_clean,all,279,1.7303474371345717,2.383488207806803,-56.02056808908193,2.7500755594027275,26,2.0199063597788345,0.5593728651870998
F4,B2b,ac_power_clean,0-0.3,232,1.455929114204833,1.8483164780228039,-102.78376001337065,2.296428652183369,22,1.7728530951299528,0.6385862198389494
F4,B2b,ac_power_clean,0.3-0.7,44,3.0867093216285117,4.132068933666499,168.80906725884915,4.92176662920312,4,3.501114313298966,-0.040443944019720623
F4,B2b,ac_power_clean,0.7-1,3,3.0587234377899373,3.7046021100484854,262.83162228625616,10.61255521955331,0,,0.6991914481267298
F4,B1_defTL,ac_power_kw,all,279,4.18928556367891,4.954487180400103,418.92855636789096,7.021683577125443,26,7.021683577125441,-1.7965255122788313
F4,B1_defTL,ac_power_kw,0-0.3,232,3.5187916570169087,3.7563516719463936,351.87916570169085,5.863363243000011,22,6.123244220688425,-2.405215366048155
F4,B1_defTL,ac_power_kw,0.3-0.7,44,7.009509094235442,7.999513935647527,700.9509094235442,11.685820827890232,4,12.334424826825291,-1.1320120169783823
F4,B1_defTL,ac_power_kw,0.7-1,3,14.677535897377826,15.909934721887108,1467.7535897377827,52.78549916341015,0,,-0.31235937360986044
F4,B1_defTL,ac_power_clean,all,279,2.321856648821151,3.4291887845713775,93.1413390333779,3.690172901306858,26,2.8251545987654985,0.40874704081942126
F4,B1_defTL,ac_power_clean,0-0.3,232,1.7731711609526923,2.190364085739616,13.2276982468814,2.7968127153367246,22,1.9979777326311332,0.559835375294026
F4,B1_defTL,ac_power_clean,0.3-0.7,44,4.441748143350748,5.8655424897668444,427.70613317662696,7.082379812730434,4,7.784493852296083,-0.49718987927633296
F4,B1_defTL,ac_power_clean,0.7-1,3,13.661792457547868,14.76468267023293,1366.179245754787,47.40099253908448,0,,-0.3435618122171564
F4,B2a_defTL,ac_power_kw,all,279,3.484324881374654,3.964092139974235,333.242559440256,5.840095268042024,26,5.585496073860481,-1.3259344047377923
F4,B2a_defTL,ac_power_kw,0-0.3,232,3.3696745502178187,3.738667704174252,328.8195237320111,5.614889378068345,22,5.625592097008103,-2.2609113228120807
F4,B2a_defTL,ac_power_kw,0.3-0.7,44,4.308449176577245,5.092758092602262,378.6131347477036,7.182780483865617,4,5.3483962689609434,-0.3104577361284133
F4,B2a_defTL,ac_power_kw,0.7-1,3,0.26346082786522135,0.26435671291322776,9.855549701967485,0.9474963240495625,0,,0.9764432334251891
F4,B2a_defTL,ac_power_clean,all,279,1.692216239025833,2.2777214042800322,7.4553421057428695,2.6894728886794197,26,1.9515767211432407,0.5690828460898136
F4,B2a_defTL,ac_power_clean,0-0.3,232,1.4558646373750157,1.8631413690078342,-9.83194372279848,2.2963269532490256,22,1.69672529832369,0.6386022252986724
F4,B2a_defTL,ac_power_clean,0.3-0.7,44,2.991276613381203,3.807270545419331,105.36835850078623,4.769598909523486,4,3.47953853529994,-0.008276229793579004
F4,B2a_defTL,ac_power_clean,0.7-1,3,0.9171879428102818,1.2002659640369266,-91.71879428102818,3.182277799138209,0,,0.909799632924076
F4,B2b_defTL,ac_power_kw,all,279,3.521056778251574,3.974577208181213,337.3754067361424,5.901661793679115,26,5.654766944855506,-1.3504545013435951
F4,B2b_defTL,ac_power_kw,0-0.3,232,3.3997634989744934,3.7645761441688266,331.8370098713991,5.665026599409253,22,5.661326131566103,-2.2900290884092986
F4,B2b_defTL,ac_power_kw,0.3-0.7,44,4.198090138082791,4.969247157802281,369.32222408574415,6.998796707934002,4,5.615980507515915,-0.27689093521708386
F4,B2b_defTL,ac_power_kw,0.7-1,3,2.9712477648212765,3.317353719819925,297.1247764821277,10.685635347843188,0,,0.7343324599753032
F4,B2b_defTL,ac_power_clean,all,279,1.680371957990183,2.239332311860225,11.588189401629286,2.670648537513981,26,1.957552934124846,0.572098952280198
F4,B2b_defTL,ac_power_clean,0-0.3,232,1.4313179061069823,1.8248041879071575,-6.814457583410362,2.2576095346251495,22,1.6495287322885224,0.644695603644927
F4,B2b_defTL,ac_power_clean,0.3-0.7,44,2.9748070247151652,3.730622515135998,96.0774478388268,4.743338104424273,4,3.804312167543939,-0.002724789083562884
F4,B2b_defTL,ac_power_clean,0.7-1,3,1.9555043249913204,2.17292590654895,195.55043249913203,6.784823163365365,0,,0.8076869530226048
F4,B2b_dryTL,ac_power_kw,all,279,3.5504496226145594,4.1033577481218515,275.7259537334026,5.9509272947798175,26,4.621457219108478,-1.3700754696185165
F4,B2b_dryTL,ac_power_kw,0-0.3,232,3.2700396623396166,3.60701844824802,243.23686345283366,5.448867744437233,22,4.331645728158008,-2.1644923573638777
F4,B2b_dryTL,ac_power_kw,0.3-0.7,44,5.018240225400717,6.058091894464722,442.1063726345085,8.366100301313702,4,6.335199445089786,-0.5263477542867239
F4,B2b_dryTL,ac_power_kw,0.7-1,3,3.707891043013227,4.633175732343883,347.969458214516,13.334859537557458,0,,0.668467132313961
F4,B2b_dryTL,ac_power_clean,all,279,1.7099827638529306,2.361590837435183,-50.06126360111047,2.7177095795623982,26,1.94673859312121,0.5645586605059578
F4,B2b_dryTL,ac_power_clean,0-0.3,232,1.4327845549674223,1.8214201123060372,-95.41460400197582,2.2599228714716664,22,1.6881908589832033,0.6443315288396024
F4,B2b_dryTL,ac_power_clean,0.3-0.7,44,3.0890761245014873,4.126370272871504,168.8615963875911,4.9255405029904855,4,3.4968616433634327,-0.04124172750345223
F4,B2b_dryTL,ac_power_clean,0.7-1,3,2.919941628153455,3.519115992067266,246.39511423152035,10.131037472626543,0,,0.7128398723900446
F5,B0,ac_power_kw,all,365,1.601039983939537,2.2573300741020073,66.24245608565579,2.718626283474283,31,2.0760536058022154,0.0
F5,B0,ac_power_kw,0-0.3,246,1.47144977151668,1.899981724372994,30.687795019157036,2.4400809492671827,23,2.0980179514081776,0.0
F5,B0,ac_power_kw,0.3-0.7,118,1.8399476582894996,2.8282083644673417,136.44395110072088,3.306320345110978,8,2.009472619780014,0.0
F5,B0,ac_power_kw,0.7-1,1,5.2891266666666885,5.2891266666666885,528.9126666666689,5.617539246070461,0,,0.0
F5,B0,ac_power_clean,all,365,1.9852406431493381,2.5098981277688335,-148.726180924072,3.252296586033956,31,2.8782749643698384,0.0
F5,B0,ac_power_clean,0-0.3,246,2.1925320850638994,2.5917211599530785,-200.07231385000566,3.5018366140639046,23,2.9318813717734624,0.0
F5,B0,ac_power_clean,0.3-0.7,118,1.5505517294106763,2.332058796694618,-44.87924241964255,2.6983649969585786,8,2.7135971051561287,0.0
F5,B0,ac_power_clean,0.7-1,1,2.2848377533294113,2.2848377533294113,228.48377533294115,2.3516701274017784,0,,0.0
F5,B1,ac_power_kw,all,365,2.136672401593266,3.055526227153213,194.56598166781964,3.628150332543438,31,3.315906819295632,-0.33455280506845675
F5,B1,ac_power_kw,0-0.3,246,1.8603543986832187,2.591753847130092,168.17007315056057,3.0849950946224802,23,3.105045652859132,-0.26430030755700185
F5,B1,ac_power_kw,0.3-0.7,118,2.6812885127582233,3.8191327972390767,246.28919757386663,4.818179865554637,8,3.9550947389813755,-0.4572634719679325
F5,B1,ac_power_kw,0.7-1,1,5.846200000000008,5.846200000000008,584.6200000000008,6.2092023901319,0,,-0.10532425643048504
F5,B1,ac_power_clean,all,365,1.0048687635863671,1.7090617230692213,-20.40265534190814,1.6462141557003482,31,1.2503719800739104,0.49383024820997645
F5,B1,ac_power_clean,0-0.3,246,0.8327794997065857,1.1529450566851729,-62.590035718602124,1.3300866898964223,23,0.914486450651621,0.6201745436795671
F5,B1,ac_power_clean,0.3-0.7,118,1.3480629719876367,2.489036408911667,64.96600405350321,2.345981671111311,8,2.2822059082394848,0.1305914234154576
F5,B1,ac_power_clean,0.7-1,1,2.841911086662731,2.841911086662731,284.19110866627307,2.925038067800663,0,,-0.2438130814853552
F5,B2a,ac_power_kw,all,365,2.098851354245093,3.070032925375797,130.74852876168077,3.56392876754775,31,2.9738240562745872,-0.31093000505873425
F5,B2a,ac_power_kw,0-0.3,246,2.0770312331643503,2.8101021340062964,183.07806932687453,3.444306724689177,23,2.965677578748852,-0.41155428705084107
F5,B2a,ac_power_kw,0.3-0.7,118,2.0142125815424854,3.1795682406473524,37.55428453816871,3.6194681993962403,8,2.998518646134069,-0.09471189164967364
F5,B2a,ac_power_kw,0.7-1,1,17.45397631901569,17.45397631901569,-1745.3976319015692,18.53772903378907,0,,-2.2999732127828825
F5,B2a,ac_power_clean,all,365,1.2356679461160143,2.376366024611676,-84.22010824804701,2.0243181382028532,31,1.791955954602115,0.37757271372614043
F5,B2a,ac_power_clean,0-0.3,246,0.7139408835695814,1.037642205060778,-47.68203954228818,1.1402817515841426,23,1.0061922919527608,0.6743760839655971
F5,B2a,ac_power_clean,0.3-0.7,118,2.1604328622192823,3.417041048130353,-143.76890898219472,3.7597174625752325,8,4.205806911610475,-0.39333169041732363
F5,B2a,ac_power_clean,0.7-1,1,20.45826523235297,20.45826523235297,-2045.826523235297,21.056677278410923,0,,-7.953924716335623
F5,B2b,ac_power_kw,all,365,2.1669487894989214,3.026247436888403,181.5623326904137,3.6795607812234543,31,3.192114389375154,-0.3534632559062658
F5,B2b,ac_power_kw,0-0.3,246,2.0885130560470295,2.8124741345550723,184.2518456734159,3.4633468426879097,23,3.2499376622608662,-0.4193573552254648
F5,B2b,ac_power_kw,0.3-0.7,118,2.3044402718216546,3.406664136228952,181.93315107456678,4.140997011784664,8,3.0168334776271384,-0.2524488190951957
F5,B2b,ac_power_kw,0.7-1,1,5.238144304581983,5.238144304581983,-523.8144304581983,5.563391285940646,0,,0.009639088888910186
F5,B2b,ac_power_clean,all,365,0.9666520939451025,1.681626653730219,-33.40630431931408,1.5836061566989281,31,1.2261923330536466,0.513080644766758
F5,B2b,ac_power_clean,0-0.3,246,0.7208882346868376,1.0401575737996294,-46.50826319574681,1.1513778211371937,23,0.7646385775485397,0.6712074411144464
F5,B2b,ac_power_clean,0.3-0.7,118,1.4173480960939076,2.4322688632045435,0.6099575542033967,2.4665558836010484,8,2.6440766504326487,0.0859072488780468
F5,B2b,ac_power_clean,0.7-1,1,8.24243321791926,8.24243321791926,-824.2433217919261,8.483527527256445,0,,-2.6074479274988263
F5,B1_defTL,ac_power_kw,all,365,1.7283311905972167,2.3347749299095635,39.8588233598312,2.934771553764918,31,2.4204515612241346,-0.07950532649688458
F5,B1_defTL,ac_power_kw,0-0.3,246,1.6827015616832621,2.093480102860042,16.3140134004808,2.790396317594536,23,2.4076224456945066,-0.14356710929305905
F5,B1_defTL,ac_power_kw,0.3-0.7,118,1.8002651779635879,2.7488180693867315,85.49764652881588,3.235012342703996,8,2.4593407308392536,0.021567178907036078
F5,B1_defTL,ac_power_kw,0.7-1,1,4.465009394198368,4.465009394198368,446.50093941983687,4.742250864222548,0,,0.15581348763343095
F5,B1_defTL,ac_power_clean,all,365,2.216086626402335,2.8908065073055003,-175.10981364989658,3.6304772392581186,31,3.2908590298016094,-0.11628110881650522
F5,B1_defTL,ac_power_clean,0-0.3,246,2.2993519751664233,2.9117397263418914,-214.4460954686819,3.6724456577442846,23,3.28956326089299,-0.04871987544912515
F5,B1_defTL,ac_power_clean,0.3-0.7,118,2.048900951398738,2.8559191817859597,-95.82554699154753,3.5656228067868403,8,3.294839607128876,-0.3214012228908165
F5,B1_defTL,ac_power_clean,0.7-1,1,1.4607204808610914,1.4607204808610914,146.07204808610913,1.5034471109904393,0,,0.36068962501492097
F5,B2a_defTL,ac_power_kw,all,365,1.8986825877092954,2.865784865844351,-30.85676429425163,3.224034651664509,31,2.959783766508551,-0.1859057904583843
F5,B2a_defTL,ac_power_kw,0-0.3,246,1.5901840263813554,2.0667973273578735,27.31360752430783,2.6369760108105353,23,2.368697967952298,-0.08069202032108191
F5,B2a_defTL,ac_power_kw,0.3-0.7,118,2.383602401610046,3.593476334950609,-134.95751995739118,4.283248536768259,8,4.751554666385152,-0.29547293960848475
F5,B2a_defTL,ac_power_kw,0.7-1,1,20.568790634094093,20.568790634094093,-2056.8790634094094,21.845948473767493,0,,-2.8888822163635095
F5,B2a_defTL,ac_power_clean,all,365,2.659799261827192,3.7643676470815772,-245.8254013039794,4.357384122991426,31,4.269948137917369,-0.33978682685427497
F5,B2a_defTL,ac_power_clean,0-0.3,246,2.1177679074650166,2.6909885092630317,-203.44650134485488,3.3824258486207555,23,3.523265789362648,0.03409946796591756
F5,B2a_defTL,ac_power_clean,0.3-0.7,118,3.6125656422296597,4.901694698814861,-316.2807134777547,6.286807781584086,8,6.563742044806611,-1.329858187706321
F5,B2a_defTL,ac_power_clean,0.7-1,1,23.573079547431373,23.573079547431373,-2357.307954743137,24.26260109794667,0,,-9.317178763823051
F5,B2b_defTL,ac_power_kw,all,365,1.909634724235447,2.7406448333252684,-36.694135508993995,3.2426317925971984,31,3.012154639267538,-0.19274642944055542
F5,B2b_defTL,ac_power_kw,0-0.3,246,1.6150118511548803,2.0955969819980425,25.219157436985963,2.67814758418961,23,2.4462313575534798,-0.09756505618960087
F5,B2b_defTL,ac_power_kw,0.3-0.7,118,2.409103650217643,3.4721170870040114,-152.98575734462526,4.329073371359159,8,4.727649868918895,-0.30933270811478253
F5,B2b_defTL,ac_power_kw,0.7-1,1,15.449528236155722,15.449528236155722,-1544.952823615572,16.408820712659207,0,,-1.9209979661712882
F5,B2b_defTL,ac_power_clean,all,365,2.7023248339049437,3.701891077618986,-251.6627725187218,4.427051129540419,31,4.339250246181609,-0.3612076919894409
F5,B2b_defTL,ac_power_clean,0-0.3,246,2.135824202020164,2.7195627811670873,-205.54095143217677,3.4112647394257194,23,3.622710553457845,0.025864106359055894
F5,B2b_defTL,ac_power_clean,0.3-0.7,118,3.749847402786874,4.907616352671646,-334.3089508649887,6.525713901503883,8,6.540446490334698,-1.4183955502162395
F5,B2b_defTL,ac_power_clean,0.7-1,1,18.453817149492995,18.453817149492995,-1845.3817149492997,18.993598326077993,0,,-7.076642257246727
F5,B2b_dryTL,ac_power_kw,all,365,2.205342582892609,3.0617143738030266,184.9782350285572,3.744754890608234,31,3.2607582091761556,-0.37744378967108516
F5,B2b_dryTL,ac_power_kw,0-0.3,246,2.1372670497053363,2.861874800518585,189.72934386984926,3.5441947883189093,23,3.33239250163704,-0.45249065994442517
F5,B2b_dryTL,ac_power_kw,0.3-0.7,118,2.318496041717556,3.4140365444686163,181.38659961018854,4.1662547291787675,8,3.043611661283839,-0.2600880417831761
F5,B2b_dryTL,ac_power_kw,0.7-1,1,5.599815605617842,5.599815605617842,-559.9815605617841,5.947519490044844,0,,-0.058741066064684544
F5,B2b_dryTL,ac_power_clean,all,365,0.9471495244371284,1.6812164329820247,-29.99040198117058,1.5516563069673344,31,1.1828581543158774,0.5229044258661796
F5,B2b_dryTL,ac_power_clean,0-0.3,246,0.688840900838955,1.0129972623486223,-41.03076499931345,1.100192924999916,23,0.7031500282790064,0.6858240271458197
F5,B2b_dryTL,ac_power_clean,0.3-0.7,118,1.42076788384927,2.444644006114566,0.06340608982506138,2.4725072075079293,8,2.6565123510683155,0.0837017192652667
F5,B2b_dryTL,ac_power_clean,0.7-1,1,8.60410451895512,8.60410451895512,-860.4104518955119,8.855777851527915,0,,-2.765739823940419
F6,B0,ac_power_kw,all,375,1.7206913542930127,2.7910260565492866,-38.49183517217073,3.3011089247274255,30,2.533015096769412,0.0
F6,B0,ac_power_kw,0-0.3,220,1.4603367820901965,2.6890823359997285,-104.9695316431974,2.8393349299451676,18,1.733307210665473,0.0
F6,B0,ac_power_kw,0.3-0.7,147,2.0473067213143246,2.8826331709696467,43.373699676184856,3.7872320536145194,12,3.671258590623624,0.0
F6,B0,ac_power_kw,0.7-1,8,2.878884720853858,3.6881821777888937,285.3656149425287,8.078815015310047,0,,0.0
F6,B0,ac_power_clean,all,375,3.473288009154516,4.592791442814865,-315.81241823771626,6.326819480225495,30,5.900232386002713,0.0
F6,B0,ac_power_clean,0-0.3,220,3.9102371084471748,5.074856732598722,-385.6786975986917,7.20921293924334,18,6.641733968136118,0.0
F6,B0,ac_power_clean,0.3-0.7,147,2.935697658853858,3.8857134790137113,-235.24715950425167,5.164450630655447,12,4.836643866379522,0.0
F6,B0,ac_power_clean,0.7-1,8,1.3354104653809955,1.7576012457898686,125.12363496169309,3.586206887684869,0,,0.0
F6,B1,ac_power_kw,all,375,3.540522323743774,4.664828964753068,326.7846564085784,6.7924150440736115,30,6.269292531998425,-1.0576161523159873
F6,B1,ac_power_kw,0-0.3,220,2.857942739659877,3.7421094930300662,247.64317406410535,5.5567022265130355,18,5.492409193212871,-0.9570435907046533
F6,B1,ac_power_kw,0.3-0.7,147,4.4442046524369765,5.625109014660381,432.67088933339755,8.221159114705989,12,7.375049297965171,-1.1707566365941973
F6,B1,ac_power_kw,0.7-1,8,5.706298096313385,7.315560948557249,557.5158908880355,16.01318955510616,0,,-0.982121081465511
F6,B1,ac_power_clean,all,375,1.2567135797293776,2.6351990045345914,49.464073343032794,2.2891853299638147,30,1.702163710336667,0.6381775492222159
F6,B1,ac_power_clean,0-0.3,220,0.733878299119871,2.193678779923969,-33.06599189138895,1.3530343002513967,18,0.7923493197438065,0.8123187216615344
F6,B1,ac_power_clean,0.3-0.7,147,1.8825875957414047,2.995316493738511,154.05003015296106,3.311829699754111,12,3.007175276243803,0.358725654168217
F6,B1,ac_power_clean,0.7-1,8,4.1342487522698255,5.321424279724286,397.27391090719993,11.102407638061049,0,,-2.095863675959972
F6,B2a,ac_power_kw,all,375,3.054333563675672,3.9191424067750433,230.72039995959247,5.85967248628793,30,5.260359966941639,-0.7750618413089072
F6,B2a,ac_power_kw,0-0.3,220,3.335835795412758,4.151095101212432,300.30914887561295,6.485870390061752,18,6.34060041789157,-1.2842921142054227
F6,B2a,ac_power_kw,0.3-0.7,147,2.5894832942055817,3.4441695328947675,160.10784997379128,4.7901831376877615,12,3.7228277174070987,-0.26482430172611937
F6,B2a,ac_power_kw,0.7-1,8,3.854645892418732,5.305308410994373,-385.46458924187317,10.817026082635028,0,,-0.3389372156852011
F6,B2a,ac_power_clean,all,375,1.4688448123249116,2.779965623411514,-46.60018310595308,2.675596134714894,30,2.154590561088658,0.5771025010153233
F6,B2a,ac_power_clean,0-0.3,220,0.8189601246434559,2.197497976298107,19.59998292011871,1.5098976771893373,18,0.7376069585958098,0.7905599834664042
F6,B2a,ac_power_clean,0.3-0.7,147,2.224415317431734,3.1012825453059794,-118.51300920664524,3.9131696870429784,12,4.187071041804015,0.24228732794637298
F6,B2a,ac_power_clean,0.7-1,8,5.457065692227088,7.261712550916891,-545.7065692227088,14.654794970795868,0,,-3.086433223114045
F6,B2b,ac_power_kw,all,375,3.3989047956387606,4.316876221106569,314.74317785419265,6.520724897692084,30,6.118876903241894,-0.9753134617424066
F6,B2b,ac_power_kw,0-0.3,220,3.309895327063198,4.119510621689667,297.74009936350876,6.435434299710989,18,6.420019556753562,-1.266528767648862
F6,B2b,ac_power_kw,0.3-0.7,147,3.6473227851400583,4.6915678885326235,353.42032941703906,6.7470387401909235,12,5.6902533120058525,-0.7815224007072861
F6,B2b,ac_power_kw,0.7-1,8,1.2819846243803654,1.549707544899131,71.63517638069692,3.597544756765708,0,,0.5546940052534868
F6,B2b,ac_power_clean,all,375,1.1239915029071408,2.2461062989209966,37.422594788647054,2.047423455082809,30,1.452301030991533,0.6763897782318524
F6,B2b,ac_power_clean,0-0.3,220,0.81725438440013,2.197562176095192,17.03093340801448,1.5067528436940467,18,0.7568901415700345,0.790996207714709
F6,B2b,ac_power_clean,0.3-0.7,147,1.581925602198047,2.3384723857409107,74.7994702366025,2.782908059105552,12,2.449778388061538,0.46114151182187635
F6,B2b,ac_power_clean,0.7-1,8,1.1447231873795296,1.7877522660622005,-88.60680360013868,3.0741216169081165,0,,0.14279300855041777
F6,B1_defTL,ac_power_kw,all,375,1.2969615595753448,2.5351183516940043,26.155661324051312,2.4881925329959547,30,1.8412506431580755,0.2462555493525842
F6,B1_defTL,ac_power_kw,0-0.3,220,0.8614862692899924,2.1985341534592426,-50.51795826431387,1.6749890066880109,18,1.0154156568043273,0.41007699055765934
F6,B1_defTL,ac_power_kw,0.3-0.7,147,1.8251665541447237,2.834521417188787,123.7875581607537,3.3763037091992247,12,3.016681468023248,0.10850360859802766
F6,B1_defTL,ac_power_kw,0.7-1,8,3.5667652672101933,4.549789122382891,340.69409562968735,10.00916660125163,0,,-0.2389399413507305
F6,B1_defTL,ac_power_clean,all,375,2.8963747846060506,3.889537537976296,-251.16492174149428,5.275934607490325,30,4.929691068998995,0.16610002482601505
F6,B1_defTL,ac_power_clean,0-0.3,220,3.3168569578248492,4.40549820077006,-331.22712421980805,6.11521179785081,18,5.722684513277777,0.1517504269345874
F6,B1_defTL,ac_power_clean,0.3-0.7,147,2.3141131048377037,3.030581314829864,-154.8333010196828,4.070965158024147,12,3.7922441049011852,0.21173316405437692
F6,B1_defTL,ac_power_clean,0.7-1,8,2.0321733868324685,2.5794132898322255,180.45211564885176,5.457343929642833,0,,-0.5217593687590916
F6,B2a_defTL,ac_power_kw,all,375,1.5611293536355157,2.84399187217987,-72.33873276160338,2.994992698186468,30,2.5444886616119877,0.09273133165887082
F6,B2a_defTL,ac_power_kw,0-0.3,220,0.8734068643912247,2.1709501385567527,-5.102812340106634,1.6981662370856574,18,0.8559764571174725,0.4019140823522176
F6,B2a_defTL,ac_power_kw,0.3-0.7,147,2.3718856000116526,3.2563879142820578,-146.55594997431427,4.387657735087212,12,4.947788747125362,-0.15853944859271296
F6,B2a_defTL,ac_power_kw,0.7-1,8,5.575851780692016,7.39464436251869,-557.5851780692016,15.647127084559848,0,,-0.9368096750460557
F6,B2a_defTL,ac_power_clean,all,375,3.5580826289738297,4.917292846136671,-349.659315827149,6.481278382302476,30,6.369271321545366,-0.02441335691017299
F6,B2a_defTL,ac_power_clean,0-0.3,220,2.8952738998472904,4.075569164168894,-285.8119782956009,5.337948948502898,18,5.045439885735238,0.25956564281160543
F6,B2a_defTL,ac_power_clean,0.3-0.7,147,4.353024185406661,5.659546557763161,-425.17680915475074,7.657797604525382,12,8.268137016467934,-0.4827903589725073
F6,B2a_defTL,ac_power_clean,0.7-1,8,7.178271580500371,9.385338190975487,-717.8271580500372,19.27704451254133,0,,-4.375329733133696
F6,B2b_defTL,ac_power_kw,all,375,1.5172439753986857,2.671807162741046,-69.03853235824884,2.9107995548890395,30,2.4778785897207336,0.11823583490829948
F6,B2b_defTL,ac_power_kw,0-0.3,220,0.8747043603791661,2.1756990090647674,-2.7061600983800584,1.700688960422635,18,0.881473049919743,0.40102559142063665
F6,B2b_defTL,ac_power_kw,0.3-0.7,147,2.3567470154740606,3.1188256657774462,-151.59947204802262,4.359653463909754,12,4.750081041148267,-0.15114505849962834
F6,B2b_defTL,ac_power_kw,0.7-1,8,3.761215027050467,5.070394455582448,-376.12150270504674,10.554837509204873,0,,-0.30648337524779934
F6,B2b_defTL,ac_power_clean,all,375,3.521399274117963,4.80638806916574,-346.35911542379444,6.414457271156379,30,6.309156029794266,-0.013851792548340569
F6,B2b_defTL,ac_power_clean,0-0.3,220,2.870898106863645,4.04920751936496,-283.4153260538743,5.293007867614891,18,5.0296318502526045,0.2657994829362841
F6,B2b_defTL,ac_power_clean,0.3-0.7,147,4.39468071883921,5.629048306907256,-430.22033122845914,7.731079371027398,12,8.144468672048278,-0.49698001276976234
F6,B2b_defTL,ac_power_clean,0.7-1,8,5.363634826858823,7.0534144427382355,-536.3634826858823,14.403889034686976,0,,-3.0164690676799264
F6,B2b_dryTL,ac_power_kw,all,375,3.417333438850717,4.33710919614131,316.44479837874314,6.556079848727217,30,6.154544289009142,-0.9860234842958284
F6,B2b_dryTL,ac_power_kw,0-0.3,220,3.3597221814209246,4.170570714629661,302.7575408281714,6.532312725127823,18,6.514238044069379,-1.300648879508545
F6,B2b_dryTL,ac_power_kw,0.3-0.7,147,3.623530097043544,4.673054031907803,350.99780349176825,6.703025583753415,12,5.642583504838391,-0.7699009431851618
F6,B2b_dryTL,ac_power_kw,0.7-1,8,1.2127794238767797,1.4678024622777481,57.932912067628806,3.403338990582724,0,,0.5787328978156939
F6,B2b_dryTL,ac_power_clean,all,375,1.1320396185605988,2.2495153803325394,39.12421531319757,2.0620836199643846,30,1.4913737873433026,0.6740726321638484
F6,B2b_dryTL,ac_power_clean,0-0.3,220,0.8274108140098216,2.2017636392287083,22.048374872677165,1.5254780160373116,18,0.824019744460213,0.7883988128949037
F6,B2b_dryTL,ac_power_clean,0.3-0.7,147,1.5829570323753932,2.3354594580893178,72.37694431133174,2.7847225409932927,12,2.4486072115693283,0.46079017108546383
F6,B2b_dryTL,ac_power_clean,0.7-1,8,1.223724264860124,1.9143989232925815,-102.30906791320679,3.286276767358135,0,,0.08363436068250907
F7,B0,ac_power_kw,all,379,2.502905847711457,4.6137030039500395,102.18262012977785,5.076250633200075,31,4.476202143916047,0.0
F7,B0,ac_power_kw,0-0.3,142,1.490982532615046,2.1217500666003857,-120.42204742433113,2.7509807489685074,11,2.3746860093778706,0.0
F7,B0,ac_power_kw,0.3-0.7,214,2.4915175736824726,4.63093802698422,168.05489379387555,5.426464859857837,19,5.262145443247615,0.0
F7,B0,ac_power_kw,0.7-1,23,8.856392864489411,11.10987861394948,863.6259344152805,17.480789807071442,1,14.912799767332862,0.0
F7,B0,ac_power_clean,all,379,3.168452925606773,4.976943633119862,-12.152937217713395,6.28043881940213,31,5.761773765595982,0.0
F7,B0,ac_power_clean,0-0.3,142,3.2437609926798876,3.9941530581286098,-321.7198959866444,5.770667088125564,11,5.805717509780132,0.0
F7,B0,ac_power_clean,0.3-0.7,214,2.5543002240539803,4.577268996282498,104.56454776335308,5.487324981921594,19,5.3368883912917155,0.0
F7,B0,ac_power_clean,0.7-1,23,8.417797821603093,10.711345757435398,813.1064697057632,16.45104632860112,1,14.475259059409439,0.0
F7,B1,ac_power_kw,all,379,4.094016405158207,6.324993105319956,404.9597391095071,8.30325015542162,31,8.213162049043076,-0.6357053178414958
F7,B1,ac_power_kw,0-0.3,142,2.3113236292101247,3.094960471005452,221.3881031969627,4.264574982941629,11,4.936138374464,-0.5502016815423558
F7,B1,ac_power_kw,0.3-0.7,214,4.471395165189473,6.642125940586171,445.7386017891445,9.738590245051657,19,9.717554085098156,-0.7946472513058511
F7,B1,ac_power_kw,0.7-1,23,11.588943341590241,13.769365642002168,1158.894334159024,22.8743107651287,1,18.43586060422784,-0.3085398896493472
F7,B1,ac_power_clean,all,379,3.100761683591456,5.730724015768875,290.62418176201584,6.1462627044121545,31,5.866284920246957,0.02136413057244757
F7,B1,ac_power_clean,0-0.3,142,0.6765935077108661,1.0115272073347579,20.09025463464949,1.2036632463974613,11,1.091186205760757,0.791416966528139
F7,B1,ac_power_clean,0.3-0.7,214,3.851337289779591,6.20259525104797,382.24825575862207,8.273710006755705,19,8.269985513676849,-0.5077856759011115
F7,B1,ac_power_clean,0.7-1,23,11.083748694495062,13.300005149447388,1108.3748694495061,21.661159739399107,1,17.98490552875134,-0.31670407503137943
F7,B2a,ac_power_kw,all,379,3.1899241477991884,4.44352852428923,174.35940792750733,6.4696218956585385,31,5.879938806204398,-0.2744882715887653
F7,B2a,ac_power_kw,0-0.3,142,2.8448840370825557,3.530455581106522,280.395561665726,5.249036154256917,11,5.862469326874109,-0.9080599368879869
F7,B2a,ac_power_kw,0.3-0.7,214,2.9567424410317997,4.0315587583968,177.95094974011732,6.439713339928514,19,5.649370729939803,-0.18672349425242984
F7,B2a,ac_power_kw,0.7-1,23,7.489775494320181,9.858097863885542,-513.7155389736055,14.78335402704766,1,11.112894866924979,0.15430857585923252
F7,B2a,ac_power_clean,all,379,2.396110658567974,3.9412308891807863,60.02385058001605,4.749518692240513,31,3.9493226135187807,0.24376005740747808
F7,B2a,ac_power_clean,0-0.3,142,1.0511421308306572,1.3409953739884644,79.09771310341276,1.8699871269847457,11,1.6971584862847393,0.6759495742125444
F7,B2a,ac_power_clean,0.3-0.7,214,2.7075005396961926,3.8645385398365484,114.46060370959485,5.816440530417125,19,5.001497424447441,-0.059977411503752354
F7,B2a,ac_power_clean,0.7-1,23,7.802549631492334,10.290878337933806,-564.2350036831227,15.24865626250512,1,11.451340427244931,0.07308897209811949
F7,B2b,ac_power_kw,all,379,3.5129607884336145,4.854722509629933,331.4414457578224,7.1247863530298385,31,6.726929135326271,-0.4035529109677478
F7,B2b,ac_power_kw,0-0.3,142,2.889396489322844,3.5557860867136157,284.18359142484616,5.331165150756723,11,6.120893661663699,-0.9379143793556781
F7,B2b,ac_power_kw,0.3-0.7,214,3.790786880505949,5.365818066678004,374.8322842190103,8.256241904756969,19,7.316624462515494,-0.521477079089252
F7,B2b,ac_power_kw,0.7-1,23,4.777801952357529,6.512580713844909,219.48387552253692,9.43044792015249,1,1.8568823309444447,0.4605250664167574
F7,B2b,ac_power_clean,all,379,2.519008002122531,4.131692957239596,217.10588841033123,4.99312314696462,31,4.407746525105101,0.20497224946457748
F7,B2b,ac_power_clean,0-0.3,142,1.0604980664527823,1.3767943490353254,82.88574286253295,1.8866313834188837,11,1.945414744606667,0.673065287841496
F7,B2b,ac_power_clean,0.3-0.7,214,3.2399430026717013,4.9498656746911855,311.34193818848775,6.96027037508758,19,6.0665629162625745,-0.2684268560762697
F7,B2b,ac_power_clean,0.7-1,23,4.815891512886951,6.451982283373739,168.96441081301955,9.411779193448508,1,1.4690531901334187,0.4278917580406073
F7,B1_defTL,ac_power_kw,all,379,2.3718865698102314,4.322938828145698,96.69774320721267,4.810524819735842,31,4.124293746175428,0.05234686635177421
F7,B1_defTL,ac_power_kw,0-0.3,142,1.5066470176782005,2.234372294239359,-98.05428848832825,2.779882963386581,11,2.1823537784303806,-0.010506149281092059
F7,B1_defTL,ac_power_kw,0.3-0.7,214,2.327690774929343,4.307782859588957,150.3527526267928,5.06965406473151,19,4.958260907857025,0.06575382027548493
F7,B1_defTL,ac_power_kw,0.7-1,23,8.12501337447365,10.220516725263105,799.8549816844587,16.037189536646252,1,11.43073529841136,0.08258209648177428
F7,B1_defTL,ac_power_clean,all,379,2.9435843621151556,4.599950361618959,-17.637814140278593,5.834709219318048,31,5.251039459809483,0.07097109181401329
F7,B1_defTL,ac_power_clean,0-0.3,142,3.017276563037661,3.6891846447817938,-299.3521370506415,5.367750150947183,11,4.888938536431771,0.06982155286820713
F7,B1_defTL,ac_power_clean,0.3-0.7,214,2.3849419610457363,4.249692797830264,86.86240659627035,5.123497809708831,19,5.212584013376749,0.0663031938898131
F7,B1_defTL,ac_power_clean,0.7-1,23,7.686418331587331,9.829013988387308,749.3355169749415,15.021698875855266,1,11.006452860722858,0.086884896206319
F7,B2a_defTL,ac_power_kw,all,379,2.769323539563682,4.4075810107368865,-127.30720969013458,5.61658377365645,31,4.68525482400443,-0.10644335347085665
F7,B2a_defTL,ac_power_kw,0-0.3,142,1.6827670189826378,2.2015085687929146,-50.0412306297989,3.104838301560156,11,2.5896973285324036,-0.1286295997252358
F7,B2a_defTL,ac_power_kw,0.3-0.7,214,2.8160013727594437,3.9451600341969884,-108.10315273665884,6.133182705994432,19,5.402444608159377,-0.1302354045198979
F7,B2a_defTL,ac_power_kw,0.7-1,23,9.043322218633916,12.05740891667397,-783.0218711949811,17.849751843712088,1,16.53616191463242,-0.021106714325424436
F7,B2a_defTL,ac_power_clean,all,379,3.4454242258333028,4.98904870501203,-241.64276703762584,6.829445336666343,31,5.856684430850092,-0.08741531174034689
F7,B2a_defTL,ac_power_clean,0-0.3,142,2.8182913390205804,3.4455634706748826,-251.33907919211208,5.013754438608959,11,4.188046105082839,0.13116553735600545
F7,B2a_defTL,ac_power_clean,0.3-0.7,214,3.2100542158763106,4.386710922046219,-171.59349876718136,6.896061209337528,19,6.38801490415284,-0.256725495948777
F7,B2a_defTL,ac_power_clean,0.7-1,23,9.507252576189952,12.562326981820737,-833.5413359044985,18.58018639830286,1,16.853957903206524,-0.129422775133768
F7,B2b_defTL,ac_power_kw,all,379,2.556097985510144,3.6846507471900556,-84.95901300739749,5.184131887874013,31,4.233634754491497,-0.021252152911514166
F7,B2b_defTL,ac_power_kw,0-0.3,142,1.7005013459683982,2.221412158281744,-51.58967611091835,3.1375595381048735,11,2.599734674013154,-0.1405239892286836
F7,B2b_defTL,ac_power_kw,0.3-0.7,214,2.680581597884774,3.6741354388046186,-74.70205912181729,5.838241720047003,19,4.988743260804429,-0.075883078730552
F7,B2b_defTL,ac_power_kw,0.7-1,23,6.680238410151751,8.225050060429236,-386.41266391236286,13.185485930418945,1,9.221431603873246,0.2457156641123237
F7,B2b_defTL,ac_power_clean,all,379,3.20969654960412,4.305744727257274,-199.29457035488878,6.362191038320187,31,5.42066258554068,-0.013016959685285157
F7,B2b_defTL,ac_power_clean,0-0.3,142,2.8343960015487313,3.4637262080926243,-252.88752467323158,5.042404714084339,11,4.212238446733382,0.12620072565610096
F7,B2b_defTL,ac_power_clean,0.3-0.7,214,3.0533196307467794,4.095498719665024,-138.19240515233977,6.559353097889539,19,5.979690901723783,-0.1953644297539916
F7,B2b_defTL,ac_power_clean,0.7-1,23,6.9817547434882945,8.681240869447858,-436.9321286218803,13.644562767389328,1,9.567079078834581,0.17059605238194198
F7,B2b_dryTL,ac_power_kw,all,379,3.5466133348487623,4.879542384124423,333.8754392572921,7.193038524882362,31,6.782393735521278,-0.41699830143096417
F7,B2b_dryTL,ac_power_kw,0-0.3,142,2.9401216564645964,3.608263851715898,289.64788202040955,5.424757097840384,11,6.220796697483037,-0.9719356814381277
F7,B2b_dryTL,ac_power_kw,0.3-0.7,214,3.812792432674388,5.3828411913060865,376.93541404805444,8.30416946377768,19,7.358755488542195,-0.5303092673109528
F7,B2b_dryTL,ac_power_kw,0.7-1,23,4.814417308582128,6.509326794657651,206.28754892747367,9.50271948213792,1,1.6203365454568475,0.45639072450297313
F7,B2b_dryTL,ac_power_clean,all,379,2.545332714554238,4.14535559149085,219.53988190980084,5.045303422243297,31,4.462847610603383,0.19666386898685084
F7,B2b_dryTL,ac_power_clean,0-0.3,142,1.0938454311152168,1.4051520262697343,88.35003345809639,1.9459565125413745,11,2.0413869520526258,0.6627848249042794
F7,B2b_dryTL,ac_power_clean,0.3-0.7,214,3.260501820598737,4.963587681097625,313.4450680175319,7.004436254316433,19,6.10962562215293,-0.27647556457710776
F7,B2b_dryTL,ac_power_clean,0.7-1,23,4.852506869111548,6.460556489827165,155.76808421795636,9.483337210682325,1,1.2334080737675215,0.42354200327094194
F8,B0,ac_power_kw,all,347,8.428284355850268,11.441177454019037,-648.0362129744695,18.48660111027357,28,16.73111815504195,0.0
F8,B0,ac_power_kw,0-0.3,28,13.956592691270142,16.638051885667657,-1394.4642444964725,27.057784450325475,1,26.464115959159063,0.0
F8,B0,ac_power_kw,0.3-0.7,217,9.381845101775971,12.25204387807277,-872.8430619608157,19.543522034054416,20,18.176494143117313,0.0
F8,B0,ac_power_kw,0.7-1,102,4.882055774893069,7.068963268649139,35.131150875071604,12.578591975301748,7,9.838383247530096,0.0
F8,B0,ac_power_clean,all,347,8.640841184133148,11.743750491049402,-673.6880703219626,18.846782287102812,28,17.12293720110253,0.0
F8,B0,ac_power_clean,0-0.3,28,14.482010191507289,17.23926318999918,-1447.0087952032943,27.793290092389974,1,27.254391578244597,0.0
F8,B0,ac_power_clean,0.3-0.7,217,9.630818876950158,12.595103410937252,-899.5482542126432,19.951175921723287,20,18.661726402224314,0.0
F8,B0,ac_power_clean,0.7-1,102,4.931254012096217,7.078834280886722,19.102519883478493,12.653096622421364,7,9.802466892430619,0.0
F8,B1,ac_power_kw,all,347,8.70965802541761,13.39482965535191,846.6672879051864,19.103766190686976,28,18.575058679445657,-0.033384453785310964
F8,B1,ac_power_kw,0-0.3,28,0.6877495602692114,0.8933803333602008,13.219543273884103,1.3333468826678863,1,0.04914094790995928,0.9507222446421755
F8,B1,ac_power_kw,0.3-0.7,217,6.563081807637741,10.193722042502023,624.6213926448503,13.671695975303338,20,14.30441404421679,0.30044871382545446
F8,B1,ac_power_kw,0.7-1,102,15.478486224264543,19.725568719403746,1547.8486224264543,39.88024135480449,7,36.89324206356384,-2.1704853319918422
F8,B1,ac_power_clean,all,347,8.56260642677669,13.26927380462588,821.0154305576933,18.676142252439405,28,18.033991352739747,0.009054067270686361
F8,B1,ac_power_clean,0-0.3,28,0.8759008269283478,1.1326645576034111,-39.325007432937824,1.6809935535924447,1,1.1232930852753262,0.9395180078355418
F8,B1,ac_power_clean,0.3-0.7,217,6.378999150571239,10.076812920138309,597.9162003930229,13.214715787269899,20,13.665446295623248,0.3376472725659534
F8,B1,ac_power_clean,0.7-1,102,15.318199914348614,19.56060923699286,1531.8199914348615,39.3049441627583,7,36.42691159727858,-2.106349800025213
F8,B2a,ac_power_kw,all,347,3.7199948985705027,5.760662136707166,116.10729778564394,8.159437783371722,28,6.1795949536981,0.5586296402080493
F8,B2a,ac_power_kw,0-0.3,28,0.9389527327745131,1.3021464666988136,77.46943799497804,1.820356960646153,1,1.2162605765376249,0.9327233549373531
F8,B2a,ac_power_kw,0.3-0.7,217,3.7620366332682926,5.934218280075861,191.4502420916736,7.8367789105024634,20,6.018432507181689,0.5990088737921986
F8,B2a,ac_power_kw,0.7-1,102,4.393976508500575,6.1246483699540875,-33.574651628765764,11.321058217672718,7,7.724266407162996,0.09997412747771894
F8,B2a,ac_power_clean,all,347,3.7921617621475807,5.827643244366649,90.45544043815086,8.271190918299641,28,6.142848877104842,0.5611351162070904
F8,B2a,ac_power_clean,0-0.3,28,1.0174035451933967,1.308837657575056,24.924887288156096,1.9525598655612462,1,0.12850941896371332,0.9297470771157146
F8,B2a,ac_power_clean,0.3-0.7,217,3.850113116779961,5.996342545564613,164.745049839846,7.975882953759436,20,6.043681970385578,0.6002299320575327
F8,B2a,ac_power_clean,0.7-1,102,4.430571429985725,6.210498927789215,-49.60328262035889,11.368396002038097,7,7.695551847251422,0.10153250692061966
F8,B2b,ac_power_kw,all,347,5.376483100307412,8.083986838952235,488.60448075999136,11.792779438263633,28,10.98295326221333,0.3620904476750989
F8,B2b,ac_power_kw,0-0.3,28,1.0390651274507516,1.351591411822268,84.4540167428452,2.0144458515292367,1,1.3392027762008467,0.9255502291687077
F8,B2b,ac_power_kw,0.3-0.7,217,5.1423295304242815,7.916268230529228,467.9122129705096,10.71209654326858,20,9.932603781900491,0.451885053031749
F8,B2b,ac_power_kw,0.7-1,102,7.065297099372369,9.407333146948112,643.5695307874194,18.203702189214447,7,16.506373496005846,-0.44719712865777717
F8,B2b,ac_power_clean,all,347,5.28391305435001,8.003092496812148,462.95262341249816,11.524891713341386,28,10.578574930997243,0.3884955247120314
F8,B2b,ac_power_clean,0-0.3,28,0.9643465090086365,1.3151570997721582,31.909466036023275,1.8507349408011295,1,0.2501303830938635,0.9334107284654336
F8,B2b,ac_power_clean,0.3-0.7,217,5.038972477733649,7.844817812136741,441.2070207186819,10.438720492251887,20,9.510235325801997,0.47678670504398823
F8,B2b,ac_power_clean,0.7-1,102,6.99077548959813,9.300173864920673,627.5408997958261,17.937619420650975,7,16.32518602421107,-0.41764660113836527
F8,B1_defTL,ac_power_kw,all,347,6.716686764554994,10.878421879273203,537.5264098986795,14.732382505912222,28,13.548909498875414,0.2030778173860751
F8,B1_defTL,ac_power_kw,0-0.3,28,2.7705700469975425,3.2689959113104936,-267.58649338452864,5.371331584612237,1,5.422365115839926,0.8014866444636923
F8,B1_defTL,ac_power_kw,0.3-0.7,217,4.601591399480793,7.865710187806672,316.0074264239634,9.585673386405015,20,9.559936144745347,0.5095217039333
F8,B1_defTL,ac_power_kw,0.7-1,102,12.299696198993331,16.371641329055937,1229.8085736824369,31.690104955979443,7,28.822231100967098,-1.5193682264440596
F8,B1_defTL,ac_power_clean,all,347,6.734534080308109,10.818564843910274,511.8745525511865,14.688882125238848,28,13.489307872844655,0.22061591727036012
F8,B1_defTL,ac_power_clean,0-0.3,28,3.2937665866070818,3.881894099276021,-320.1310440913506,6.321264039150893,1,6.43877227453015,0.772561506099571
F8,B1_defTL,ac_power_clean,0.3-0.7,217,4.637822440780512,7.850919399233596,289.30223417213574,9.607699261293766,20,9.56127300252228,0.5184394494345225
F8,B1_defTL,ac_power_clean,0.7-1,102,12.139709723456315,16.214311331017484,1213.7799426908437,31.1492613688633,7,28.383394747969284,-1.4617895759735706
F8,B2a_defTL,ac_power_kw,all,347,4.108448569648334,5.93065034505937,-156.84500646172955,9.011472167101626,28,7.317143430855791,0.5125403467436924
F8,B2a_defTL,ac_power_kw,0-0.3,28,2.56545847997052,3.0871474265984067,-212.9359597191922,4.973679758579003,1,4.355801167451632,0.8161830371695796
F8,B2a_defTL,ac_power_kw,0.3-0.7,217,4.066712242272438,5.762340398518207,-98.52178896940127,8.471455182943192,20,6.76561481913666,0.5665338536123757
F8,B2a_defTL,ac_power_kw,0.7-1,102,4.620806467212531,6.811648371555023,-265.5272761149284,11.905484457349326,7,9.796668139588647,0.0535121513818142
F8,B2a_defTL,ac_power_clean,all,347,4.2894663285314145,6.14835996721578,-182.49686380922265,9.355875926771816,28,7.692015709706936,0.5035823206185064
F8,B2a_defTL,ac_power_clean,0-0.3,28,3.0641376351716696,3.68193707681137,-265.4805104260141,5.880569413442203,1,5.383670478200008,0.7884176578629549
F8,B2a_defTL,ac_power_clean,0.3-0.7,217,4.2525753244494995,5.995838841503775,-125.22698122122887,8.80962247369555,20,7.124488397333079,0.5584409406112532
F8,B2a_defTL,ac_power_clean,0.7-1,102,4.70431487068679,6.9569079865976,-281.5559071065215,12.07079384981643,7,10.103948186235636,0.04602057425002892
F8,B2b_defTL,ac_power_kw,all,347,4.01858382098856,5.718198526055726,27.7882601092753,8.814362803889992,28,7.1001783509644545,0.5232026292279557
F8,B2b_defTL,ac_power_kw,0-0.3,28,2.566055250283375,3.087418940429518,-212.99333746736804,4.974836723093822,1,4.3429572322134575,0.8161402781433578
F8,B2b_defTL,ac_power_kw,0.3-0.7,217,3.94082826059758,5.738248225073453,-4.691252445427062,8.20922357040768,20,6.721176049713887,0.5799516813753847
F8,B2b_defTL,ac_power_kw,0.7-1,102,4.582738297308046,6.2103395574854785,162.98374007512268,11.807402010414261,7,8.948610291808974,0.06130972102455734
F8,B2b_defTL,ac_power_clean,all,347,4.177898617887822,5.861116403004757,2.136402761782231,9.112532448056877,28,7.4021942915053955,0.5164939930200847
F8,B2b_defTL,ac_power_clean,0-0.3,28,3.0647344054845247,3.6822588720735445,-265.53788817418996,5.881714710966812,1,5.370964574196574,0.7883764501642332
F8,B2b_defTL,ac_power_clean,0.3-0.7,217,4.12020501558767,5.920668032190386,-31.396444697254683,8.535404533076202,20,7.0803131600610385,0.5721853906474423
F8,B2b_defTL,ac_power_clean,0.7-1,102,4.606213418342973,6.21032012299532,146.95510908352952,11.819075493337257,7,8.915724971924051,0.06591438870435995
F8,B2b_dryTL,ac_power_kw,all,347,4.203030290950151,6.59304529178222,228.11526337960572,9.218927739339895,28,7.942910343650107,0.5013184043757695
F8,B2b_dryTL,ac_power_kw,0-0.3,28,2.0696276247739895,2.454589532290633,-180.2143038011595,4.012407569836257,1,3.7292098274432472,0.8517096779596827
F8,B2b_dryTL,ac_power_kw,0.3-0.7,217,3.8569649128351164,6.442429056309668,201.69828794969382,8.03452603841208,20,6.972471960204623,0.5888905784529529
F8,B2b_dryTL,ac_power_kw,0.7-1,102,5.524907366478534,7.610763513883937,396.4065530791382,14.23489584483384,7,12.106230672563672,-0.13167641281188458
F8,B2b_dryTL,ac_power_clean,all,347,4.311307734597351,6.619661786736289,202.4634060321126,9.403514833239024,28,8.1283139618141,0.5010546261961111
F8,B2b_dryTL,ac_power_clean,0-0.3,28,2.56830677997514,3.0634224590348094,-232.7588545079814,4.928990826422809,1,4.763812991542238,0.8226553671753887
F8,B2b_dryTL,ac_power_clean,0.3-0.7,217,3.975596357520856,6.4907210782713864,174.9930956978662,8.2358336644141,20,7.214751811011031,0.5872005892421239
F8,B2b_dryTL,ac_power_clean,0.7-1,102,5.503988083175993,7.541163214192441,380.377922087545,14.122674040771505,7,11.940032404206892,-0.1161436968517291
