fold,date,actual_kwh,bl50_kwh,b2b_kwh,m2_kwh,n_hours,mean_fc_cloud,err_kwh,abs_err_kwh,err_pct
F1,2024-07-01,57258.1,59279.834023150695,61843.57192828704,56716.09611801436,12,0.5745833333333333,2021.7340231506969,2021.7340231506969,3.530913570570272
F1,2024-07-02,63035.12,56706.051137753755,58564.29486169778,54847.80741380972,12,0.738,-6329.068862246248,6329.068862246248,-10.040543846424416
F1,2024-07-03,56801.65,61384.10164620242,63288.12753037027,59480.07576203456,13,0.5925384615384615,4582.4516462024185,4582.4516462024185,8.06746220611975
F1,2024-07-04,48459.229999999996,43826.06488087182,45451.251599590556,42200.87816215307,12,0.83625,-4633.165119128178,4633.165119128178,-9.560954887496518
F1,2024-07-05,58300.22,59109.943870935385,60808.47098751913,57411.416754351645,13,0.6713076923076924,809.7238709353842,809.7238709353842,1.388886475789258
F1,2024-07-06,62577.85,66704.82032241313,67153.88795624004,66255.7526885862,13,0.3078461538461538,4126.97032241313,4126.97032241313,6.594937861261021
F1,2024-07-07,66299.5,64033.83583534727,66888.67614701884,61178.9955236757,12,0.46416666666666667,-2265.664164652728,2265.664164652728,-3.4173171210231263
F1,2024-07-08,55628.950000000004,58244.29071672869,61077.50915671622,55411.07227674116,13,0.6453846153846154,2615.340716728686,2615.340716728686,4.70140226757594
F1,2024-07-09,68085.38,63730.84856018386,66790.95560198811,60670.741518379604,13,0.5073076923076922,-4354.531439816143,4354.531439816143,-6.39569234954133
F1,2024-07-10,49320.36,54978.84632315628,57473.97284539311,52483.71980091945,13,0.7606923076923077,5658.486323156278,5658.486323156278,11.472921777449065
F1,2024-07-11,63458.159999999996,60788.17476556203,63929.47249258702,57646.87703853703,13,0.6116153846153847,-2669.9852344379688,2669.9852344379688,-4.20747345091312
F1,2024-07-12,65928.82,64935.04914262743,66521.2515934503,63348.84669180456,13,0.3913076923076923,-993.7708573725758,993.7708573725758,-1.507339062602024
F1,2024-07-13,69198.35,66926.11205495003,68180.0229472788,65672.20116262128,13,0.2293846153846154,-2272.237945049972,2272.237945049972,-3.283659140788721
F1,2024-07-14,63372.299999999996,64672.29782400553,66678.6819915215,62665.91365648956,13,0.46599999999999997,1299.9978240055352,1299.9978240055352,2.0513660132353335
F1,2024-07-15,51903.5,48076.21549059161,48742.76850796082,47409.6624732224,13,0.8726153846153846,-3827.2845094083896,3827.2845094083896,-7.37384667586654
F1,2024-07-16,56624.2,53163.58352430792,53016.80118453197,53310.36586408386,13,0.8338461538461538,-3460.616475692077,3460.616475692077,-6.111550318930911
F1,2024-07-17,63068.5,65933.8627022743,67883.62456172564,63984.100842822954,13,0.40653846153846157,2865.362702274302,2865.362702274302,4.543254877275189
F1,2024-07-18,55107.8,53286.38345180166,56467.91449224989,50104.85241135343,13,0.788,-1821.4165481983437,1821.4165481983437,-3.305188282236532
F1,2024-07-19,59411.2,58121.41407810585,62301.00916116929,53941.81899504241,13,0.7016923076923077,-1289.7859218941448,1289.7859218941448,-2.170947433975656
F1,2024-07-20,50035.7,57177.34005711036,60651.79959319393,53702.8805210268,13,0.7146923076923077,7141.640057110366,7141.640057110366,14.273089128582924
F1,2024-07-21,42753.1,51159.9643679151,53606.56679503593,48713.36194079427,13,0.7503076923076922,8406.8643679151,8406.8643679151,19.66375389834912
F1,2024-07-22,48936.9,52824.03846775124,56156.933752550955,49491.14318295152,13,0.7906923076923077,3887.1384677512397,3887.1384677512397,7.94316449908196
F1,2024-07-23,64324.5,60854.97133614623,64100.2107217872,57609.73195050525,13,0.6592307692307693,-3469.5286638537727,3469.5286638537727,-5.393790334715034
F1,2024-07-24,40638.9,48597.53265798902,49753.230054264386,47441.83526171364,13,0.8882307692307693,7958.632657989016,7958.632657989016,19.58377972334147
F1,2024-07-25,55440.700000000004,50641.66980085372,52411.41085752033,48871.928744187106,13,0.859,-4799.030199146284,4799.030199146284,-8.656150083145205
F1,2024-07-26,54704.6,51254.99004059435,53407.015561141336,49102.96452004736,13,0.8187692307692308,-3449.6099594056504,3449.6099594056504,-6.305886450875521
F1,2024-07-27,59474.7,65011.963750923474,68069.92572069325,61954.00178115371,13,0.5191538461538461,5537.263750923477,5537.263750923477,9.310284458641199
F1,2024-07-28,53916.200000000004,54934.61909850644,57737.11861457233,52132.119582440544,12,0.6291666666666667,1018.4190985064342,1018.4190985064342,1.8888925749708514
F1,2024-07-29,50266.4,50407.95772139774,51013.58850975449,49802.326933041,12,0.8231666666666667,141.55772139773762,141.55772139773762,0.28161499808567475
F1,2024-07-30,59121.6,55037.99049319646,58013.744618321485,52062.23636807144,13,0.7889999999999999,-4083.6095068035356,4083.6095068035356,-6.907136320403263
F1,2024-07-31,68883.4,61732.54435187639,65125.1341604546,58339.954543298176,13,0.5696153846153846,-7150.855648123601,7150.855648123601,-10.381101467296332
F1,2024-08-01,56561.799999999996,58504.022162135305,62293.727707175625,54714.316617094984,13,0.7290769230769231,1942.2221621353092,1942.2221621353092,3.4338054342954245
F1,2024-08-02,58884.2,57528.12412412525,60808.79652132,54247.4517269305,13,0.7469230769230768,-1356.075875874747,1356.075875874747,-2.3029537225176653
F1,2024-08-03,53106.8,58384.24649268944,62541.620600910705,54226.87238446818,13,0.7097692307692308,5277.446492689436,5277.446492689436,9.937421371066296
F1,2024-08-04,51977.799999999996,57815.75980916511,59931.4095368689,55700.11008146132,12,0.6639166666666666,5837.959809165113,5837.959809165113,11.231640833519528
F1,2024-08-05,57910.4,57020.65635216915,60757.4088355203,53283.90386881799,11,0.613909090909091,-889.7436478308518,889.7436478308518,-1.5364142672660728
F1,2024-08-06,58822.3,57119.30701987256,59900.86592285917,54337.74811688595,13,0.7347692307692307,-1702.9929801274411,1702.9929801274411,-2.8951485748218637
F1,2024-08-07,61361.3,58659.14223385862,60740.513224461705,56577.771243255535,13,0.7193076923076922,-2702.157766141383,2702.157766141383,-4.403684025829607
F1,2024-08-08,52087.6,48339.211380769884,48650.48225129853,48027.94051024124,13,0.8735384615384615,-3748.3886192301143,3748.3886192301143,-7.196316626663763
F1,2024-08-09,39328.36,52983.07581782622,53825.16665616166,52140.98497949078,13,0.8276153846153846,13654.715817826218,13654.715817826218,34.71976918901835
F1,2024-08-10,37388.46,43727.45279258171,43188.824219783855,44266.08136537956,13,0.8936923076923077,6338.99279258171,6338.99279258171,16.954409977254237
F1,2024-08-11,49177.799999999996,40160.000276380946,40331.137916640815,39988.86263612108,12,0.9117500000000001,-9017.79972361905,9017.79972361905,-18.33713530011316
F1,2024-08-17,49845.11,50846.83583865289,53336.27115250181,48357.40052480397,11,0.7088181818181818,1001.725838652892,1001.725838652892,2.009677255507896
F1,2024-08-18,58463.7,55426.961794498,56046.76928767753,54807.154301318464,12,0.5829166666666666,-3036.738205501999,3036.738205501999,-5.194228564907796
F1,2024-08-19,59194.96,61725.71409752823,63078.530106905586,60372.89808815088,12,0.6222500000000001,2530.754097528232,2530.754097528232,4.275286439129669
F1,2024-08-20,44390.64,58039.63536452939,61440.463242934886,54638.80748612391,13,0.6698461538461539,13648.995364529394,13648.995364529394,30.747462448230962
F1,2024-08-21,37493.9,47332.07938302837,45881.49773705889,48782.66102899786,13,0.8973846153846154,9838.179383028371,9838.179383028371,26.239413299305674
F1,2024-08-22,58852.55,64756.83850971532,67184.95212681478,62328.72489261587,12,0.5778333333333333,5904.288509715319,5904.288509715319,10.032341011078227
F1,2024-08-23,41993.05,49036.36641011993,50677.17128161075,47395.561538629125,13,0.8733846153846153,7043.316410119929,7043.316410119929,16.77257643852954
F1,2024-08-24,55776.66,54607.28266455209,57079.23039244102,52135.33493666316,13,0.8141538461538461,-1169.3773354479126,1169.3773354479126,-2.096535245114915
F1,2024-08-25,54807.23,57101.70349461342,60139.921325838026,54063.48566338883,13,0.7580769230769231,2294.4734946134195,2294.4734946134195,4.186443092660255
F1,2024-08-26,51650.14,45707.44706764473,45712.78677459097,45702.107360698494,13,0.9125384615384615,-5942.692932355269,5942.692932355269,-11.505666649413282
F1,2024-08-27,49831.38,56757.576453295784,59764.21045795586,53750.94244863571,13,0.7940769230769231,6926.196453295786,6926.196453295786,13.899266793927415
F1,2024-08-28,42533.22,51851.09039759582,54875.26778351095,48826.913011680685,11,0.5369090909090909,9317.87039759582,9317.87039759582,21.907277176747538
F1,2024-08-29,55823.36,62840.94228368395,63541.265114689944,62140.61945267795,13,0.6286153846153847,7017.582283683951,7017.582283683951,12.571049617371562
F1,2024-08-30,61526.94,56252.322834676226,56780.39509296708,55724.25057638537,13,0.8238461538461539,-5274.617165323776,5274.617165323776,-8.57285794698026
F1,2024-08-31,43449.73,45620.97605966025,46181.15968178365,45060.79243753685,13,0.8606153846153847,2171.246059660247,2171.246059660247,4.997145113813703
F2,2024-07-01,57258.1,58241.12755753932,60582.11509596168,55900.14001911697,12,0.5745833333333333,983.0275575393243,983.0275575393243,1.716835797100016
F2,2024-07-02,63035.12,56239.71315342819,56700.270637075264,55779.15566978111,12,0.738,-6795.406846571816,6795.406846571816,-10.780350456335794
F2,2024-07-03,56801.65,58862.2349425215,61660.532262379595,56063.937622663405,13,0.5925384615384615,2060.5849425214983,2060.5849425214983,3.6276850100683666
F2,2024-07-04,48459.229999999996,42825.29870607082,44012.79294590889,41637.80446623274,12,0.83625,-5633.931293929178,5633.931293929178,-11.626126320887018
F2,2024-07-05,58300.22,56783.97872766663,58938.34436656345,54629.61308876982,13,0.6713076923076924,-1516.2412723333691,1516.2412723333691,-2.6007470852311863
F2,2024-07-06,62577.85,65870.18947741693,66538.52356792231,65201.85538691155,13,0.3078461538461538,3292.3394774169356,3292.3394774169356,5.261189825820056
F2,2024-07-07,66299.5,63627.29973338237,65940.44492400603,61314.15454275871,12,0.46416666666666667,-2672.2002666176268,2672.2002666176268,-4.03049836969755
F2,2024-07-08,55628.950000000004,56619.730808905275,59390.735387658715,53848.726230151835,13,0.6453846153846154,990.7808089052705,990.7808089052705,1.781052507561747
F2,2024-07-09,68085.38,62503.62089851704,65788.99364266203,59218.24815437205,13,0.5073076923076922,-5581.759101482967,5581.759101482967,-8.198175733884376
F2,2024-07-10,49320.36,50813.552105550334,55609.04768312186,46018.05652797881,13,0.7606923076923077,1493.1921055503335,1493.1921055503335,3.02753691487721
F2,2024-07-11,63458.159999999996,60128.80987920611,62347.429260877056,57910.19049753516,13,0.6116153846153847,-3329.35012079389,3329.35012079389,-5.246527981261811
F2,2024-07-12,65928.82,63321.21689173541,65722.56681782744,60919.86696564337,13,0.3913076923076923,-2607.6031082646005,2607.6031082646005,-3.955179401458422
F2,2024-07-13,69198.35,68139.84458420634,67750.81788148792,68528.87128692474,13,0.2293846153846154,-1058.5054157936684,1058.5054157936684,-1.5296685770595229
F2,2024-07-14,63372.299999999996,64859.53164531821,65659.31850651118,64059.74478412525,13,0.46599999999999997,1487.2316453182139,1487.2316453182139,2.346816582825957
F2,2024-07-15,51903.5,47009.33456639612,47571.59644466008,46447.07268813217,13,0.8726153846153846,-4894.165433603877,4894.165433603877,-9.429355310535662
F2,2024-07-16,56624.2,51019.745410205185,51332.24176517644,50707.24905523392,13,0.8338461538461538,-5604.454589794812,5604.454589794812,-9.89763138339228
F2,2024-07-17,63068.5,63916.81507604099,67144.59818088548,60689.03197119651,13,0.40653846153846157,848.3150760409917,848.3150760409917,1.3450693706699726
F2,2024-07-18,55107.8,50106.707032674385,54678.639665937844,45534.774399410926,13,0.788,-5001.092967325618,5001.092967325618,-9.075109090411189
F2,2024-07-19,59411.2,56511.25518183439,60332.468436726514,52690.04192694227,13,0.7016923076923077,-2899.9448181656044,2899.9448181656044,-4.8811416335061475
F2,2024-07-20,50035.7,56714.524574451534,58789.09142061844,54639.95772828462,13,0.7146923076923077,6678.824574451537,6678.824574451537,13.348118592228225
F2,2024-07-21,42753.1,51130.543527998954,52053.42533102075,50207.66172497716,13,0.7503076923076922,8377.443527998956,8377.443527998956,19.594938210326166
F2,2024-07-22,48936.9,50423.73937333919,54274.92207236324,46572.556674315136,13,0.7906923076923077,1486.8393733391858,1486.8393733391858,3.0382786268422923
F2,2024-07-23,64324.5,59629.15949951727,62471.966894932295,56786.352104102254,13,0.6592307692307693,-4695.340500482729,4695.340500482729,-7.299458993824638
F2,2024-07-24,40638.9,47405.74702875266,48496.853508789834,46314.640548715484,13,0.8882307692307693,6766.847028752658,6766.847028752658,16.651156967222683
F2,2024-07-25,55440.700000000004,48594.210579883525,50789.763798429776,46398.657361337275,13,0.859,-6846.489420116479,6846.489420116479,-12.349211716512379
F2,2024-07-26,54704.6,50348.97160511712,51695.45584934527,49002.48736088897,13,0.8187692307692308,-4355.628394882879,4355.628394882879,-7.962088005182158
F2,2024-07-27,59474.7,64672.66703677531,66883.57064319288,62461.76343035773,13,0.5191538461538461,5197.967036775313,5197.967036775313,8.7397953024989
F2,2024-07-28,53916.200000000004,53217.583998332666,56272.75017954213,50162.417817123205,12,0.6291666666666667,-698.6160016673384,698.6160016673384,-1.2957441393631939
F2,2024-07-29,50266.4,48684.84935720763,49437.83376205017,47931.8649523651,12,0.8231666666666667,-1581.5506427923683,1581.5506427923683,-3.146337598858021
F2,2024-07-30,59121.6,52520.861313365735,55953.627039984334,49088.09558674714,13,0.7889999999999999,-6600.738686634264,6600.738686634264,-11.164682090190833
F2,2024-07-31,68883.4,60423.54014663454,63710.871993704954,57136.20829956413,13,0.5696153846153846,-8459.859853365451,8459.859853365451,-12.281420274500753
F2,2024-08-01,56561.799999999996,57814.56676439751,60384.04119030526,55245.09233848976,13,0.7290769230769231,1252.7667643975146,1252.7667643975146,2.214863679015722
F2,2024-08-02,58884.2,58389.60663896301,58960.79243412717,57818.42084379885,13,0.7469230769230768,-494.59336103699025,494.59336103699025,-0.8399423971744377
F2,2024-08-03,53106.8,57617.81809570272,60741.46846102689,54494.16773037855,13,0.7097692307692308,4511.018095702719,4511.018095702719,8.494238206223532
F2,2024-08-04,51977.799999999996,55414.44050103176,58224.41519517837,52604.46580688515,12,0.6639166666666666,3436.6405010317612,3436.6405010317612,6.611746747711065
F2,2024-08-05,57910.4,54664.5022628179,59034.16103818369,50294.843487452104,11,0.613909090909091,-3245.897737182102,3245.897737182102,-5.605034220419997
F2,2024-08-06,58822.3,57053.15512770425,57837.72028337083,56268.58997203768,13,0.7347692307692307,-1769.1448722957502,1769.1448722957502,-3.0076091419338415
F2,2024-08-07,61361.3,56706.54690309279,58763.194351956125,54649.89945422945,13,0.7193076923076922,-4654.75309690721,4654.75309690721,-7.5858123881130455
F2,2024-08-08,52087.6,46133.96941601806,47362.03024537618,44905.908586659934,13,0.8735384615384615,-5953.63058398194,5953.63058398194,-11.430034372829502
F2,2024-08-09,39328.36,50996.846529809445,52024.748148887375,49968.94491073152,13,0.8276153846153846,11668.486529809445,11668.486529809445,29.669395138290646
F2,2024-08-10,37388.46,42924.195949634246,42848.207901147456,43000.18399812104,13,0.8936923076923077,5535.735949634247,5535.735949634247,14.806001503229197
F2,2024-08-11,49177.799999999996,39570.44286380501,39614.78836917545,39526.09735843456,12,0.9117500000000001,-9607.357136194987,9607.357136194987,-19.535963658795204
F2,2024-08-17,49845.11,50859.9952210107,51843.44530311666,49876.545138904745,11,0.7088181818181818,1014.8852210106998,1014.8852210106998,2.036077803842142
F2,2024-08-18,58463.7,51735.24482737315,54563.11862729041,48907.37102745588,12,0.5829166666666666,-6728.455172626847,6728.455172626847,-11.50877411560823
F2,2024-08-19,59194.96,59041.72537873217,61309.38712212712,56774.06363533722,12,0.6222500000000001,-153.23462126783124,153.23462126783124,-0.2588643041026318
F2,2024-08-20,44390.64,56229.429194095406,59429.74297351978,53029.11541467103,13,0.6698461538461539,11838.789194095407,11838.789194095407,26.669561858300323
F2,2024-08-21,37493.9,46022.62276083344,44979.81327567781,47065.43224598907,13,0.8973846153846154,8528.722760833436,8528.722760833436,22.746960867857002
F2,2024-08-22,58852.55,61941.839390153174,65800.3181123801,58083.360667926245,12,0.5778333333333333,3089.2893901531716,3089.2893901531716,5.249202269320821
F2,2024-08-23,41993.05,47222.30373551302,49217.43303662343,45227.174434402616,13,0.8733846153846153,5229.253735513019,5229.253735513019,12.452664751698242
F2,2024-08-24,55776.66,53874.71540392798,55014.33990310907,52735.09090474689,13,0.8141538461538461,-1901.944596072026,1901.944596072026,-3.409929164048234
F2,2024-08-25,54807.23,53925.479497786815,58032.20627705466,49818.75271851896,13,0.7580769230769231,-881.7505022131882,881.7505022131882,-1.6088215044131735
F2,2024-08-26,51650.14,45634.39881923915,44814.31778984873,46454.47984862957,13,0.9125384615384615,-6015.741180760851,6015.741180760851,-11.647095595018428
F2,2024-08-27,49831.38,54870.108387254215,57671.16585812287,52069.05091638556,13,0.7940769230769231,5038.7283872542175,5038.7283872542175,10.111556989299148
F2,2024-08-28,42533.22,50811.43180460389,53894.837107289604,47728.02650191818,11,0.5369090909090909,8278.211804603889,8278.211804603889,19.46293227882556
F2,2024-08-29,55823.36,58549.624788604335,61734.98713146224,55364.262445746426,13,0.6286153846153847,2726.264788604334,2726.264788604334,4.88373467416568
F2,2024-08-30,61526.94,55021.04927014431,54943.17625801522,55098.9222822734,13,0.8238461538461539,-6505.890729855695,6505.890729855695,-10.574052162931709
F2,2024-08-31,43449.73,44084.096445079485,45287.290328235904,42880.90256192307,13,0.8606153846153847,634.3664450794822,634.3664450794822,1.4600008908674051
F8,2025-06-01,58320.46,53617.433271612266,55016.74798875464,52218.11855446989,12,0.5305833333333333,-4703.026728387733,4703.026728387733,-8.064111168512273
F8,2025-06-02,67860.05,66435.7209835858,66060.09622425554,66811.34574291606,13,0.3473846153846154,-1424.329016414209,1424.329016414209,-2.0989212598785425
F8,2025-06-03,63218.04,60179.52482444656,61300.4247005275,59058.62494836562,13,0.5776923076923077,-3038.515175553439,3038.515175553439,-4.806405221600415
F8,2025-06-04,59437.29,58061.10799887164,58096.94418373039,58025.27181401289,12,0.32183333333333336,-1376.1820011283635,1376.1820011283635,-2.3153511896796832
F8,2025-06-05,68510.52,66667.0217601681,65913.98465984814,67420.05886048808,13,0.1726923076923077,-1843.498239831897,1843.498239831897,-2.690825058446348
F8,2025-06-06,66852.84,62934.78065214118,63728.805812426755,62140.755491855605,13,0.5701538461538461,-3918.05934785882,3918.05934785882,-5.860722368501952
F8,2025-06-07,48337.14,57917.40215336413,58897.10064848531,56937.70365824293,12,0.64425,9580.262153364129,9580.262153364129,19.819671071486912
F8,2025-06-08,63431.88,60032.53829611949,63506.12794415281,56558.94864808619,13,0.5467692307692308,-3399.3417038805055,3399.3417038805055,-5.3590429668496435
F8,2025-06-09,61870.64,60195.75721176036,63062.472985135166,57329.04143838555,12,0.5683333333333334,-1674.8827882396363,1674.8827882396363,-2.707072026795967
F8,2025-06-10,55829.29,53873.5272189772,56688.58178558497,51058.47265236943,12,0.7268333333333333,-1955.7627810228005,1955.7627810228005,-3.5031124003597403
F8,2025-06-11,59862.03,58679.572614969504,61829.03979131502,55530.105438623985,13,0.5922307692307692,-1182.457385030495,1182.457385030495,-1.975304521130498
F8,2025-06-12,67244.31,61153.92813728513,65124.782535939674,57183.07373863059,13,0.45676923076923076,-6090.381862714865,6090.381862714865,-9.057096225264063
F8,2025-06-13,60181.44,60884.98428998028,65228.48865118094,56541.47992877963,13,0.4966153846153846,703.5442899802802,703.5442899802802,1.1690386437750246
F8,2025-06-14,53157.75,52992.33459508334,57009.673953865684,48974.995236300994,13,0.7036923076923076,-165.41540491666092,165.41540491666092,-0.3111783416654409
F8,2025-06-15,61782.24,61389.13719261368,65163.67144696315,57614.602938264215,13,0.5142307692307693,-393.1028073863199,393.1028073863199,-0.636271535940296
F8,2025-06-16,42590.31,45115.63610888961,47711.06290836273,42520.20930941649,11,0.7808181818181819,2525.3261088896106,2525.3261088896106,5.92934427781721
F8,2025-06-17,63053.57,59058.84249049981,62828.00528865824,55289.67969234138,13,0.6403846153846153,-3994.7275095001896,3994.7275095001896,-6.335450172766094
F8,2025-06-18,66201.31,62868.111641570074,65083.645671642604,60652.57761149754,13,0.47907692307692307,-3333.1983584299232,3333.1983584299232,-5.034943203434982
F8,2025-06-19,58260.91,55185.12304669108,57114.96066329072,53255.285430091426,12,0.48675,-3075.786953308925,3075.786953308925,-5.279332151366885
F8,2025-06-20,52109.91,58674.8140825579,61951.37958084763,55398.24858426818,13,0.6250769230769231,6564.9040825578995,6564.9040825578995,12.598187336262715
F8,2025-06-21,49501.05,51499.13529510687,53425.73211986294,49572.53847035079,12,0.7599999999999999,1998.0852951068664,1998.0852951068664,4.036450328037216
F8,2025-06-22,41646.85,51886.83182485959,54903.157760539194,48870.505889179985,12,0.7839999999999999,10239.981824859591,10239.981824859591,24.587650266129593
F8,2025-06-23,44850.229999999996,60405.51418505414,62766.892409337896,58044.135960770385,13,0.6345384615384616,15555.284185054144,15555.284185054144,34.68273002179508
F8,2025-06-24,39108.15,44366.59589841135,44996.67600095423,43736.51579586848,8,0.61975,5258.445898411352,5258.445898411352,13.445908073921553
F8,2025-06-27,53985.77,59243.58270817022,59509.23390425569,58977.931512084746,11,0.6469090909090909,5257.812708170226,5257.812708170226,9.739256674805649
F8,2025-06-28,49882.57,55368.86240814843,57129.98611078207,53607.738705514785,12,0.6175,5486.292408148431,5486.292408148431,10.998415695399077
F8,2025-06-29,56137.159999999996,50348.737858898705,51152.8007370782,49544.67498071922,13,0.8005384615384615,-5788.422141101291,5788.422141101291,-10.311213002405701
F8,2025-06-30,43469.445,52466.05430612188,52744.22700051131,52187.88161173245,13,0.8154615384615386,8996.609306121878,8996.609306121878,20.69639790920238
