month,peak_slot,power_centroid_h,measured_poa_centroid_h,clearsky_poa_centroid_h,power_minus_clearsky_min,poa_minus_clearsky_min,power_minus_poa_min
2024-01,12,12.47670627219115,12.493737910269335,12.500085621138814,-1.4027609368598348,-0.38086265216872306,-1.0218982846911118
2024-02,12,12.562685692138539,12.58103984507095,12.576185069885655,-0.8099626648269975,0.2912865111177254,-1.101249175944723
2024-03,12,12.474891478810992,12.496623737855046,12.489470460540115,-0.8747389037473852,0.4291966388958457,-1.3039355426432309
2024-04,12,12.337930496209376,12.358259548356028,12.35338781208783,-0.9274389527072202,0.2923041760918821,-1.2197431287991023
2024-05,12,12.293414589530757,12.29946226656664,12.29314370802076,0.01625289059976609,0.37911351275280225,-0.36286062215303616
2024-06,12,12.33919371964782,12.352073780482222,12.35910182295077,-1.1944861981769606,-0.4216825481128694,-0.7728036500640911
2024-07,12,12.42616391693989,12.472340649192985,12.444487664566136,-1.0994248575747534,1.6711790776109225,-2.770603935185676
2024-08,12,12.42905043919953,12.37038466390088,12.41371881262448,0.919897594502963,-2.6000489234160185,3.5199465179189815
2024-09,12,12.23373413119869,12.267550354723106,12.268593057369921,-2.091535570273919,-0.06256215880892313,-2.028973411464996
2024-10,12,12.105149380889147,12.120649175369993,12.115444499801004,-0.6177071347114449,0.31228053413929757,-0.9299876688507425
2024-11,12,12.089053675440251,12.113411817032146,12.097509125028285,-0.5073269752820408,0.9541615202316578,-1.4614884955136986
2024-12,12,12.267633774257249,12.280182913501948,12.270848751915608,-0.19289865950156582,0.560049695180389,-0.7529483546819549
2025-01,12,12.456529266133693,12.490172641103696,12.501969308572585,-2.726402546333553,-0.7078000481333646,-2.0186024982001882
2025-02,12,12.553557312352837,12.57337879102466,12.576140817485822,-1.3550103079791143,-0.16572158766965828,-1.189288720309456
2025-03,12,12.47786755281574,12.499344688955436,12.490325446793822,-0.7474736386849301,0.5411545296968256,-1.2886281683817558
2025-04,12,12.345310139315659,12.363077674514628,12.353791013823656,-0.5088524704798303,0.5571996414582969,-1.0660521119381272
2025-05,12,12.275602902158832,12.297309180477255,12.292738709197407,-1.0281484223144588,0.27422827679089323,-1.302376699105352
2025-06,12,12.346126173255302,12.364996076568575,12.357943371916889,-0.7090319196952422,0.4231622791011702,-1.1321941987964124
