date,power,poa,clearsky,daily_kwh,power_shift_min,poa_shift_min,power_vs_poa_min
2024-01-01,12.355970781137723,12.374243417248161,12.379906497359443,54622.25,-1.4361429733031983,-0.3397848066768816,-1.0963581666263167
2024-01-02,12.387446920645774,12.410861913726775,12.405666712173735,64189.270000000004,-1.0931874916776962,0.31171209318237914,-1.4048995848600754
2024-01-03,12.394555935838163,12.415416230155532,12.413868291561855,64051.78,-1.1587413434214966,0.09287631562067133,-1.251617659042168
2024-01-04,12.399632517940162,12.418594953475822,12.42196629409496,63948.700000000004,-1.3400265692878222,-0.20228043714826782,-1.1377461321395543
2024-01-05,12.403732236182165,12.462934387758382,12.429950148150045,63711.67,-1.5730747180727889,1.979054376500251,-3.55212909457304
2024-01-06,12.412251837140895,12.43024866327385,12.43780942406498,63575.689999999995,-1.533455215445123,-0.45364564746776637,-1.0798095679773567
2024-01-07,12.430096191222512,12.44595375258758,12.445533825138021,64417.520000000004,-0.9262580349305338,0.025195646973479313,-0.9514536819040131
2024-01-08,12.438959627338836,12.437998100175491,12.453113177581354,64418.840000000004,-0.8492130145511112,-0.9069046443517692,0.057691629800658006
2024-01-09,12.430560745184142,12.433318053077063,12.460537428915263,62571.38,-1.7986010238672634,-1.6331625502920133,-0.1654384735752501
2024-01-10,12.448712467931477,12.471718309859158,12.467796666774351,63344.83,-1.1450519305724427,0.23529858508840817,-1.3803505156608509
2024-01-11,12.446715312116055,12.459435682523432,12.474881170853084,64282.82,-1.6899515242217689,-0.9267292997791188,-0.7632222244426501
2024-01-12,12.449673664496299,12.4955472379969,12.481781506053496,62786.61,-1.9264704934318289,0.8259439166042881,-2.752414410036117
2024-01-13,12.388527336469336,12.384814057898717,12.407345463842107,63095.2,-1.1290876423662866,-1.3518843566033922,0.22279671423710568
2024-01-14,12.466638525300993,12.463654272346714,12.49499415437692,62695.369999999995,-1.7013377445556088,-1.8803929218123727,0.1790551772567639
2024-01-15,12.484722981930673,12.49091097539585,12.501290259775915,64333.89,-0.9940366707145287,-0.6227570628038848,-0.37127960791064396
2024-01-16,12.504524894629633,12.522582854230699,12.507373774316466,64209.23,-0.17093278121002697,0.9125447948539289,-1.083477576063956
2024-01-17,12.488063096147895,12.518099902671814,12.513245601988311,64535.159999999996,-1.5109503504249489,0.29125804101017394,-1.8022083914351228
2024-01-18,12.488240590478352,12.526212505713788,12.518898957421897,65194.6,-1.839502016612684,0.4388128975135075,-2.2783149141261916
2024-01-19,12.498545753670747,12.50838163872787,12.524329277009688,64260.090000000004,-1.5470114003364444,-0.95685829690904,-0.5901531034274043
2024-01-20,12.489517222007654,12.751204064128787,12.529532789414874,64082.25,-2.400934044433214,13.30027648283476,-15.701210527267975
2024-01-21,12.505878734935465,12.54904354904355,12.534506451940848,65066.72,-1.7176630203229948,0.8722258261621008,-2.5898888464850955
2024-01-22,12.504381977049597,12.516723882712357,12.53924786975442,64438.95,-2.0919535622893193,-1.351439222523716,-0.7405143397656033
2024-01-23,12.522821460507178,12.540386936958122,12.543755207716629,63352.65,-1.2560248325670642,-0.20209624551043248,-1.0539285870566317
2024-01-24,12.534035850229424,12.526772371918899,12.548027105961856,63884.11,-0.8394753439458924,-1.2752840425774181,0.4358086986315257
2024-01-25,12.532464087231407,12.554491556990312,12.552062608647466,64798.68,-1.17591128496354,0.1457369005707676,-1.3216481855343076
2024-01-26,12.522415886583127,12.540292133440616,12.555861110194078,65004.79,-2.0067134166570355,-0.9341386052077283,-1.0725748114493072
2024-01-27,12.560670292883021,12.592362124080566,12.559422319265666,64675.310000000005,0.0748784170412975,1.9763882888939932,-1.9015098718526957
2024-01-28,12.537024726642533,12.539542895813465,12.562746238146795,65376.85,-1.5432906902557164,-1.3922005399998127,-0.15109015025590367
2024-01-29,12.545198907535845,12.57487288200685,12.565833152879469,65671.72,-1.2380547206174342,0.5423837476429227,-1.780438468260357
2024-01-30,12.529549467106662,12.536873547441157,12.568683627782224,64909.8,-2.3480496405337448,-1.908604820464035,-0.43944482006970986
2024-01-31,12.560558817552968,12.538789011056322,12.571298496011387,66092.77,-0.6443807075051566,-1.9505690973039336,1.306188389798777
2024-02-01,12.55735999435478,12.550575029057317,12.57367883940597,65896.45,-0.979130703071398,-1.3862286209191765,0.4070979178477785
2024-02-02,12.54452436135987,12.546814846005777,12.575825954767659,66168.72,-1.8780956044673758,-1.7406665257129106,-0.1374290787544652
2024-02-03,12.518311038190193,12.524396658415844,12.5777413084135,64459.479999999996,-3.565816213398456,-3.2006789998593987,-0.36513721353905737
2024-02-04,12.551844495027014,12.577286376050582,12.579426483761852,65235.47,-1.6549193240902582,-0.12840646267619604,-1.5265128614140622
2024-02-05,12.615138143518857,12.639881001433915,12.580883127200558,59945.99,2.0553009790979715,3.539872454001447,-1.4845714749034755
2024-02-06,12.559992361199527,12.588740920096853,12.58211289906945,64800.75,-1.327232272195431,0.3976812616441805,-1.7249135338396115
2024-02-07,12.558654001769657,12.586026771139407,12.583117439664685,66114.5,-1.4678062737016617,0.17455988848332993,-1.6423661621849917
2024-02-08,12.555235948623292,12.597594584069732,12.583898362792226,65813.48,-1.7197448501360668,0.8217732766503616,-2.5415181267864284
2024-02-09,12.56899432295393,12.584989963571482,12.584457287406805,66270.38,-0.927777867172459,0.03196056988066687,-0.9597384370531259
2024-02-10,12.562424529179724,12.572849155382858,12.584795908233428,65878.11,-1.3422827432222206,-0.7168051710341672,-0.6254775721880534
2024-02-11,12.561120565603098,12.585349601682118,12.584916093832364,66969.93,-1.4277316937559803,0.026010470985262657,-1.453742164741243
2024-02-12,12.562487714713766,12.56668428470754,12.584819991409683,66593.89,-1.3399366017549852,-1.0881424021285824,-0.2517941996264028
2024-02-13,12.41604596139561,12.406586361642542,12.437964679842919,57295.04,-1.3151231068384917,-1.882699092022584,0.5675759851840922
2024-02-14,12.557607926971297,12.592316505339229,12.583989420491726,66630.24,-1.582889611225724,0.4996250908501665,-2.0825147020758905
2024-02-15,12.56469787816568,12.601068369779554,12.58326724999152,66884.11,-1.1141623095504372,1.0680671872820469,-2.182229496832484
2024-02-16,12.558872296891247,12.587456660986073,12.582347212227639,67342.37,-1.4084949201835073,0.3065669255060399,-1.7150618456895472
2024-02-17,12.559819587325771,12.552814231554388,12.58122754279213,67175.99,-1.2844773279815058,-1.7047986742645094,0.42032134628300355
2024-02-18,12.572581791769862,12.592268643371167,12.579912905785394,66746.63,-0.43986684093191286,0.7413442551463945,-1.1812110960783073
2024-02-19,12.564256375334445,12.58422358435493,12.578408325316701,67182.75,-0.8491169989353864,0.3489155422937529,-1.1980325412291393
2024-02-20,12.57542927567122,12.589988902713792,12.58946266174796,57285.45,-0.8420031646043924,0.031574457949865575,-0.873577622554258
2024-02-21,12.6057198742609,12.599567167210965,12.574850832950068,62484.94,1.8521424786499807,1.4829800556538686,0.3691624229961121
2024-02-22,12.576188493201139,12.5777031704278,12.57280916985363,57344.88,0.20275940085056732,0.29364003445021325,-0.09088063359964593
2024-02-23,12.544299914680243,12.599560888657015,12.570599944604792,67663.11,-1.578001795472943,1.7376566431333629,-3.315658438606306
2024-02-24,12.303083249262675,12.331845192747219,12.310555596190945,63944.23,-0.4483408156961488,1.277375793376443,-1.7257166090725917
2024-02-25,12.562853400599527,12.576798995046607,12.56570240374387,67766.58,-0.17094018866057326,0.6657954781642061,-0.8367356668247794
2024-02-26,12.539548572515496,12.556400396201129,12.563026003846428,67293.2,-1.4086458798558965,-0.3975364587179442,-1.0111094211379523
2024-02-27,12.546929934473988,12.55884941306724,12.560205859733696,67597.58,-0.7965555155824333,-0.08138679998737075,-0.7151687155950626
2024-02-28,12.543717037728078,12.418495570096706,12.557248018455033,67552.61,-0.8118588436173013,-8.3251469014996,7.513288057882299
2024-02-29,12.535965732451837,12.543263043263044,12.554158543681021,67925.49,-1.0915686737510555,-0.653730025078616,-0.4378386486724395
2024-03-01,12.539417739500184,12.57419948164869,12.55094348910735,71833.14,-0.6915449764299808,1.3953595524804285,-2.0869045289104093
2024-03-02,12.521885195370619,12.235589775658562,12.547608859485537,71616.45,-1.5434198468951266,-18.721145029618498,17.17772518272337
2024-03-03,12.525735227008095,12.541930765480256,12.544160561996055,72313.72,-1.1055200992775838,-0.13378779094793458,-0.9717323083296492
2024-03-04,12.524422914535895,12.56788367532934,12.540604352433517,71765.8,-0.9708862738573032,1.636759373749328,-2.607645647606631
2024-03-05,12.521987201710493,12.561203406393972,12.536945783921016,72400.3,-0.8975149326314025,1.4554573483773225,-2.352972281008725
2024-03-06,12.366667695798085,12.389661499830993,12.380319529539923,62836.159999999996,-0.8191100245102589,0.5605182174641854,-1.3796282419744443
2024-03-07,12.519331031910113,12.282775261712082,12.529342552754443,71494.89,-0.6006912506597928,-14.794037462541638,14.193346211881845
2024-03-08,12.517300407161922,12.506806143697682,12.525407741006864,71079.83,-0.48644003069650665,-1.116095838550919,0.6296558078544123
2024-03-09,12.511863487624522,12.514369300805743,12.521390323149967,72081.67,-0.5716101315267252,-0.42126134065345155,-0.15034879087327369
2024-03-10,12.500184319680988,12.512495670845745,12.517294746062316,73025.3,-1.026625582879639,-0.28794451299425816,-0.7386810698853807
2024-03-11,12.496279579835173,12.53623854488733,12.513125391807126,73150.34,-1.010748718317167,1.3867891848122937,-2.397537903129461
2024-03-12,12.50329098850878,12.495183324336672,12.508886660139595,57827.61,-0.33574029784887216,-0.8222001481753693,0.4864598503264972
2024-03-13,12.494294645975446,12.212807164327103,12.504583044536217,71667.77,-0.6173039136462677,-17.506552812546836,16.88924889890057
2024-03-14,12.489801379175217,12.493566341080362,12.500219194522083,71249.83,-0.6250689208119553,-0.39917120650329707,-0.22589771430865824
2024-03-15,12.473315659346511,12.476678406034221,12.495796705281998,71411.92,-1.3488627561292432,-1.147097954866645,-0.20176480126259833
2024-03-16,12.483584099949915,12.506129814314837,12.491319343564157,71501.41,-0.46411461685451627,0.888628245040799,-1.3527428618953152
2024-03-17,12.731233051159107,12.755561183877271,12.740329653727587,67438.24,-0.5457961541087997,0.9138918089810488,-1.4596879630898485
2024-03-18,12.778516469427766,12.816298237905489,12.789893799942618,65206.88,-0.6826398308911408,1.5842662777722438,-2.2669061086633846
2024-03-19,12.453306840121796,12.466885433403228,12.477602173013784,71082.36,-1.4577199735192892,-0.6430043766333782,-0.814715596885911
2024-03-20,12.458484662053708,12.468309176066294,12.472946212821178,71323.76,-0.8676930460481813,-0.27822220529305497,-0.5894708407551263
2024-03-21,12.461036283286274,12.470322669990308,12.468253951602778,71197.52,-0.4330600989901967,0.12412310325181863,-0.5571832022420153
2024-03-22,12.439211625892442,12.467960313544918,12.463528503583671,70649.2,-1.4590126614737287,0.2659085976748088,-1.7249212591485374
2024-03-23,12.444657624243646,12.328499310171832,12.458773007917314,70626.35,-0.8469230204200429,-7.816421864728902,6.969498844308859
2024-03-24,12.434773183010186,12.443517224368989,12.453990713133033,71682.02,-1.1530518073707796,-0.6284093258426182,-0.5246424815281614
2024-03-25,12.431847445692725,12.460181838098368,12.449185060172939,71364.75,-1.0402568688128255,0.6598066755257648,-1.7000635443385903
2024-03-26,12.430450217067776,12.447929771589923,12.444359756114075,70378.94,-0.8345723427779461,0.21420092855088058,-1.0487732713288267
2024-03-27,12.426086066017689,12.43109598814555,12.439518835446519,71088.22,-0.8059661657297923,-0.5053708380581057,-0.3005953276716866
2024-03-28,12.424930236070319,12.460801156195462,12.434666695276649,70982.24,-0.5841875523798024,1.568067655128793,-2.1522552075085954
2024-03-29,12.414556894787268,12.435099428885984,12.429808099210105,71068.11,-0.9150722653702204,0.31747978055275183,-1.2325520459229722
2024-03-30,12.397245769704803,12.419330748043905,12.424948148933815,71197.75,-1.6621427537407385,-0.33704405339463506,-1.3250987003461034
2024-03-31,12.403954770606273,12.439660326086955,12.420092226206096,71394.28,-0.9682473359893962,1.1740859928515235,-2.1423333288409196
2024-04-01,12.11111981563967,12.116242957691526,12.139591596845051,62994.03,-1.7083068723228578,-1.4009183492115085,-0.30738852311134934
2024-04-02,12.387710281959416,12.41116855972058,12.410414897720688,71025.47,-1.362276945676335,0.04521971999345453,-1.4074966656697896
2024-04-03,12.380975240284528,12.402085747392816,12.405584969637935,71691.05,-1.4765837612044663,-0.2099533347071869,-1.2666304264972794
2024-04-04,12.383782220545704,12.545076726342709,12.400821529549953,71577.0,-1.0223585402549062,8.65531180756534,-9.677670347820246
2024-04-05,12.374447872800754,12.395485237289767,12.396046858531438,70717.4,-1.295939143841025,-0.0336972745002484,-1.2622418693407766
2024-04-06,12.386014094863759,12.37411051082586,12.391356703295406,71247.23,-0.32055650589882134,-1.0347715481727704,0.714215042273949
2024-04-07,12.378557311119264,12.379549499368263,12.38668579947888,71471.82,-0.4877093015769063,-0.42817800663698335,-0.05953129493992293
2024-04-08,11.854595026964631,11.85099512821481,11.856441827534264,51632.45,-0.11080803417794272,-0.32680195916718446,0.21599392498924175
2024-04-09,12.04751879190329,12.080863068008538,12.073370748298581,64119.37,-1.5511173837174752,0.44953918259743375,-2.000656566314909
2024-04-10,12.370235817111785,12.392538707370818,12.372979280109947,67082.07,-0.16460777988967834,1.173565635652274,-1.3381734155419522
2024-04-11,12.324327159839346,12.348302026728284,12.368528659724216,67436.15000000001,-2.6520899930922326,-1.2135979797559315,-1.438492013336301
2024-04-12,12.357772237228962,12.396059563110203,12.364145218143637,67799.14,-0.3823788548804785,1.9148606979939586,-2.297239552874437
2024-04-13,12.31549728671413,12.328241363529196,12.359789303611272,68890.64,-2.6575210138285144,-1.8928764049245572,-0.7646446089039571
2024-04-14,12.326837384384358,12.342861891307962,12.355599795321933,69389.4,-1.7257446562544487,-0.7642742408382475,-0.9614704154162013
2024-04-15,12.380834453024939,12.406171997333372,12.351448056252131,62033.45,1.7631838063684313,3.283436464874434,-1.5202526585060028
2024-04-16,12.351077031849103,12.369942938659054,12.347375928387903,67381.48,0.22206620767200036,1.3540206162690893,-1.131954408597089
2024-04-17,12.606392192041657,12.62284735439665,12.61185398972644,62559.76,-0.3277078610869566,0.6596018802126835,-0.9873097412996401
2024-04-18,12.304819812974655,12.322660029249636,12.339513782234249,67450.75,-2.0816381555756536,-1.0112251790767601,-1.0704129764988934
2024-04-19,12.307331595201129,12.324052190018104,12.335657568521016,69020.45,-1.6995583991932506,-0.6963227101747194,-1.0032356890185312
2024-04-20,12.289641578046634,12.312592758533784,12.331978929972596,67997.23,-2.54024111555772,-1.163170286328743,-1.3770708292289768
2024-04-21,12.322265377878152,12.349665763844868,12.32850654618155,65519.93,-0.3744700982039362,1.2695530597990512,-1.6440231580029874
2024-04-22,12.304856877904765,12.327623341565673,12.325067869622258,65736.88,-1.212659503049558,0.15332831660490598,-1.365987819654464
2024-04-23,12.332077052626396,12.344360125157513,12.32175270094484,65796.06999999999,0.6194611008933393,1.3564454527603687,-0.7369843518670294
2024-04-24,12.291500603389705,12.28944417972363,12.31844053674049,67692.57,-1.616396001047029,-1.7397814210115925,0.12338541996456343
2024-04-25,12.29943711601698,12.293139565331241,12.315373763944415,65839.5,-0.9561988756460593,-1.3340519167903864,0.37785304114432705
2024-04-26,12.303071246971253,12.301113100442743,12.31259556530515,67668.28,-0.5714591000338132,-0.6889478917444336,0.11748879171062043
2024-04-27,12.468675310012026,12.489667885707489,12.466266633473463,64654.75,0.1445205923137749,1.404075134041527,-1.259554541727752
2024-04-28,12.052584686649146,12.06705169974002,12.026363283961578,57545.08,1.5732841612540938,2.4413049467065306,-0.8680207854524369
2024-04-29,12.450932761644902,12.496129800535872,12.462372251397786,64137.5,-0.6863693851730801,2.0254529482851424,-2.7118223334582225
2024-04-30,12.282579326006157,12.31553053429695,12.302163174943454,67638.6,-1.175030936237782,0.802041561209812,-1.977072497447594
2024-05-01,12.271196912793302,12.277114176760879,12.300220509303218,72557.5,-1.7414157905949423,-1.3863799525403309,-0.3550358380546115
2024-05-02,12.226153218993453,12.272616136919316,12.298211371489515,70500.92,-4.323489149763731,-1.5357140742119313,-2.7877750755517994
2024-05-03,11.98880612100661,12.00904031241352,11.994207659970701,65793.1,-0.3240923378455207,0.8899591465690904,-1.214051484414611
2024-05-04,12.290786838073672,12.319312779343527,12.294679211377577,70776.57,-0.23354239823433431,1.4780140779569706,-1.711556476191305
2024-05-05,12.266362004382657,12.272242452045756,12.2927912190252,70377.38,-1.5857528785525332,-1.232926018766598,-0.3528268597859352
2024-05-06,12.269073301962054,12.283178698258077,12.291803508136693,70559.23,-1.3638123704783567,-0.5174885927170081,-0.8463237777613486
2024-05-07,12.530166457257089,12.263114395106033,12.29016771367561,74924.94,14.39992461488874,-1.6231991141745894,16.02312372906333
2024-05-08,12.259038418872894,11.938306395267594,12.28909779532431,70404.45999999999,-1.803562587084926,-21.04748400340295,19.243921416318024
2024-05-09,12.450988484350097,12.493124055618749,12.412519716151268,58747.01,2.3081260919297364,4.836260368048855,-2.5281342761191183
2024-05-10,12.184143491183246,12.16917652867569,12.187681223330351,65205.4,-0.21226392882631728,-1.1102816792796588,0.8980177504533415
2024-05-11,12.263784071725864,12.273849353467762,12.28684579331658,65966.72,-1.3837032954429773,-0.7797863909290825,-0.6039169045138948
2024-05-12,12.262238361695651,12.291501699954374,12.287117553547212,67660.2,-1.492751511093644,0.2630487844297136,-1.7558002955233576
2024-05-13,12.269141673668873,12.281683225508317,12.286904421737239,68621.22,-1.0657648841019451,-0.3132717737353019,-0.7524931103666432
2024-05-14,12.263815620590908,12.23571889566153,12.286851346978844,68445.17,-1.3821435832761964,-3.067947079038902,1.6858034957627055
2024-05-15,12.250934968739593,12.244286506523455,12.28695748898432,68226.88,-2.161351214683691,-2.5602589476519455,0.39890773296825444
2024-05-16,12.254988390379935,12.286588168997376,12.287219816760079,66733.45,-1.9338855828085855,-0.03789886576214485,-1.8959867170464406
2024-05-17,12.297391082736816,12.321137119754138,12.287636431983255,66665.97,0.5852790452136247,2.0100412662529266,-1.4247622210393018
2024-05-18,12.368659453365522,12.391793620840431,12.287050938990337,65177.74,4.896510862511114,6.28456091100567,-1.3880500484945557
2024-05-19,12.274815150720137,12.253210930092234,12.288933521250815,69067.08,-0.8471022318406796,-2.143355469514887,1.2962532376742075
2024-05-20,12.26582212442255,12.288089080459773,12.289811437355455,68621.0,-1.4393587759742843,-0.10334141374091388,-1.3360173622333704
2024-05-21,10.58382048495911,10.517361894024804,10.604603754079788,40014.92,-1.246996147240651,-5.234511603299055,3.9875154560584036
2024-05-22,12.275070550172531,12.251641881180644,12.292018746458186,65226.630000000005,-1.0168917771393282,-2.422611916652535,1.4057201395132068
2024-05-23,12.286625410597772,12.296114501341354,12.293344922978537,67374.33,-0.4031707428459441,0.16617470176896632,-0.5693454446149104
2024-05-24,12.371018612270166,12.352636648206117,12.29305439577157,62023.6,4.677852989915792,3.5749351460728107,1.102917843842981
2024-05-25,12.318552502883703,12.326574896072845,12.29455171881165,65679.44,1.4400470443231583,1.9213906356716848,-0.48134359134852645
2024-05-26,12.319717921193106,12.344432461579943,12.298191964279027,66243.19,1.2915574148447462,2.7744298380549637,-1.4828724232102175
2024-05-27,12.224690847503947,12.219136933108652,12.19455490070689,55619.8,1.80815680782338,1.4749219441057093,0.33323486371767075
2024-05-28,11.902064829818666,11.896525793352382,11.998117826726096,53103.65,-5.763179814445785,-6.095522002422875,0.3323421879770905
2024-05-29,12.316056203990742,12.351631990099778,12.304295911863765,52770.63,0.7056175276186494,2.8401646941607694,-2.13454716654212
2024-05-30,12.238328675351523,12.245191280188074,12.3040430592963,56408.549999999996,-3.9428630366865747,-3.531106746493542,-0.4117562901930327
2024-05-31,12.320915600085383,12.372759942120245,12.309025268457825,63008.95,0.7134198976535089,3.824080419745215,-3.110660522091706
2024-06-01,12.285646691388637,12.277709482612904,12.30871969158838,64946.28,-1.384380011984554,-1.860612538528521,0.4762325265439671
2024-06-02,12.660930548414614,12.670672677222088,12.585263372231045,53836.64,4.5400305710141,5.124558299462549,-0.5845277284484496
2024-06-03,12.296392210686502,12.28812963342808,12.313850012170375,67118.11,-1.0474680890323995,-1.543222724537756,0.4957546355053566
2024-06-04,12.31156286630257,12.326745266493017,12.319913417152359,64905.36,-0.5010330509873384,0.4099109604394968,-0.9109440114268352
2024-06-05,12.03883612918062,12.050958721497993,12.083936440907227,62445.59,-2.7060187035964134,-1.9786631645539998,-0.7273555390424136
2024-06-06,12.268903898332201,12.26349788053299,12.325979334875754,58748.2,-3.4245261926131576,-3.7488872605658585,0.3243610679527009
2024-06-07,12.172807942633934,12.19324924083158,12.32914404805143,44452.76,-9.380166325049792,-8.153688433191029,-1.2264778918587638
2024-06-08,12.609525007903104,12.61634475914192,12.635415370161983,40332.25,-1.5534217355327584,-1.1442366612037347,-0.40918507432902373
2024-06-09,12.312927515025079,12.289558316800669,12.33570098918247,49505.57,-1.3664084494434903,-2.7685603429080885,1.4021518934645982
2024-06-10,12.521675875744249,12.539685648533517,12.339078893658172,42145.01,10.9558189251646,12.036405292520698,-1.0805863673560978
2024-06-11,12.355346329420932,12.382772644572078,12.342513709353788,29075.93,0.7699572040286284,2.415536113097403,-1.6455789090687745
2024-06-12,12.459818632515985,12.190612064953832,12.345998551678136,46541.97,6.8292048502709335,-9.323189203458213,16.152394053729147
2024-06-13,12.562252756508343,12.587501567005141,12.349526645145835,49569.05,12.763566681750511,14.278495311558395,-1.5149286298078835
2024-06-14,12.26138447450039,12.272965104842836,12.353091307819996,53071.4,-5.502409999176336,-4.80757217862962,-0.6948378205467165
2024-06-15,12.33751515266152,12.3404525563027,12.511627770946522,48638.32,-10.446757097100061,-10.270512878629248,-0.1762442184708135
2024-06-16,12.6600576080099,12.697093775013853,12.66348504824655,34189.69,-0.20564641419895224,2.0165236060381986,-2.222170020237151
2024-06-17,12.548829223991298,12.372853840359491,12.667150186645891,41853.01,-7.099257759275588,-17.65778077718398,10.558523017908392
2024-06-18,12.281214841521933,12.554378811388158,12.367604778291383,30575.84,-5.183396206167004,11.206441985806492,-16.389838191973496
2024-06-19,12.43770790659491,12.489020591140493,12.371261535838773,27383.09,3.9867822453682678,7.065543318103202,-3.0787610727349346
2024-06-20,12.039368803798734,12.370492921028355,12.374916665521136,31528.39,-20.132871703344115,-0.26542466956687605,-19.86744703377724
2024-06-22,12.105009795927106,12.073344728533105,12.375737964164886,44834.96,-16.24369009426676,-18.143594137906867,1.899904043640106
2024-06-23,12.230990795107667,12.200471646374904,12.175477105190879,47766.99,3.330821395007284,1.4996724710415066,1.8311489239657774
2024-06-24,12.389839658968784,12.411419546281234,12.389406273245028,55216.06,0.026003143425370467,1.3207963821723823,-1.2947932387470118
2024-06-25,12.319056867810952,12.335598158067851,12.392968517929127,56038.38,-4.434699007090508,-3.4422215916765353,-0.9924774154139726
2024-06-26,12.40423222759674,12.401183030668374,12.396495962424192,69395.37,0.46417591035289973,0.2812240946509448,0.18295181570195496
2024-06-27,12.28656099351861,12.273578612929839,12.399983166375755,60169.18,-6.805330371428724,-7.584273206754943,0.7789428353262196
2024-06-28,12.61576478594153,12.635569033178736,12.70689228924211,46671.36,-5.467650198034804,-4.279395363802365,-1.1882548342324384
2024-06-29,12.552300501954601,12.554892969306946,12.40681417018615,54740.01,8.729179906107056,8.884727947247768,-0.15554804114071175
2024-06-30,12.426538695248626,12.444587884806356,12.410145975597421,52415.35,0.9835631790722488,2.0665145525360984,-1.0829513734638496
2024-07-01,12.102596313883971,12.06857174688057,12.29129128392928,57258.1,-11.32169820271848,-13.36317222292255,2.0414740202040704
2024-07-02,12.411436037561284,12.400735721521933,12.40896495376689,63035.12,0.14826502766361216,-0.49375393469745177,0.6420189623610639
2024-07-03,12.398477597041634,12.394286349488663,12.41972862868271,56801.65,-1.2750618984646067,-1.526536751642844,0.25147485317823737
2024-07-04,12.547307809059282,12.583817095742893,12.56573611661223,48459.229999999996,-1.1056984531769132,1.084858747839732,-2.190557201016645
2024-07-05,12.466149355868643,12.475610193183039,12.425704163185442,58300.22,2.426711560992061,2.994361799855838,-0.5676502388637772
2024-07-06,12.393985491671575,12.381839689917276,12.428547278341846,62577.85,-2.0737072002162193,-2.8024553054741475,0.7287481052579281
2024-07-07,12.358909192377016,12.357881384328177,12.423397315135594,66299.5,-3.8692873655146443,-3.930955848444988,0.06166848293034377
2024-07-08,12.634508740502921,12.64567660356828,12.433911399152445,55628.950000000004,12.035840481028615,12.705912264950108,-0.6700717839214931
2024-07-09,12.457061706933265,12.461130634536687,12.436420285584585,68085.38,1.2384852809207914,1.4826209371261,-0.24413565620530875
2024-07-10,12.561201905257787,12.55356308163005,12.438806281122133,49320.36,7.343737448139258,6.885408030475055,0.45832941766420277
2024-07-11,12.399400329287836,12.415085642195155,12.441064284089125,63458.159999999996,-2.499837288077309,-1.558718513638162,-0.9411187744391469
2024-07-12,12.402446456648246,12.403299026771558,12.443189560583761,65928.82,-2.4445862361309167,-2.3934320287321853,-0.051154207398731444
2024-07-13,12.442495160650504,12.473346717406287,12.445177730942035,69198.35,-0.16095421749188432,1.6901391878550953,-1.8510934053469796
2024-08-09,12.567216058590505,12.533469030900793,12.43744755929807,39331.97,7.786109957546117,5.761288296163407,2.0248216613827097
2024-08-10,12.510734328185755,12.485790715066445,12.437604738850101,37388.46,4.38777536013923,2.8911585729806077,1.4966167871586222
2024-08-11,12.774584670318722,12.78305985074948,12.740157148152052,49177.799999999996,2.0656513300001933,2.5741621558456274,-0.5085108258454341
2024-08-17,12.555352732588444,12.79019359840062,12.67625253572357,53426.45,-7.253988188107563,6.8364637606229905,-14.090451948730554
2024-08-18,11.98624189026695,11.984685556571144,12.109028305617779,58463.7,-7.367184921049734,-7.460564942798094,0.09338002174835935
2024-08-19,12.673491966207934,12.709069568540388,12.545427186700891,59194.96,7.683886770422532,9.818542910369779,-2.1346561399472463
2024-08-20,12.690919076634168,12.736993420688894,12.405420700012575,44390.64,17.129902597295583,19.89436324057909,-2.764460643283506
2024-08-21,12.435199325756992,12.40175508236695,12.401483332012356,37493.9,2.022959624678151,0.016305021275648812,2.0066546034025023
2024-08-22,12.452839256752682,12.459164447343156,12.40459310403372,58852.55,2.8947691631377026,3.274280598566115,-0.37951143542841237
2024-08-23,12.249168255223188,12.273276276808547,12.393267874401188,41993.05,-8.645977150680011,-7.199495855558453,-1.4464812951215578
2024-08-24,12.207687216796513,12.176936111218087,12.38880145943379,55785.86,-10.86685455823659,-12.711920892942175,1.8450663347055851
2024-08-25,12.591007518533594,12.499999999999998,12.384621509306225,54807.23,12.383160553642156,6.922709441626402,5.460451112015754
2024-08-26,12.280456355006972,12.499999999999998,12.380144197319385,51650.14,-5.981270538744781,7.191348160836775,-13.172618699581555
2024-08-27,12.202846078113835,12.499999999999998,12.375567359932628,49831.38,-10.363276909127599,7.465958404042219,-17.829235313169818
2024-08-28,12.565363261939725,12.556749446766654,12.658348102235434,42533.22,-5.5790904177425915,-6.09591932812684,0.5168289103842483
2024-08-29,12.593052535871694,12.599371045845007,12.366095209418681,55828.14,13.617439587180762,13.99655018557958,-0.37911059839881744
2024-08-30,12.438052693222321,12.461835399391115,12.36124333056389,61533.91,4.608561759505925,6.035524129633529,-1.4269623701276046
2024-08-31,12.726024879786367,12.757064833101698,12.356303242582971,43449.73,22.18329823220376,24.04569543112359,-1.8623971989198296
2024-09-01,12.53283607670094,12.536630338490697,12.351254093336388,51461.69,10.89491900187312,11.122574709258544,-0.2276557073854235
2024-09-02,12.091796659840739,12.278616658548465,12.34612361002055,58731.93,-15.259617010788666,-4.050417088325098,-11.209199922463569
2024-09-03,12.24553446008286,12.237902314012214,12.34090554274519,55634.37,-5.7222649597398245,-6.180193723978604,0.4579287642387797
2024-09-04,12.330388794194647,12.31731075797493,12.335605020637965,62593.27,-0.31297358659909236,-1.0976557597821213,0.7846821731830289
2024-09-05,12.400466377142536,12.634697060189792,12.586335741206803,65189.729999999996,-11.152161843856021,2.901679138979354,-14.053840982835375
2024-09-07,12.425935889179216,12.423594340081367,12.319243089299047,65091.04,6.401567992810193,6.261075046939233,0.14049294587096028
2024-09-08,12.418022405949664,12.450296540362439,12.313648957029784,37584.66,6.262406935192786,8.198854999959302,-1.936448064766516
2024-09-09,12.114380152266431,12.09645125321181,12.080250267544587,38457.590000000004,2.0477930833106583,0.97205914003343,1.0757339432772284
2024-09-10,12.286137576399499,12.60846262096284,12.302275980993736,39700.85,-0.9683042756542193,18.371198398146227,-19.339502673800446
2024-09-11,12.251392072474571,12.24260289538539,12.296506248591019,69466.56999999999,-2.7068505669868514,-3.2342011923377,0.5273506253508486
2024-09-12,12.38828998603952,12.406413772090191,12.290687466459978,68378.74,5.856151174772535,6.943578337812788,-1.0874271630402532
2024-09-13,12.225616383923661,12.258707233701843,12.284824810069347,67168.77,-3.5525055687411466,-1.5670545820502468,-1.9854509866908998
2024-09-14,12.351986374609359,12.33440587966382,12.531204668413256,58954.64,-10.753097628233839,-11.807927324966201,1.0548296967323623
2024-09-15,12.24902631236949,12.273819607061597,12.280332937319567,61942.35,-1.8783974970046913,-0.39079981547821774,-1.4875976815264735
2024-09-16,12.15359071085622,12.151758522068487,12.26704400809858,67252.7,-6.807197834541618,-6.917129161805562,0.1099313272639435
2024-09-17,12.228308776971982,12.212749933547945,12.261079850436378,70201.09,-1.966264407863747,-2.8997950133059547,0.9335306054422077
2024-09-18,12.000000000000004,12.112905595240282,12.255104421720697,26249.28,-15.306265303241595,-8.531929588824916,-6.774335714416679
2024-09-19,12.000000000000004,12.276524663677131,12.24912462495162,26249.28,-14.947477497096955,1.6440023235307066,-16.59147982062766
2024-09-20,11.99629474325686,11.978475052858734,12.243147451407935,49031.69,-14.811162489064564,-15.8803439129521,1.0691814238875352
2024-09-21,12.039296262203433,12.054598726114648,12.237179879997736,61075.020000000004,-11.873017067658225,-10.954869232985303,-0.9181478346729222
2024-09-22,12.510591420665053,12.508402430241363,12.538571981064136,56648.68,-1.678833623944982,-1.8101730493663837,0.13133942542140176
2024-09-26,12.349855156163372,12.352038410957546,12.207719681419169,43288.0,8.528128484652164,8.659123772302593,-0.13099528765042834
2024-09-27,12.0226526882783,12.038176252428329,12.201946916957233,54239.92,-10.757653720736045,-9.82623987173426,-0.9314138490017854
2024-09-28,12.40368074403567,12.419096493995806,12.19622757714294,56169.35,12.447190013563798,13.372135011171942,-0.9249449976081436
2024-09-29,11.226102765234167,11.221040930338615,11.137550723648138,37194.68,5.313122495161728,5.009412401428648,0.30371009373308056
2024-09-30,11.65721063520701,11.640755732676778,11.891957645366318,49851.78,-14.084820609558513,-15.072114761372397,0.9872941518138845
2024-10-01,12.176496352989318,12.207096301497414,12.179445931589923,67865.17,-0.1769747160362911,1.6590221944494488,-1.8359969104857399
2024-10-02,12.174663337043956,12.184870364292745,12.17399601138609,63726.94,0.04003953947201211,0.6524611743993702,-0.6124216349273581
2024-10-03,11.986519919383317,11.981731731731731,12.168627335411237,58414.71,-10.926444961675195,-11.213736220770372,0.28729125909517705
2024-10-04,12.483710031192388,12.507787925461525,12.16334546806851,49165.840000000004,19.22187378743267,20.666547443580896,-1.4446736561482254
2024-10-05,12.212239596462167,12.207613814756675,12.158155962293833,43638.04,3.2450180501000503,2.9674711477705173,0.27754690232953294
2024-10-06,12.106421586151722,12.107064916452234,12.153064349409645,64084.79,-2.798565795475376,-2.7599659774446295,-0.038599818030746746
2024-10-07,12.141585375341185,12.13537946637249,12.1480761385096,54885.93,-0.3894457901049009,-0.7618003282266272,0.37235453812172636
2024-10-08,12.10666782453194,12.104597446566153,12.143196829948808,64889.530000000006,-2.1917403250121126,-2.3159630029593004,0.12422267794718778
2024-10-09,12.296957358131374,12.331762045573146,12.13843194434427,59577.83,9.511524827226303,11.599806073732637,-2.088281246506334
2024-10-10,12.079713395853645,12.05983017243106,12.133787065071441,53318.14,-3.244420153067793,-4.437413558422918,1.192993405355125
2024-10-11,12.166888194131074,12.187256069325926,12.129267888789327,63001.97,2.257218320504819,3.479290832195936,-1.2220725116911169
2024-10-12,12.425249924766598,12.449624974660448,12.530832928600422,51373.46,-6.3349802300293945,-4.872477236398396,-1.4625029936309986
2024-10-13,12.098932606926805,12.110721189591079,12.120630284820063,70667.5,-1.3018606735954563,-0.594545713739052,-0.7073149598564044
2024-10-14,12.055499154172798,12.07078701976874,12.11652419348942,68891.14,-3.6615023589973106,-2.744230423240772,-0.9172719357565384
2024-10-15,12.188968933343098,12.200188185615271,12.112568473077095,69108.82,4.58402761596016,5.257182752290568,-0.6731551363304078
2024-10-16,11.858375760351137,11.82344712739384,11.91118335549626,63414.78,-3.1684557087073273,-5.264173686145206,2.0957179774378787
2024-10-18,12.111262191741677,12.131470854726672,12.101638518557255,69502.99,0.5774203910652886,1.7899401701649964,-1.2125197790997078
2024-10-19,12.38239626952837,12.412263163649428,12.383089560187997,65641.03,-0.041597439577678585,1.7504162076858165,-1.792013647263495
2024-10-20,12.094290727807284,12.083761832417906,12.095219615946439,70563.46,-0.05573328834930891,-0.6874670117119663,0.6317337233626574
2024-10-21,12.065246628236952,12.07478146156188,12.092290136718136,70934.7,-1.6226105088709986,-1.050520509375339,-0.5720899994956596
2024-10-22,12.07490555802279,12.099886343766391,12.089554629857282,71154.8,-0.8789443100695493,0.6199028345465152,-1.4988471446160645
2024-10-23,11.905264226726578,12.106349345745148,12.087018014279424,73026.11,-10.905227253170793,1.1598798879434113,-12.065107141114204
2024-10-24,12.075759270291496,12.082011187804639,12.084684718041185,63483.98,-0.5355268649813638,-0.16041181419275574,-0.3751150507886081
2024-10-25,12.172867763024428,12.138168583183884,12.282356925114303,48898.88,-6.5693497253925415,-8.651300515825184,2.081950790432643
2024-10-26,12.062590471048976,12.071180634158859,12.080643349282486,69055.24,-1.0831726940105924,-0.5677629074176238,-0.5154097865929685
2024-10-27,12.124164879297464,12.139465342514951,12.078941754174373,66223.96,2.713387507385434,3.631415300434675,-0.9180277930492409
2024-10-28,12.081122066938917,12.092532020382867,12.077456502236851,60389.98,0.2199338821239749,0.9045310887609759,-0.684597206637001
2024-10-29,12.007474223256567,12.035013954506482,12.005306691713303,55940.93,0.1300518925958727,1.782435767590762,-1.6523838749948894
2024-10-30,12.00507996998135,11.998640145480294,12.075143622252908,63533.84,-4.2038191362934185,-4.590208606356789,0.38638947006337077
2024-10-31,12.083004418402412,12.091553581208542,12.07431941595338,67200.76,0.5211001469419685,1.0340499153097582,-0.5129497683677897
2024-11-01,11.777260167834275,11.77124914623966,11.85577039811575,55032.86,-4.710613816888518,-5.0712751125654165,0.3606612956768984
2024-11-02,12.041535322969581,12.076259019985644,12.073341435530617,54262.85,-1.9083667536621363,0.17505506730159937,-2.0834218209637356
2024-11-03,12.118459078773375,12.147552843482636,12.073189008084615,62872.26,2.716204241325606,4.461830123881256,-1.7456258825556503
2024-11-04,12.180954407534895,12.196606113713724,12.07326129178967,61280.74,6.46158694471346,7.400689315443216,-0.9391023707297563
2024-11-05,12.040924250313637,12.062387974580412,12.073558156920642,52544.64,-1.9580343964203095,-0.6702109404137957,-1.2878234560065138
2024-11-06,12.169819722874003,12.203602722725734,12.07407922945224,57150.9,5.74442960530579,7.771409596409633,-2.0269799911038433
2024-11-07,12.023054808043806,12.041525093299171,12.078125452252797,57364.39,-3.3042386525394463,-2.196021537217554,-1.1082171153218923
2024-11-08,11.748321706339135,11.7807997380294,11.773174377934744,58854.420000000006,-1.4911602957365133,0.4575216056793252,-1.9486819014158385
2024-11-09,12.127115105893003,12.166869480564634,12.076981954006078,60454.42,3.007989113215501,5.393251593513355,-2.385262480297854
2024-11-10,12.168137819533472,12.20303063082554,12.078394088964444,56977.99,5.384623834141671,7.478192511665718,-2.093568677524047
2024-11-11,12.070056640755775,12.068569874932031,12.080027809466966,65712.40000000001,-0.5982701226714582,-0.6874760720960893,0.08920594942463111
2024-11-12,12.081886390551835,12.116183988955804,12.081882978091892,66251.18,0.000204747596583843,2.058060651834701,-2.0578559042381173
2024-11-13,12.075293772879037,12.114698203041005,12.08395965269677,65619.57,-0.5199527890639288,1.844313020654127,-2.3642658097180558
2024-11-14,11.784231271465217,11.80264322532498,11.783594473559317,57971.7,0.03820787435397932,1.1429251059397671,-1.1047172315857878
2024-11-15,12.093908779090512,12.104918134650639,12.088778435476,66483.88,0.30782061687073536,0.9683819504783386,-0.6605613336076033
2024-11-16,12.078296851069824,12.097060424605331,12.09144899753697,66462.89,-0.7891287880287479,0.33668562410166913,-1.125814412130417
2024-11-17,12.098406596832856,12.12491313412092,12.094340156739179,66230.57,0.24398640562061757,1.8343786429044684,-1.5903922372838508
2024-11-18,12.094874897682374,12.08428662588909,12.097452293829356,66044.34,-0.15464376881894282,-0.7899400764159381,0.6352963075969953
2024-11-19,11.752833397369495,12.04940089636879,12.033419772276549,37010.34,-16.835182494423258,0.9588674455344304,-17.794049939957688
2024-11-20,12.098305035190448,12.127944848550646,12.104340504157728,66010.81,-0.36212813803679467,1.4162606635751018,-1.7783888016118965
2024-11-21,12.009615556322496,12.071837726818789,12.041891256649743,54878.78,-1.9365420196348282,1.7967882101427435,-3.7333302297775717
2024-11-22,12.02401990097083,12.050176643114249,12.112114383070924,62226.11,-5.285668926005691,-3.7162643974005505,-1.5694045286051406
2024-11-23,12.115018671993953,12.115522934580051,12.11633225261096,61669.9,-0.0788148370203956,-0.04855908185451341,-0.030255755165882192
2024-11-24,12.19020657915623,12.18832841321102,12.120769844866821,51783.54,4.16620405736456,4.053514100651903,0.11268995671265714
2024-11-25,12.330788677005598,12.329719736583018,12.405505447579667,47159.61,-4.48300623444414,-4.547142659798986,0.06413642535484598
2024-11-26,12.152580266025321,12.149485791845756,12.130299622379175,58809.44,1.3368386187687875,1.1511701679948416,0.1856684507739459
2024-11-27,11.925138990451478,11.943625079857624,11.922764109960974,54892.26,0.14249282943019637,1.2516581937989457,-1.1091653643687494
2024-11-28,12.123317588979756,12.120134076041197,12.14069088983844,62085.75,-1.042398051521083,-1.23340882783463,0.19101077631354713
2024-11-29,12.14319788592216,12.176838077698573,12.146203706596712,63520.840000000004,-0.1803492404731344,1.8380622661116774,-2.018411506584812
2024-11-30,12.146330985035304,12.148639922511904,12.151938719460968,62486.39,-0.33646406553987873,-0.19792781694384587,-0.13853624859603286
2024-12-01,12.183262458120119,12.195109312540099,12.157852879364905,61410.75,1.5245747253128528,2.2353859905116735,-0.7108112651988208
2024-12-02,12.174103153305126,12.204424116153396,12.16396932767962,62126.56,0.608029537530328,2.4272873084265356,-1.8192577708962077
2024-12-03,12.187479798615273,12.202974158946855,12.170281978944141,61196.299999999996,1.0318691802679325,1.9615308001628406,-0.9296616198949081
2024-12-04,12.171833313447765,12.2053189054889,12.17678431108397,61099.590000000004,-0.2970598581723394,1.7120756642957602,-2.0091355224680996
2024-12-05,12.198765951799098,12.212123903809816,12.183469427306333,61859.009999999995,0.9177914695658984,1.7192685902089977,-0.8014771206430993
2024-12-06,11.994623091296562,12.01878227475252,11.984029106658118,53704.65,0.6356390783066246,2.0851900856640526,-1.449551007357428
2024-12-07,12.22766829845897,12.241583934288391,12.197359053618348,61312.95,1.818554690437395,2.6534928402026026,-0.8349381497652075
2024-12-08,12.227476743888333,12.247915820264888,12.20454867408744,61710.66,1.3756841880536541,2.6020287706469247,-1.2263445825932706
2024-12-09,12.215355961463253,12.218252401631796,12.211891466797747,61135.409999999996,0.20786967993036143,0.3816560900429522,-0.17378641011259077
2024-12-10,12.238415240923134,12.26852312681619,12.21937991435936,61671.33,1.1421195938264361,2.9485927474097906,-1.8064731535833545
2024-12-11,12.23467200752477,12.25138792224398,12.22700652432338,61663.0,0.4599289920833627,1.462883875235974,-1.0029548831526114
2024-12-12,12.23871997472775,12.252528592860251,12.23476379722074,62170.96,0.23737065042062966,1.0658877383706766,-0.828517087950047
2024-12-13,12.240481852128978,12.271673064619321,12.242644161402023,62774.03,-0.1297385563826836,1.7417341930379138,-1.8714727494205974
2024-12-14,12.054854382126079,12.077964885913376,12.043351651721093,59603.26,0.6901638242991837,2.0767940515370142,-1.3866302272378306
2024-12-15,12.267674097632886,12.306167831484286,12.258743023240012,61702.159999999996,0.535864463572473,2.845488494656472,-2.309624031083999
2024-12-16,12.262517768197934,12.275271959733724,12.266959664888695,61852.08,-0.2665138014456403,0.49873769070170937,-0.7652514921473497
2024-12-17,12.279630377888596,12.264158890616901,12.27528108073663,61525.54,0.2609578291179915,-0.6673314071836955,0.928289236301687
2024-12-18,12.290689149798892,12.303702572838159,12.283683812036207,61409.0,0.4203202657610916,1.2011256481170918,-0.7808053823560002
2024-12-19,11.75584485935695,11.764747903898938,11.733435799299214,52943.96,1.3445436034641745,1.8787262759834533,-0.5341826725192789
2024-12-20,12.297093094676073,12.311119796755914,12.300694560658101,60402.38,-0.2160879589216691,0.6255141658687791,-0.8416021247904482
2024-12-21,12.315916125072228,12.307566755892145,12.30928198500625,59986.46,0.398048403958704,-0.1029137468462693,0.5009621508049733
2024-12-22,12.313906742300977,12.04008360080615,12.31790958531397,60027.43,-0.2401705807795551,-16.669559070469155,16.4293884896896
2024-12-23,12.32019297084331,12.31873667420778,12.326565942227699,60550.08,-0.3823782830633249,-0.4697560811951007,0.08737779813177582
2024-12-24,12.327245371832944,12.321315592081664,12.335239286153417,60775.68,-0.479634859228355,-0.8354216443051854,0.35578678507683037
2024-12-25,12.332379828146717,12.349521248688353,12.343917555485685,60265.36,-0.6922636403380977,0.3362215921600509,-1.0284852324981486
2024-12-26,12.350189935525261,12.369039811110383,12.352588445931524,60481.049999999996,-0.1439106243757493,0.9870819107315754,-1.1309925351073247
2024-12-27,12.62855381375312,12.65114583722756,12.627514614594276,53218.18,0.06235194953067236,1.4178733579970526,-1.3555214084663803
2024-12-28,12.373443469594738,12.377640526955554,12.369857877118262,60164.26,0.2151355485885631,0.4669589902375293,-0.2518234416489662
2024-12-29,12.369140756780443,12.393252572619513,12.37843089752955,60618.11,-0.5574084449463967,0.8893005053978342,-1.446708950344231
2024-12-30,12.372111858472772,12.385937371578864,12.386945560502408,60135.99,-0.8900221217781379,-0.0604913354126424,-0.8295307863654955
2024-12-31,12.375903662119377,12.393010358045835,12.395388858469259,59910.39,-1.1691117809928997,-0.1427100254054281,-1.0264017555874716
2025-01-01,12.380117763444106,12.405414886153455,12.403747808998265,59397.04,-1.4178027332495091,0.10002462931140599,-1.517827362560915
2025-01-02,12.381811714140547,12.400114514282029,12.412009568462098,59892.23,-1.811871259293092,-0.7137032508041585,-1.0981680084889334
2025-01-03,12.058928062328159,12.416739179477261,12.420161569505971,66258.33,-21.67401043066878,-0.20534340172261523,-21.468667028946165
2025-01-04,12.402019182014,12.43448337359555,12.428191669800636,60427.439999999995,-1.5703492671982033,0.3775022276947837,-1.947851494892987
2025-01-05,12.406631418812669,12.405978199251717,12.436088296058584,60856.659999999996,-1.7674126347548835,-1.806605808412023,0.03919317365713937
2025-01-06,12.422141046756472,12.407491331344245,12.44384056699808,60436.98,-1.3019712144964757,-2.1809541392301313,0.8789829247336556
2025-01-07,12.423109412998828,12.445762602361377,12.451438382670784,64327.64,-1.6997381803173184,-0.3405468185643912,-1.3591913617529272
2025-01-08,12.15236690164349,12.15370207139709,12.178883679978691,56838.229999999996,-1.5910067001120964,-1.5108965148960607,-0.08011018521603575
2025-01-09,12.34248796529085,12.379745748153239,12.46613439751126,60180.1,-7.4187859332245765,-5.1833189614812625,-2.235466971743314
2025-01-10,12.475278167631703,12.485476062399139,12.47321652048199,59552.22,0.12369882898276785,0.7355725150288706,-0.6118736860461027
2025-01-11,12.432764453462422,12.465620109546167,12.480111938104608,63162.72,-2.8408490785311713,-0.86950971350646,-1.9713393650247113
2025-01-12,12.416474607672953,12.430361377846326,12.48681440324893,62654.36,-4.220387734558635,-3.387181524156233,-0.8332062104024018
2025-01-13,12.431897574468767,12.444464809384163,12.410876019973777,62543.0,1.2612932696993795,2.015327364623154,-0.7540340949237745
2025-01-14,12.529427969392206,12.563212472033808,12.499618267407442,59042.47,1.7885821190858309,3.815652277581947,-2.027070158496116
2025-01-15,12.45513312310432,12.490441938828408,12.505709727801227,63816.12,-3.03459628181443,-0.9160673383691531,-2.118528943445277
2025-01-16,12.480345068921368,12.512268064443514,12.511593685676553,64597.53,-1.8749170053111186,0.04046272601765821,-1.9153797313287768
2025-01-17,12.552684518327569,12.57387911607413,12.600264530098755,61381.03,-2.854800706271199,-1.5831248414775345,-1.2716758647936643
2025-01-18,12.480807966274394,12.513762622290727,12.522740503634743,63939.55,-2.515952241620951,-0.5386728806409735,-1.9772793609799777
2025-01-19,12.459980036180838,12.5157861889203,12.532695825914825,55780.91,-4.362947384039231,-1.0145782196714848,-3.348369164367746
2025-01-22,12.511779590503666,12.525422115018408,12.542422556840393,64298.5,-1.8385779802035884,-1.0200265093190808,-0.8185514708845076
2025-01-23,12.52861226821336,12.532933147588713,12.546780893514198,64440.189999999995,-1.0901175180502776,-0.830864755529106,-0.2592527625211716
2025-01-24,12.539078404689365,12.579168426486458,12.550909279172169,64063.26,-0.7098524689682506,1.6955488388573414,-2.405401307825592
2025-01-25,12.527303626667504,12.550976003978613,12.554805623482329,64996.86,-1.6501198088895208,-0.2297771702229312,-1.4203426386665896
2025-01-26,12.26857775557876,12.281587525328167,12.288526597758379,56478.97,-1.1969305307771805,-0.4163443458127247,-0.7805861849644558
2025-01-28,12.530662956176378,12.554311124510098,12.565084496518226,64577.27,-2.0652924205108647,-0.6464023204876668,-1.418890100023198
2025-01-29,12.538712335610992,12.556856136283916,12.568035625443,65652.2,-1.7593973899205295,-0.6707693495451039,-1.0886280403754256
2025-01-30,12.561696223208717,12.572493162471956,12.570747081693922,65259.1,-0.5430515091122956,0.10476484668203057,-0.6478163557943262
2025-01-31,12.55497013718411,12.568126890513613,12.573217987955163,65082.61,-1.094871046263144,-0.3054658464930071,-0.7894051997701368
2025-02-01,12.547093388679448,12.571648042557747,12.575447831292047,65931.76,-1.7012665567559537,-0.22798732405799882,-1.473279232697955
2025-02-02,12.651774326609583,12.704844239901725,12.655964969264383,64425.85,-0.2514385592879975,2.9327562382404793,-3.184194797528477
2025-02-03,12.538146934746859,12.580611081553545,12.57918463116998,64578.19,-2.4622617853872697,0.08558702301392884,-2.5478488084011985
2025-02-04,12.293264959582068,12.266261066418725,12.594176793726895,49132.89,-18.05471004868963,-19.674943638490205,1.620233589800577
2025-02-05,12.53944934464086,12.57364081996435,12.581963708233591,61817.25,-2.5508618155638985,-0.49937329615445947,-2.051488519409439
2025-02-06,12.628508210558762,12.647633239275864,12.582998665353704,62683.31,2.7305727123034274,3.878074435329566,-1.1475017230261386
2025-02-07,12.559187008484873,12.591273684847753,12.583800859471687,66352.23,-1.476831059208834,0.448369522563965,-1.925200581772799
2025-02-08,12.577544375304393,12.601189228050204,12.584373680690089,65642.93,-0.409758323141709,1.008932841606942,-1.418691164748651
2025-02-09,12.255226983182848,12.26026022982915,12.282785025044761,48587.299999999996,-1.6534825117148344,-1.351487712936681,-0.3019947987781535
2025-02-10,12.561258529852651,12.604368643311721,12.58484695032578,66236.49,-1.4153052283877088,1.1713015791564985,-2.5866068075442072
2025-02-11,12.563485175189975,12.569981938234687,12.584756110147417,66365.1,-1.2762560974465487,-0.8864503147638203,-0.38980578268272836
2025-02-12,12.571333558631428,12.578818386541263,12.58445315392692,66637.64,-0.7871757177295535,-0.33808604313946944,-0.4490896745900841
2025-02-13,12.548772974496426,12.574504535780592,12.58394291894267,65250.07,-2.1101966667746197,-0.5663029897246474,-1.5438936770499723
2025-02-14,12.57171719610928,12.586879592142749,12.583230325929662,65015.23,-0.6907877892229664,0.21895597278518864,-0.909743762008155
2025-02-15,12.518763099372473,12.52340118844502,12.582332262990379,64401.94,-3.814149817074366,-3.5358644727215705,-0.2782853443527955
2025-02-16,12.560340675619564,12.571850636623646,12.581241383606757,66856.56,-1.2540424792316074,-0.5634448189866959,-0.6905976602449115
2025-02-17,12.5657678265488,12.546452776404202,12.579962632314588,66387.78,-0.8516883459472879,-2.0105913546231946,1.1589030086759067
2025-02-18,12.559678357512576,12.598591549295778,12.57850098191739,67256.04,-1.1293574642888515,1.2054340427032528,-2.3347915069921044
2025-02-19,12.56639724405191,12.57605341331872,12.57686143176068,66297.33,-0.6278512625262067,-0.048481106517606065,-0.5793701560086006
2025-02-20,12.5628553046758,12.571078150103283,12.575048997859733,67364.72,-0.7316215910359958,-0.23825086538703744,-0.49337072564895834
2025-02-21,12.430833611599802,12.431737537083357,12.457198415918574,66003.88,-1.5818882591263517,-1.5276527301130116,-0.054235529013340056
2025-02-22,12.55800419001554,12.57526104185347,12.570925492489751,67283.76,-0.775278148452685,0.2601329618230963,-1.0354111102757813
2025-02-23,12.55917499407971,12.60477218026392,12.58000823281639,57682.98,-1.2499943242007916,1.485836846851818,-2.7358311710526095
2025-02-24,12.557352520469788,12.558591508892714,12.566169925003797,67882.98,-0.5290442720405153,-0.4547049666649272,-0.07433930537558808
2025-02-25,12.55041017383628,12.557387853447665,12.563567012194431,68190.6,-0.7894103014890774,-0.37074952480598,-0.4186607766830974
2025-02-26,12.823591801812182,12.579156559059525,12.837513807138878,60308.45,-0.8353203196017844,-15.501434884761167,14.666114565159383
2025-02-27,12.536673734477752,12.562468865198767,12.557933482196152,54722.270000000004,-1.2755848631039868,0.27212298015690806,-1.5477078432608948
2025-02-28,12.421834683376806,12.45985643047322,12.439210055034428,54079.740000000005,-1.0425222994572891,1.2387825263275332,-2.2813048257848223
2025-03-01,12.536698927372234,12.553514537470225,12.551758420686808,68602.55,-0.9035695988744408,0.10536700700502166,-1.0089366058794624
2025-03-02,12.533024760502212,12.548358023995945,12.548478495402552,69098.76,-0.9272240940204313,-0.0072282843964188714,-0.9199958096240124
2025-03-03,12.535333322865835,12.547225352112678,12.545076159353997,68784.36,-0.5845701892896926,0.12895156552087172,-0.7135217548105643
2025-03-04,12.529968123621774,12.565370800760618,12.541556025918704,69314.65,-0.6952741378157512,1.4288864905148912,-2.1241606283306425
2025-03-05,12.539274764268832,12.541522443054934,12.5379229558105,69021.42,0.08110850749996956,0.2159692346660691,-0.13486072716609954
2025-03-06,12.513820409372057,12.637170638538006,12.534182092880817,68680.31,-1.2217010105256065,6.179312739431317,-7.401013749956924
2025-03-07,12.261901414191925,12.284357094083067,12.27576054637309,64151.83,-0.8315479308699381,0.515792862598552,-1.34734079346849
2025-03-08,12.52717291229908,12.523394979451293,12.526399041869258,67667.02,0.04643222578927464,-0.1802437450778882,0.22667597086716285
2025-03-09,12.512168268221577,12.531579092843911,12.522368568020212,72506.62,-0.6120179879181009,0.5526314894219198,-1.1646494773400207
2025-03-10,12.499964714160766,12.530255861465122,12.518253645747604,73117.15000000001,-1.0973358952102785,0.7201329430510484,-1.8174688382613269
2025-03-11,12.507128968561,12.5191554926293,12.514060604485605,72829.61,-0.41589815547631304,0.3056932886217112,-0.7215914440980242
2025-03-12,12.48983040942171,12.513274273864772,12.509795847984542,72893.79,-1.1979263137698837,0.20870555281380376,-1.4066318665836874
2025-03-13,11.275232709996905,11.305303320111946,11.28088393566743,50904.56,-0.339073540231567,1.4651630666709181,-1.804236606902485
2025-03-14,12.489968755498985,12.48964449364517,12.501076823836202,73081.66,-0.6664841002330135,-0.6859398114619708,0.019455711228957284
2025-03-15,12.431256200367917,12.45845073640282,12.496633347030263,66498.07,-3.922628799740764,-2.290956637646566,-1.6316721620941976
2025-03-16,12.64666055259409,12.673084150466366,12.648160862781058,58945.98,-0.09001861121806343,1.4953972611184696,-1.585415872336533
2025-03-17,12.494525646760106,12.67606224977399,12.487598705762437,71475.11,0.4156164598601464,11.307812640693164,-10.892196180833018
2025-03-18,12.49534789185022,12.759184090873333,12.483018711014676,71389.14,0.7397508501325945,16.56992279151943,-15.830171941386837
2025-03-19,12.469776385873232,12.22115777882649,12.478399650950001,72086.68000000001,-0.5173959046061682,-15.434512327410701,14.917116422804533
2025-03-20,12.464575242691406,12.495628475776778,12.473752240182018,71811.36,-0.5506198494366643,1.3125741356856224,-1.8631939851222867
2025-03-21,12.447633001921188,12.473058008191726,12.469072439809903,70451.05,-1.2863662733228765,0.23913410290941073,-1.5255003762322872
2025-03-22,12.44952723869074,12.463662130739278,12.464365600960965,72179.13,-0.8903017362135301,-0.042208213301222486,-0.8480935229123077
2025-03-23,12.423565139430659,12.4490689578959,12.459634464224466,72132.27,-2.1641594876284387,-0.6339303797139806,-1.530229107914458
2025-03-24,12.43401787743458,12.450749283202216,12.454874880384567,71721.7,-1.2514201769991828,-0.24753583094110354,-1.0038843460580793
2025-03-25,12.440691617148683,12.480045633685956,12.45010983655042,72615.03,-0.5650931641041623,1.7961478281321774,-2.3612409922363398
2025-03-26,12.433726773297064,12.436058091286306,12.445321545617961,71346.76,-0.6956863392538537,-0.5558072598993391,-0.1398790793545146
2025-03-27,12.443046419738367,12.47548439219401,12.440509481464522,70785.19,0.15221629643072276,2.0984946437692997,-1.946278347338577
2025-03-28,12.41826112793375,12.428006693160427,12.435706331793055,71081.48,-1.0467122315582955,-0.4619783179576942,-0.5847339136006013
2025-03-29,12.561532931649884,12.575230514618962,12.577560121154379,62151.76,-0.9616313702696999,-0.1397763921250217,-0.8218549781446782
2025-03-30,12.409252731457197,12.43517058536245,12.426045255060526,71267.82,-1.0075514161997035,0.5475198181154184,-1.5550712343151218
2025-03-31,12.399865692484992,12.391182760322419,12.421231128539908,71135.26,-1.281926163294962,-1.8029020930493544,0.5209759297543926
2025-04-01,12.63189968178921,12.438919617036808,12.416405583605016,72910.79,12.929645891051678,1.3508420059075021,11.578803885144175
2025-04-02,12.397026372913636,12.438698816725106,12.41158640770463,71262.13,-0.8736020874596662,1.6267445412285042,-2.5003466286881704
2025-04-03,12.36371885542007,12.386455708538096,12.406778197263339,69946.36,-2.583560510596179,-1.2193493235146136,-1.3642111870815654
2025-04-04,12.439338477799476,12.477167545196513,12.401986007660733,69510.29,2.241148208324546,4.510892252146803,-2.269744043822257
2025-04-05,12.341160389399297,12.34362445344391,12.380368042672991,60446.950000000004,-2.3524591964216413,-2.204615353744863,-0.14784384267677808
2025-04-06,12.403385913970324,12.25998682294195,12.392472108877097,65268.64,0.6548283055935755,-7.949117156108798,8.603945461702374
2025-04-07,8.137810191873655,8.102377989769113,8.181342674311798,6894.120000000001,-2.6119489462886136,-4.737881072561088,2.125932126272474
2025-04-08,12.38249195732908,12.412566536175962,12.383093176359376,69255.59999999999,-0.036073141817745125,1.7684015889951965,-1.8044747308129416
2025-04-09,12.325571880815286,12.333414278776106,12.378439195675206,69343.12,-3.1720388915952213,-2.7014950139460225,-0.4705438776491988
2025-04-10,12.355810469384634,12.39169991909718,12.373901678438072,70352.75,-1.085472543206265,1.067894439546464,-2.153366982752729
2025-04-11,12.035415735418873,12.052541198445455,12.065473945141703,64384.94,-1.8034925833697812,-0.7759648017748333,-1.027527781594948
2025-04-12,12.342558022027738,12.3819942022644,12.36495139905782,70376.72,-1.3436026218048625,1.0225681923948216,-2.366170814199684
2025-04-13,12.342010423798282,12.363395261913922,12.360583344069195,70329.45,-1.114375216254757,0.16871507068366043,-1.2830902869384175
2025-04-14,12.355332169305761,12.379328436516266,12.356295329565505,68217.17,-0.0577896155846247,1.3819864170456597,-1.4397760326302844
2025-04-15,12.155881877511431,12.156130600903094,12.176155349376128,61244.9,-1.2164083118817715,-1.2014849083820422,-0.014923403499729204
2025-04-16,12.352719566306746,12.353217610949569,12.34792124864397,65954.45,0.28789905976651653,0.31778173833590273,-0.0298826785693862
2025-04-17,12.315240691919284,12.346748041030494,12.343957360857502,69656.68,-1.7230001362930736,0.16744081037955993,-1.8904409466726335
2025-04-18,12.315315622927171,12.327144846796658,12.340041913105477,69410.04000000001,-1.483577410698338,-0.7738239785291157,-0.7097534321692223
2025-04-19,12.561119870655128,12.780562426767352,12.590484385226679,61107.950000000004,-1.7618708742930522,11.404682492440372,-13.166553366733424
2025-04-20,12.154097631276056,12.17336028165341,12.154400454841623,57897.840000000004,-0.01816941393403937,1.137589608707259,-1.1557590226412984
2025-04-21,12.402398553403964,12.434494134355077,12.328974706453979,63719.24,4.405430816999143,6.331165674065922,-1.9257348570667787
2025-04-22,12.298582083292558,12.325598511359216,12.325529150381394,68669.76,-1.6168240253301391,0.004161658669303847,-1.620985683999443
2025-04-23,12.282394531619254,12.292461177044876,12.322212910945789,63261.14,-2.389102759592099,-1.7851040340547542,-0.6039987255373447
2025-04-24,12.3292920834677,12.374069688768605,12.319029828733495,67509.23,0.6157352840522634,3.3023916021066313,-2.686656318054368
2025-04-25,12.287077338909748,12.321551421551424,12.315983246464562,68000.7,-1.7343544532888089,0.3340905052117549,-2.0684449585005638
2025-04-26,12.282399856387032,12.327444296641172,12.313076009664142,68294.67,-1.8405691966265891,0.8620972186217912,-2.7026664152483804
2025-04-27,12.28743867436493,12.290477372383554,12.310147077516245,68207.61,-1.3625041890788836,-1.1801823079614238,-0.18232188111745984
2025-04-28,12.278556895174237,12.29915285141238,12.307508094773103,67927.29,-1.7370719759319897,-0.5013146016434078,-1.235757374288582
2025-04-29,12.282625252441035,12.30284310186856,12.305012667794694,68486.29000000001,-1.3432449212195507,-0.13017395556808253,-1.2130709656514682
2025-04-30,12.273892429661895,12.2653704044508,12.302882367540526,66768.22,-1.7393962727178547,-2.250717785383536,0.5113215126656812
2025-05-01,12.29858249852871,12.326786043151197,12.300700686989526,66761.13,-0.1270913076489677,1.5651213697002575,-1.6922126773492252
2025-05-02,12.283621062465217,12.303496503496508,12.298668450469831,67266.39,-0.9028432802768549,0.28968318160057294,-1.1925264618774278
2025-05-03,12.27968409736361,12.027306096393234,12.296787087509284,67039.01,-1.0261794087404041,-16.168859466962964,15.14268005822256
2025-05-04,12.237137825812448,12.266748772490743,12.261951981504712,57684.26,-1.4888493415358184,0.28780745916186845,-1.7766568006976868
2025-05-05,8.768398478536497,8.713708307859521,8.788626932866844,13802.5,-1.213707259820822,-4.495117500439356,3.281410240618534
2025-05-06,12.266250726654542,12.32087815400335,12.292063838223877,66641.02,-1.5487866941600714,1.728858946768348,-3.2776456409284194
2025-05-07,12.081289677454171,12.110207589580854,12.101008742787783,50212.71,-1.1831439200167537,0.5519308075842488,-1.7350747276010026
2025-05-08,12.28249841860957,12.308669115732837,12.289698598938829,65069.32,-0.43201081975549727,1.1382310076404778,-1.570241827395975
2025-05-09,12.268736126173065,12.277077867789083,12.28875571272914,69758.15,-1.2011751933644632,-0.7006706964033782,-0.500504496961085
2025-05-10,12.25010844559581,12.28711842048664,12.287974447606372,69297.42,-2.2719601206337003,-0.05136162718386572,-2.2205984934498346
2025-05-11,12.256851918161084,12.245552107945004,12.287355939509641,69148.52,-1.8302412809134339,-2.5082298938782444,0.6779886129648105
2025-05-12,12.539765128196137,12.556450494057437,12.560365541058014,63883.36,-1.2360247717125716,-0.2349028200346126,-1.001121951677959
2025-05-13,12.270861558774419,12.27819496377205,12.286610801860153,64377.5,-0.9449545851440533,-0.504950285286192,-0.44000429985786127
2025-05-14,11.749051025729235,11.680731447508581,11.745706103510887,23894.22,0.20069533310088872,-3.898479360138367,4.099174693239256
2025-05-15,12.285261224636661,12.300513423895604,12.286525650387645,65588.76,-0.07586554505902399,0.8392664104774994,-0.9151319555365234
2025-05-16,12.101433373917263,12.099273041973172,12.103026388352077,58594.62,-0.09558086608883798,-0.22520078273434052,0.12961991664550254
2025-05-17,12.271787445453873,12.275916073435743,12.286051244075772,67165.63,-0.8558279173139383,-0.6081102384017001,-0.24771767891223817
2025-05-18,12.270214807708612,12.301353657312475,12.287626067257866,70069.18,-1.0446755729552493,0.8236554032765397,-1.868330976231789
2025-05-19,12.270033910916702,12.295665021844558,12.288319771673752,69776.94,-1.0971516454230112,0.440715010248347,-1.5378666556713583
2025-05-20,12.325119571624834,12.341388100693443,12.28917574983329,65684.48,2.1566293074925724,3.1327410516091447,-0.9761117441165723
2025-05-21,12.367766687840941,12.379638692837393,12.412278452340418,57632.83,-2.6707058699686215,-1.9583855701815267,-0.7123202997870948
2025-05-22,12.19976261068313,11.876437029993948,12.289863018727821,62066.82,-5.40602448268146,-24.805559324032416,19.399534841350956
2025-05-23,12.321836239114912,12.308135848797956,12.291086341925244,58212.68,1.8449938313801084,1.022970412362767,0.8220234190173414
2025-05-24,12.741115517613839,12.745114804496108,12.597225739841923,52215.76,8.633386666314955,8.873343879251117,-0.23995721293616157
2025-05-25,12.409261385931458,12.284401796651695,12.295816285334816,51427.939999999995,6.806706035798555,-0.6848693209872536,7.491575356785809
2025-05-26,12.318537251710264,12.28569159175435,12.295624439966693,62576.59,1.3747687046143042,-0.5959708927405316,1.9707395973548358
2025-05-27,12.22694777436196,12.232124625946136,12.299510951583125,57171.92,-4.353790633269874,-4.043179538219306,-0.31061109505056805
2025-05-28,12.210959103411449,12.19326521133302,12.299329192479192,65227.69,-5.302205344064568,-6.363838868770273,1.0616335247057052
2025-05-29,12.302933026217783,12.28608315098468,12.303743120783723,67839.83,-0.048605673956423345,-1.0595981879425764,1.010992513986153
2025-05-30,12.317262533240488,12.31658158774864,12.306047270192254,62916.49,0.6729157828940302,0.6320590533831805,0.04085672951084973
2025-05-31,12.331150179104347,12.344059524379158,12.30846955844427,64607.59,1.360837239604642,2.1353979560933567,-0.7745607164887147
2025-06-01,12.457365219684482,12.456957486767969,12.437616319314468,58320.46,1.1849340222007854,1.1604700472100404,0.02446397499074493
2025-06-02,12.311192152083592,12.326161841573187,12.313647394545187,67860.05,-0.14731454769570718,0.7508668216799919,-0.898181369375699
2025-06-03,12.417842596828372,12.408368957842997,12.316392624232838,63218.04,6.086998355732014,5.518580016609533,0.5684183391224806
2025-06-04,12.541132090645451,12.530266261065726,12.56902954100133,59437.29,-1.6738470213526924,-2.3257967961361814,0.651949774783489
2025-06-05,12.313767287126119,12.324652855127349,12.322170414241151,68510.52,-0.5041876269019596,0.1489464531718454,-0.653134080073805
2025-06-06,12.335318055882713,12.341380042141006,12.321557989948683,66863.25,0.8256039560417605,1.1893231315393749,-0.36371917549761434
2025-06-07,12.13770645044509,12.44329449677739,12.324491351325946,53670.869999999995,-11.207094052851332,7.128188727086666,-18.335282779937998
2025-06-08,12.258865100640243,12.271088645450702,12.331479634797171,63431.88,-4.356872049415692,-3.623459360788175,-0.7334126886275172
2025-06-09,12.43689413912641,12.421527451112157,12.330579248868185,61870.64,6.378893415493536,5.456892134638309,0.9220012808552269
2025-06-10,12.586734904024654,12.56007481845522,12.491230530709567,55840.38,5.730262398905239,4.130657264739206,1.5996051341660333
2025-06-11,12.206804630581354,11.90332335269973,12.34143604995202,59862.03,-8.077885162239902,-26.286761835137398,18.208876672897496
2025-06-12,12.288727700529606,12.279059718916297,12.34487408591878,67244.31,-3.3687831233504895,-3.9488620201489866,0.5800788967984971
2025-06-13,12.367116340187273,12.399078784545582,12.348362863031458,60181.44,1.1252086293489327,3.0429552908474378,-1.917746661498505
2025-06-14,12.315206746698943,12.262055148727866,12.3468632937023,53160.22,-1.8993928202014843,-5.088488698466094,3.1890958782646095
2025-06-15,12.3222463283947,12.352437902483901,12.355471133343954,61782.24,-1.9934882969552703,-0.18199385160318826,-1.811494445352082
2025-06-16,12.309970859568761,12.27052580212273,12.487771037781881,42590.31,-10.668010692787213,-13.03471413954906,2.3667034467618464
2025-06-17,12.360686238701472,12.39052834315374,12.362730233846866,63053.57,-0.12263970872364638,1.6678865584124125,-1.790526267136059
2025-06-18,12.417318790329926,12.38592338835254,12.360652033410076,66205.49,3.400005415190961,1.5162812965477812,1.8837241186431797
2025-06-19,12.228778180773352,12.267093410880204,12.198742968790432,58260.91,1.802112718975195,4.101026525386295,-2.2989138064111003
2025-06-20,12.368799811782441,12.387418411884838,12.373772517605941,52109.91,-0.2983623494099774,0.8187536567337972,-1.1171160061437746
2025-06-21,11.911625207950133,11.9185204783575,12.075163908154751,49501.05,-9.812322012277122,-9.39860578783506,-0.41371622444206224
2025-06-22,12.247313422263627,12.220235342479832,12.532673308101634,41646.85,-17.121593150280425,-18.74627793730813,1.6246847870277037
2025-06-23,12.591591726508428,12.603857498386946,12.384836604689417,44850.229999999996,12.405307309140667,13.141253621851732,-0.7359463127110644
2025-06-24,11.148252346377928,11.076652715174932,11.171177092108826,39108.15,-1.375484743853832,-5.671462616033622,4.29597787217979
2025-06-27,12.633515183723414,12.704551585925156,12.569382603178113,53985.77,3.847954832718088,8.110138964822582,-4.262184132104494
2025-06-28,12.033683809795688,12.027950565580669,12.156417679218485,49882.57,-7.364032165367824,-7.708026818268969,0.34399465290114506
2025-06-29,12.318238756645329,12.348599266940491,12.406185306422953,56137.159999999996,-5.27679298665749,-3.4551623689477395,-1.8216306177097508
2025-06-30,12.92083468660519,12.940750274083607,12.40955017703453,43567.25,30.677070574239558,31.872005822944587,-1.194935248705029
