h,2024-01,2024-02,2024-03,2024-04,2024-05,2024-06,2024-07,2024-08,2024-09,2024-10,2024-11,2024-12,2025-01,2025-02,2025-03,2025-04,2025-05,2025-06
0,-4.1,-2.9,-2.4,-3.2,-3.7,-3.9,-4.4,-2.6,169.7,-3.5,-4.0,-3.7,-2.5,-3.2,-4.4,-3.5,-5.1,-3.9
1,-2.9,-3.6,-3.2,-4.0,-3.1,-2.7,-2.6,-3.7,164.4,-3.2,-4.2,-3.1,-3.7,-4.4,-2.7,-2.7,-4.8,-4.0
2,-4.6,-3.3,-5.0,-2.4,-4.2,-3.6,-3.2,-4.8,171.3,-2.9,-2.8,-2.6,-4.0,-4.1,-4.6,-3.6,-4.8,-6.1
3,-3.2,-1.9,-3.5,-1.5,-3.3,-3.2,-1.6,-4.2,163.9,-3.1,-3.2,-4.3,-3.4,-3.7,-4.3,-4.1,-2.9,-3.1
4,-2.6,-3.1,-2.8,-3.8,-2.4,-4.5,-2.9,-3.6,164.1,-4.1,-4.4,-4.4,-5.2,-3.1,-2.9,-3.2,-3.2,-4.7
5,-2.6,-3.9,-3.5,-4.4,-2.6,-3.8,-4.4,-4.1,165.2,-2.6,-3.3,-3.1,-3.2,-2.5,-5.6,-2.9,-3.5,-3.7
6,12.7,11.4,70.9,198.8,277.3,171.9,151.1,107.1,364.1,281.4,185.0,56.3,13.3,16.3,65.7,199.6,277.1,214.0
7,1062.7,1100.3,1645.5,2098.5,2294.5,1707.1,1876.3,1560.0,2111.8,2339.6,1944.0,1399.0,1026.9,1086.9,1621.6,2107.4,2255.4,2138.8
8,3622.6,3669.2,4318.2,4572.7,4546.4,3370.1,3881.7,3136.7,3897.7,4619.5,4544.2,3934.9,3738.8,3593.9,4293.9,4547.1,4474.4,3937.5
9,6061.4,6105.0,6736.8,6705.0,6525.2,4895.8,5757.5,4833.7,5475.8,6718.2,6518.3,6198.3,6000.6,5992.5,6711.2,6673.1,6512.2,5662.6
10,7913.2,7883.5,8539.2,8192.4,8014.2,6203.8,7208.2,6109.8,6651.1,8194.2,7904.0,7868.2,7789.3,7824.6,8501.4,8324.8,7638.2,6743.5
11,9029.9,8984.5,9614.0,9124.3,8981.5,6611.3,8085.9,6648.2,7286.9,9008.9,8586.5,8780.8,8882.6,8928.2,9581.6,9204.7,8385.7,7772.6
12,9369.2,9339.6,9884.0,9329.7,9062.1,6786.5,8421.2,7039.5,7467.6,9104.1,8823.4,8956.9,9125.2,9326.5,9806.2,9474.2,8521.5,8017.9
13,8961.9,9093.9,9539.0,8912.5,8595.8,6497.4,7993.3,6829.1,7122.5,8547.2,8102.4,8413.3,8713.5,8981.3,9504.7,8979.2,8158.7,7473.7
14,7810.9,8081.1,8424.1,7790.6,7460.5,5568.3,6963.9,5962.6,6364.5,7236.1,6831.4,7143.0,7613.2,7880.4,8349.8,7824.4,7054.8,6788.9
15,5936.1,6310.9,6584.8,6019.3,5757.5,4506.5,5494.4,4649.1,4785.3,5097.9,4865.4,5196.6,5815.8,6158.7,6561.7,6024.2,5599.1,5349.6
16,3497.9,3971.3,4191.6,3763.8,3700.1,2892.6,3630.6,3053.3,2912.5,2745.5,2396.5,2745.0,3414.2,3872.4,4190.8,3756.0,3549.0,3296.5
17,991.0,1414.8,1574.6,1363.0,1302.3,1161.7,1572.8,1130.6,992.9,536.2,381.4,537.5,961.1,1387.6,1570.2,1472.3,1280.1,1304.4
18,14.1,50.5,43.6,23.7,10.3,19.7,48.2,27.6,182.7,-4.2,-2.9,-4.4,6.6,50.6,54.1,16.4,12.6,21.9
19,-4.7,-2.9,-3.8,-2.4,-4.9,-3.9,-3.2,-3.4,172.5,-3.5,-4.0,-4.5,-4.8,-3.2,-4.1,-3.5,-4.6,-3.2
20,-3.7,-3.6,-4.1,-4.0,-3.6,-4.4,-3.5,-4.4,171.7,-4.3,-3.3,-2.6,-2.9,-3.2,-3.7,-3.6,-2.9,-3.4
21,-1.7,-3.9,-2.5,-3.1,-2.3,-2.0,-2.2,-5.2,178.5,-4.0,-4.1,-4.8,-3.3,-4.1,-4.4,-4.7,-3.3,-3.9
22,-3.7,-3.2,-4.5,-2.3,-2.7,-3.6,-3.5,-1.8,163.8,-3.4,-3.6,-3.3,-2.9,-2.7,-4.0,-2.1,-4.2,-3.8
23,-4.3,-4.0,-4.2,-2.9,-3.9,-4.0,-2.0,-2.7,164.3,-3.7,-2.8,-3.3,-3.7,-3.7,-2.7,-3.5,-2.6,-3.3
