hour,n,mae_pct,bias_kw,mean_actual_kw,b2b_bias_kw,m2_bias_kw
6,137,0.4380775399907866,2.21776834544137,135.38357664233575,14.070528885828866,-9.634992194946124
7,134,1.336158546015624,4.835891744099781,1700.811865671642,62.06974101338822,-52.39795752518865
8,136,3.3424126116589563,2.4089089852705605,3593.9482352941177,108.56571328669415,-103.747895316153
9,140,4.851549315258578,103.43677571613226,5282.790214285715,267.964280995025,-61.09072956276049
10,138,6.083573630225017,102.31175198508741,6587.457101449275,344.75822177439153,-140.13471780421673
11,139,6.4341490992798525,122.90937538141704,7426.126690647482,402.445984317374,-156.62723355453988
12,140,6.413056216164798,55.04959639695199,7806.501214285714,340.8918633863909,-230.79267059248696
13,141,6.601886504723279,56.89834097157698,7377.573971631206,345.27001951730415,-231.47333757415015
14,141,5.809542945200796,79.95635884424095,6502.649574468085,339.92435116217735,-180.0116334736954
15,138,4.4348895501977,12.362541138768854,5143.45231884058,200.9195609979464,-176.19447872040868
16,138,2.983059151630166,-27.122907726969192,3345.6073550724636,88.9989033997519,-143.24471885369033
17,136,1.078184913913281,27.490555521865453,1345.0362499999999,91.37262400483519,-36.3915129611043
18,136,0.27250361688222347,-0.38035293219192984,38.839999999999996,-0.38035293219192984,-0.38035293219192984
