fold,model,target,bucket,n_hours,mae_pct,rmse_pct,bias_kw,mae_pct_of_mean,n_days,daily_energy_err_pct
F1,B2b,ac_power_kw,all,724,4.341815155939005,6.519092219187537,253.07114566142207,10.060484677776238,57,9.191272841377991
F1,B2b,ac_power_kw,0-0.3,23,1.3881604468926976,1.7624069731528318,-8.11512720086491,3.25227459521196,1,1.4716059743060357
F1,B2b,ac_power_kw,0.3-0.7,278,3.8614779352294617,5.904675318703396,312.34891255233094,8.04012973362483,23,8.37549307102558
F1,B2b,ac_power_kw,0.7-1,423,4.818098384462216,7.046786749971599,228.31479833319491,12.05066705201447,33,10.15710958343122
F1,B2b,ac_power_clean,all,724,4.35519729535635,6.509294093002524,243.81144444280963,10.069886892970512,57,9.193221545532486
F1,B2b,ac_power_clean,0-0.3,23,1.7632835564436176,2.2410088312756495,-53.02614009863209,4.088122526026391,1,3.158252007320926
F1,B2b,ac_power_clean,0.3-0.7,278,3.8903642970534733,5.906128431747339,296.6494056580874,8.073882780442405,23,8.378501879246288
F1,B2b,ac_power_clean,0.7-1,423,4.801621856876898,7.023051477690764,225.22589178703166,12.000186160413847,33,10.09546388113508
F1,M2_clean,ac_power_kw,all,724,4.094547521012705,5.762862001587316,-61.577168476687746,9.487537151651532,57,8.180369487960327
F1,M2_clean,ac_power_kw,0-0.3,23,2.2435912030238034,2.9106962634399993,-123.98856791111737,5.256434649156504,1,5.32548460556669
F1,M2_clean,ac_power_kw,0.3-0.7,278,3.46854018292994,4.947917033790488,-71.27101847139338,7.221979129447066,23,6.867874570429067
F1,M2_clean,ac_power_kw,0.7-1,423,4.606609070187064,6.347620283000263,-51.81274179697131,11.521705808797106,33,9.344676458817647
F1,M2_clean,ac_power_clean,all,724,4.155765041585879,5.83146987107645,-70.83686969530015,9.608768807592359,57,8.306642056858895
F1,M2_clean,ac_power_clean,0-0.3,23,2.689899241450593,3.501470954401258,-168.89958080888454,6.2364545064406345,1,6.946158497561586
F1,M2_clean,ac_power_clean,0.3-0.7,278,3.5972218719643445,5.119908826103205,-86.97052536563683,7.465508500445841,23,7.140897229858662
F1,M2_clean,ac_power_clean,0.7-1,423,4.602549709571454,6.348999484009841,-54.90164834313458,11.50266617691134,33,9.296326408642132
F1,M2_clean_fixed,ac_power_kw,all,724,4.128771886984798,5.787468246998851,-67.69323513490605,9.566838940673543,57,8.23612238887634
F1,M2_clean_fixed,ac_power_kw,0-0.3,23,2.170341394805444,2.843806595872272,-119.43729213156996,5.084820128006607,1,5.095712307271385
F1,M2_clean_fixed,ac_power_kw,0.3-0.7,278,3.506463347560822,4.9739957157450005,-86.29772903728086,7.300940389528379,23,6.752075318614803
F1,M2_clean_fixed,ac_power_kw,0.7-1,423,4.644246296630166,6.374135925196098,-52.652661575134246,11.615841222488482,33,9.549043024862241
F1,M2_clean_fixed,ac_power_clean,all,724,4.186123652435918,5.854618455066292,-76.95293635351847,9.67896259142244,57,8.362275591620746
F1,M2_clean_fixed,ac_power_clean,0-0.3,23,2.6166494332322334,3.433781450320949,-164.34830502933713,6.066626919771274,1,6.7203195277169145
F1,M2_clean_fixed,ac_power_clean,0.3-0.7,278,3.630895532102174,5.145301048956667,-101.99723593152432,7.535393262895262,23,7.025477909066104
F1,M2_clean_fixed,ac_power_clean,0.7-1,423,4.636363190247892,6.373933253206615,-55.74156812129752,11.587172636383505,33,9.50056872408823
F1,BL50,ac_power_kw,all,724,3.922608414852322,5.699030310033079,92.68895526325801,9.089134483433158,57,8.017995144094051
F1,BL50,ac_power_kw,0-0.3,23,1.76024618458369,2.2239116674279686,-63.77620966621751,4.124021801842071,1,3.283659140788721
F1,BL50,ac_power_kw,0.3-0.7,278,3.288383982089803,4.8059317553181025,113.02559175752502,6.8468690676086315,23,6.926930353414056
F1,BL50,ac_power_kw,0.7-1,423,4.4570025604886325,6.335767316175909,87.83106837903038,11.14752120455495,33,9.082045854643814
F1,BL50,ac_power_clean,all,724,3.967528414810253,5.727652561069865,83.42925404464559,9.173536736070382,57,8.112047222562426
F1,BL50,ac_power_clean,0-0.3,23,2.160485864299772,2.784890262265627,-108.6872225639847,5.009024723635205,1,4.939285767518931
F1,BL50,ac_power_clean,0.3-0.7,278,3.3962457367825913,4.896152163213684,97.32608486328158,7.048411891176419,23,7.140817995713091
F1,BL50,ac_power_clean,0.7-1,423,4.441236601934204,6.322474193368544,84.74216183286708,11.099513371575485,33,9.021053768613351
F1,BL_cloud,ac_power_kw,all,724,3.918437763286364,5.610848984883171,30.255514383632814,9.079470604463488,57,7.867528579352647
F1,BL_cloud,ac_power_kw,0-0.3,23,1.6615426108332987,2.064905812218606,-47.12706599175764,3.8927725063563874,1,2.5588378741956386
F1,BL_cloud,ac_power_kw,0.3-0.7,278,3.2498155438420873,4.699541244791095,34.55474861681825,6.766564258844651,23,6.636460619933796
F1,BL_cloud,ac_power_kw,0.7-1,423,4.4805785800994355,6.2559301410120725,31.63757639736433,11.206487780176936,33,9.066765973081898
F1,BL_cloud,ac_power_clean,all,724,3.9640377926034422,5.652675914601942,20.995813165020376,9.165465879935768,57,7.976306809582058
F1,BL_cloud,ac_power_clean,0-0.3,23,2.0517211498612373,2.5919300914927508,-92.03807888952483,4.756856842009968,1,4.226872263439721
F1,BL_cloud,ac_power_clean,0.3-0.7,278,3.35991040706743,4.823356882201785,18.85524172257478,6.973003222345294,23,6.868451673850736
F1,BL_cloud,ac_power_clean,0.7-1,423,4.46505598636723,6.24777303711165,28.548669851201055,11.159042642297504,33,9.018584886670126
F2,B2b,ac_power_kw,all,724,4.03591012766685,5.920472913364413,135.75618327338708,9.351667572659025,57,8.323271327471959
F2,B2b,ac_power_kw,0-0.3,23,1.452776071467399,1.8269280571413211,-34.508079274601236,3.403660376825646,1,2.091859297963152
F2,B2b,ac_power_kw,0.3-0.7,278,3.38193456318765,5.1567007446058755,207.98105799784284,7.041654282311144,23,7.1001282430945
F2,B2b,ac_power_kw,0.7-1,423,4.606163768843694,6.506666327997938,97.54711203273703,11.520592054407185,33,9.553765417464893
F2,B2b,ac_power_clean,all,724,4.069881768214417,5.9290053609789135,126.49648205477465,9.410193452631793,57,8.423619510812854
F2,B2b,ac_power_clean,0-0.3,23,1.8427389158091472,2.362822025305724,-79.41909217236842,4.272337505658414,1,3.7678876017624643
F2,B2b,ac_power_clean,0.3-0.7,278,3.4606649335812145,5.194636834187871,192.2815511035994,7.182104523549244,23,7.313447632575376
F2,B2b,ac_power_clean,0.7-1,423,4.591363010846453,6.49073140879788,94.45820548657375,11.474708442791107,33,9.505288245574931
F2,M2_clean,ac_power_kw,all,724,4.33086732783589,6.104913636178704,-192.27360180027753,10.035117301936742,57,8.93702911710796
F2,M2_clean,ac_power_kw,0-0.3,23,0.9309488211566773,1.5832716627722847,-39.45163177620794,2.1810887979611335,1,0.22078036028641254
F2,M2_clean,ac_power_kw,0.3-0.7,278,3.7083792280388734,5.243627024301851,-189.75790901563124,7.721357106017048,23,7.309492586009376
F2,M2_clean,ac_power_kw,0.7-1,423,4.92483852735644,6.751590275897701,-202.2364100855855,12.317637508087113,33,10.591642751098465
F2,M2_clean,ac_power_clean,all,724,4.407811045424235,6.181242716793199,-201.53330301888997,10.191537986197341,57,9.127799744000347
F2,M2_clean,ac_power_clean,0-0.3,23,1.2932610948766146,1.9289161485420603,-84.36264467397511,2.9983888834431474,1,1.9288384956778977
F2,M2_clean,ac_power_clean,0.3-0.7,278,3.8476689368467873,5.426046433334999,-205.45741590987473,7.985274797421731,23,7.606956523603035
F2,M2_clean,ac_power_clean,0.7-1,423,4.945291317403256,6.770812835423677,-205.32531663174876,12.359244062779338,33,10.643598895857323
F2,M2_clean_fixed,ac_power_kw,all,724,4.27778404074487,6.026950721538008,-180.78027057360916,9.912117225414669,57,8.746783572416012
F2,M2_clean_fixed,ac_power_kw,0-0.3,23,1.3860952108983524,2.538410343534474,-106.68741743925045,3.247436023004719,1,0.9674778561559149
F2,M2_clean_fixed,ac_power_kw,0.3-0.7,278,3.6783642250471202,5.20711717556084,-194.78028549422964,7.658861729361609,23,7.294670791949484
F2,M2_clean_fixed,ac_power_kw,0.7-1,423,4.828960286254196,6.633385251834331,-175.60800455506956,12.077834027780044,33,10.22315826696922
F2,M2_clean_fixed,ac_power_clean,all,724,4.360571050007957,6.1126839220191584,-190.03997179222156,10.082311841339662,57,8.937961512266897
F2,M2_clean_fixed,ac_power_clean,0-0.3,23,1.7762737499262913,2.8489390507734846,-151.59843033701765,4.118239918319816,1,2.6627537435292092
F2,M2_clean_fixed,ac_power_clean,0.3-0.7,278,3.8257213478258105,5.405331559885439,-210.47979238847307,7.939725782589649,23,7.5921833590400745
F2,M2_clean_fixed,ac_power_clean,0.7-1,423,4.852597185016267,6.656555667994112,-178.6969111012328,12.127583411903881,33,10.275338442588787
F2,BL50,ac_power_kw,all,724,3.8575007298046318,5.469783069000425,-22.512043650111043,8.938272495001474,57,7.719187519378554
F2,BL50,ac_power_kw,0-0.3,23,1.2284509787120432,1.7865649195664275,-70.59774835692583,2.8780966339096916,1,1.5296685770595229
F2,BL50,ac_power_kw,0.3-0.7,278,3.1483767111057728,4.449023975341581,6.600386251806576,6.555354616084133,23,6.186248586634149
F2,BL50,ac_power_kw,0.7-1,423,4.466495106810333,6.1665078199938455,-39.030446261166254,11.171263250912396,33,9.195345634329597
F2,BL50,ac_power_clean,all,724,3.9168641662714383,5.521726560920344,-31.771744868723463,9.056393190622467,57,7.834737497523672
F2,BL50,ac_power_clean,0-0.3,23,1.6186295177399816,2.269561286219188,-115.50876125469301,3.7527462719100337,1,3.2153206726458263
F2,BL50,ac_power_clean,0.3-0.7,278,3.2696224747972815,4.587148238736343,-9.099120642436882,6.78562380849713,23,6.4345660619588125
F2,BL50,ac_power_clean,0.7-1,423,4.467201251723068,6.170593908498393,-42.11935280732955,11.164404077329433,33,9.14708637417261
F2,BL_cloud,ac_power_kw,all,724,3.9555437959590867,5.572059594245052,-84.81332748315147,9.165449546392042,57,7.81537170796614
F2,BL_cloud,ac_power_kw,0-0.3,23,1.3767137249226034,1.7414881769498887,-62.023779422285266,3.225456453875975,1,1.7545448654209659
F2,BL_cloud,ac_power_kw,0.3-0.7,278,3.267738983067118,4.581395058429704,-73.23561345067353,6.803883331764181,23,6.2562654441945895
F2,BL_cloud,ac_power_kw,0.7-1,423,4.547796348247046,6.259535675297381,-93.66146957872783,11.37460783072189,33,9.30718236534001
F2,BL_cloud,ac_power_clean,all,724,4.028185482078378,5.640270648543087,-94.07302870176389,9.313785217419454,57,8.003744930665077
F2,BL_cloud,ac_power_clean,0-0.3,23,1.7668922639505422,2.2812013229567047,-106.93479232005247,4.096489211234216,1,3.436347444292473
F2,BL_cloud,ac_power_clean,0.3-0.7,278,3.4052683332864957,4.750569509902427,-88.93512034491697,7.067136972167659,23,6.546144060080348
F2,BL_cloud,ac_power_clean,0.7-1,423,4.560527589362263,6.271778579381811,-96.75037612489108,11.397644731991983,33,9.35991943515314
F3,B2b,ac_power_kw,all,302,2.243673411734832,2.782176872502512,38.74690738762764,3.9151775402196862,28,1.759093135708448
F3,B2b,ac_power_kw,0-0.3,217,2.321839173538377,2.8496555026638806,51.0978695995143,4.016587399227816,20,2.0361378676020188
F3,B2b,ac_power_kw,0.3-0.7,82,2.0332344348705043,2.5955336129664848,10.32269333862599,3.628167320197569,8,1.0637887531230783
F3,B2b,ac_power_kw,0.7-1,3,2.341682008903302,2.7724763847974083,-77.71084193279637,4.194728485936799,0,
F3,B2b,ac_power_clean,all,302,1.723627103332049,2.2538653482296946,-79.34451686565947,2.946976575413759,28,1.608766105584782
F3,B2b,ac_power_clean,0-0.3,217,1.6259915857483083,2.140864914040986,-103.70307140604022,2.739468370082164,20,1.838845966808745
F3,B2b,ac_power_clean,0.3-0.7,82,1.9589891781628344,2.5114469005113977,-14.25491579230773,3.4804176670561655,8,1.0178087731598522
F3,B2b,ac_power_clean,0.7-1,3,2.352699496514465,2.7295840164492557,-96.52483444973355,4.200308537441049,0,
F3,M2_clean,ac_power_kw,all,302,1.7490738512444222,2.3673822700292266,117.8797808428859,3.0521084854692893,28,2.7005597621052027
F3,M2_clean,ac_power_kw,0-0.3,217,1.8548242126144894,2.4320507309825805,163.2237788867467,3.208690612630355,20,3.2098759204168434
F3,M2_clean,ac_power_kw,0.3-0.7,82,1.4500802582741832,2.1586912142996564,10.51000697715056,2.5875687104763796,8,1.4223194051231727
F3,M2_clean,ac_power_kw,0.7-1,3,2.272289253329438,2.9953280646559084,-227.22892533294382,4.070423064698301,0,
F3,M2_clean,ac_power_clean,all,302,0.9228578488904546,1.4254153140908605,-0.21164341040119458,1.5778589567658787,28,1.0520208179099673
F3,M2_clean,ac_power_clean,0-0.3,217,0.7052202030991768,0.983010845336029,8.422837881192171,1.1881540207626653,20,0.9124969641057873
F3,M2_clean,ac_power_clean,0.3-0.7,82,1.442548765328043,2.1328814760694006,-14.067602153783156,2.562889200412139,8,1.4103861438239267
F3,M2_clean,ac_power_clean,0.7-1,3,2.46042917849881,3.20852432256758,-246.04291784988098,4.3926399013254,0,
F3,M2_clean_fixed,ac_power_kw,all,302,1.6463401775585513,2.260081523350574,112.63854378200176,2.8728397158990426,28,2.56399052322365
F3,M2_clean_fixed,ac_power_kw,0-0.3,217,1.7806612770347412,2.4016766749192118,158.45951370481828,3.0803949425709156,20,3.1066674348966825
F3,M2_clean_fixed,ac_power_kw,0.3-0.7,82,1.3034130060158773,1.8464737363931105,0.27149694516024336,2.325851063725699,8,1.2020240550826617
F3,M2_clean_fixed,ac_power_kw,0.7-1,3,1.303790004280587,1.9462184489729342,-130.3790004280587,2.3355199595169625,0,
F3,M2_clean_fixed,ac_power_clean,all,302,0.8758070299797022,1.284499872336993,-5.452880471285335,1.4974136789468109,28,1.0004639147290577
F3,M2_clean_fixed,ac_power_clean,0-0.3,217,0.7079202123502407,0.977478957970213,3.658572699263782,1.1927029926067076,20,0.9302626411507344
F3,M2_clean_fixed,ac_power_clean,0.3-0.7,82,1.297551794945341,1.8392684002388997,-24.30611218577347,2.305281847081661,8,1.1807750342941707
F3,M2_clean_fixed,ac_power_clean,0.7-1,3,1.4919299294499588,2.125045138971215,-149.1929929449959,2.6635641437490976,0,
F3,BL50,ac_power_kw,all,302,1.810269354994437,2.329461376565398,75.69272558481468,3.1588937513602073,28,2.1025536360433144
F3,BL50,ac_power_kw,0-0.3,217,1.9337123576434212,2.4591442091226727,104.77869165216626,3.3451604994695807,20,2.4899972808435566
F3,BL50,ac_power_kw,0.3-0.7,82,1.485261304093916,1.964296602070428,5.2970951418931405,2.6503468724750268,8,1.1301790220479584
F3,BL50,ac_power_kw,0.7-1,3,1.7647788879987745,1.8341552256012343,-104.04492118042724,3.1613038169667287,0,
F3,BL50,ac_power_clean,all,302,1.2057628395148303,1.538530613560505,-42.39869866847243,2.06155660739227,28,1.185916959386954
F3,BL50,ac_power_clean,0-0.3,217,1.1055912401919097,1.368386064174851,-50.02224935338826,1.8626985891515402,20,1.219643050411113
F3,BL50,ac_power_clean,0.3-0.7,82,1.4499962107927387,1.905378711541112,-19.280513989040568,2.576120626628629,8,1.0992919037270124
F3,BL50,ac_power_clean,0.7-1,3,1.7757963756099364,1.9000401276471965,-122.85891369736441,3.170355027610484,0,
F3,BL_cloud,ac_power_kw,all,302,1.8615611401852228,2.390061934553176,60.19142208617734,3.248397172101581,28,1.9526934931564361
F3,BL_cloud,ac_power_kw,0-0.3,217,2.0576848813461894,2.5729596438609277,84.11700022976883,3.5596225872102067,20,2.272579941672258
F3,BL_cloud,ac_power_kw,0.3-0.7,82,1.354534050791502,1.8468336267932721,3.2701960829775354,2.417073059993479,8,1.1498684473145093
F3,BL_cloud,ac_power_kw,0.7-1,3,1.53401763963696,1.7216401606455038,-114.57855287948023,2.7479339493786945,0,
F3,BL_cloud,ac_power_clean,all,302,1.305268124279094,1.6905000605387202,-57.900002167109776,2.231686064490781,28,1.327022450331227
F3,BL_cloud,ac_power_clean,0-0.3,217,1.2954101834778364,1.6426395936263114,-70.68394077578567,2.1825052817150215,20,1.4056593769782848
F3,BL_cloud,ac_power_clean,0.3-0.7,82,1.3225836382420915,1.8055490490108173,-21.307413047956178,2.3497544100851457,8,1.1250444581930767
F3,BL_cloud,ac_power_clean,0.7-1,3,1.5450351272481222,1.8446900380297127,-133.3925453964174,2.758373623678253,0,
F4,B2b,ac_power_kw,all,279,3.5040529188855376,4.055244532514,270.7744458866664,5.873161535522113,26,4.5384647355430845
F4,B2b,ac_power_kw,0-0.3,232,3.2246069316168664,3.558208851564473,238.35588678963015,5.373163176132463,22,4.2494532577341335
F4,B2b,ac_power_kw,0.3-0.7,44,4.9650637028636195,6.006200204871729,436.6268562943067,8.277447685807456,4,6.247476243989809
F4,B2b,ac_power_kw,0.7-1,3,3.686384435984146,4.603065632074853,345.30766341207254,13.257514334978588,0,
F4,B2b,ac_power_clean,all,279,1.7174495525548321,2.362737517668351,-55.01277144784674,2.7295766951922675,26,1.988151420556149
F4,B2b,ac_power_clean,0-0.3,232,1.4463538707474912,1.8379301876961127,-100.29558066517934,2.28132567552569,22,1.7429755308392672
F4,B2b,ac_power_clean,0.3-0.7,44,3.066341411045616,4.093513881729116,163.38208004738945,4.889289938926174,4,3.4581035718711557
F4,B2b,ac_power_clean,0.7-1,3,2.898435021124375,3.489543548659454,243.73331942907683,10.056418089958111,0,
F4,M2_clean,ac_power_kw,all,279,3.572422915627998,4.111965074799502,356.95207413725035,5.987756846822179,26,5.982892497281426
F4,M2_clean,ac_power_kw,0-0.3,232,3.4121212476149703,3.841475921772382,340.98346145011107,5.685618318444484,22,5.921384822865686
F4,M2_clean,ac_power_kw,0.3-0.7,44,4.313371513543223,5.218383368931441,430.70258832053264,7.190986700173436,4,6.346605814936532
F4,M2_clean,ac_power_kw,0.7-1,3,5.101839139212199,5.6452663801361584,510.1839139212199,18.34797935414011,0,
F4,M2_clean,ac_power_clean,all,279,0.9701857811121403,1.6017771558431884,31.164856802737265,1.5419355370241983,26,1.3114090747962417
F4,M2_clean,ac_power_clean,0-0.3,232,0.6815051526255633,0.9256544906668581,2.3319939953015356,1.0749341735326832,22,1.0438573014216155
F4,M2_clean,ac_power_clean,0.3-0.7,44,2.279871600522949,3.220799171090805,157.45781207361523,3.63526163079123,4,2.915515846120004
F4,M2_clean,ac_power_clean,0.7-1,3,4.086095699382241,4.49464265922889,408.6095699382242,14.177128833002854,0,
F4,M2_clean_fixed,ac_power_kw,all,279,3.279958678188303,3.8517415797958647,327.6531960470588,5.4975559995150745,26,5.4918124599171705
F4,M2_clean_fixed,ac_power_kw,0-0.3,232,3.0996457448303305,3.504038452277887,309.9265561456945,5.164940325556826,22,5.367309187976513
F4,M2_clean_fixed,ac_power_kw,0.3-0.7,44,4.157767941095175,5.276908681684612,413.80440388084304,6.9315740304184414,4,6.228037630623063
F4,M2_clean_fixed,ac_power_kw,0.7-1,3,4.349623001903954,4.6706131491761,434.9623001903953,15.642749773084779,0,
F4,M2_clean_fixed,ac_power_clean,all,279,1.0866951319201703,1.7598945297695139,1.8659787125457066,1.7271061630053222,26,1.5186370504426148
F4,M2_clean_fixed,ac_power_clean,0-0.3,232,0.7805123037744787,1.0928475142293963,-28.72491130911498,1.2310975859207889,22,1.191033310738979
F4,M2_clean_fixed,ac_power_clean,0.3-0.7,44,2.5478965600869654,3.534281615288034,140.55962763392566,4.062628176948456,4,3.4827854114918524
F4,M2_clean_fixed,ac_power_clean,0.7-1,3,3.3338795620739954,3.532474834897404,333.38795620739955,11.567237662197664,0,
F4,BL50,ac_power_kw,all,279,3.2577632165244648,3.891776009028498,299.2138209668626,5.460354069428736,26,5.01513859773013
F4,BL50,ac_power_kw,0-0.3,232,3.0151049032784982,3.4620690802038037,274.1412214676624,5.024069904343103,22,4.808381222855324
F4,BL50,ac_power_kw,0.3-0.7,44,4.493353418083569,5.6055737474524925,425.21563008757494,7.491041420189506,4,6.237756937306436
F4,BL50,ac_power_kw,0.7-1,3,3.901349818012339,4.560326513452284,390.1349818012339,14.03060425092548,0,
F4,BL50,ac_power_clean,all,279,1.344934692248227,1.9609534576573704,-26.573396367650503,2.1375314267923096,26,1.6776929065383595
F4,BL50,ac_power_clean,0-0.3,232,1.0646396037411632,1.3425743908653027,-64.51024598714714,1.6792499486595127,22,1.3786767347972522
F4,BL50,ac_power_clean,0.3-0.7,44,2.7178084530626876,3.753179344002196,151.97085384065755,4.333553164569719,4,3.4704444916814983
F4,BL50,ac_power_clean,0.7-1,3,2.885606378182382,3.409223375882008,288.5606378182382,10.011907795260726,0,
F4,BL_cloud,ac_power_kw,all,279,3.2998226164215367,3.8748634180486174,286.59742246393967,5.530850050910999,26,4.80367447855309
F4,BL_cloud,ac_power_kw,0-0.3,232,3.094443627730966,3.481442687590291,259.5969646838753,5.156272036792023,22,4.577296235858748
F4,BL_cloud,ac_power_kw,0.3-0.7,44,4.3294911607572235,5.464799193865891,420.6815303024865,7.217860380857654,4,6.142316891510554
F4,BL_cloud,ac_power_kw,0.7-1,3,4.080659091568981,4.5863531777674655,408.06590915689804,14.675462459789184,0,
F4,BL_cloud,ac_power_clean,all,279,1.4554308434438936,2.0368090604689204,-39.189794870573415,2.313145155162654,26,1.7990775026403047
F4,BL_cloud,ac_power_clean,0-0.3,232,1.213352685454469,1.5200512058659892,-79.05450277093419,1.9138142406081902,22,1.5194833258183011
F4,BL_cloud,ac_power_clean,0.3-0.7,44,2.6221053486407384,3.649471943393792,147.43675405556914,4.1809542974348695,4,3.4753845089664424
F4,BL_cloud,ac_power_clean,0.7-1,3,3.064915651739024,3.4345118502644736,306.4915651739024,10.63403974203549,0,
F5,B2b,ac_power_kw,all,365,2.174956209304973,3.030161107970695,181.2369156468186,3.6931576820915875,31,3.2066765807417426
F5,B2b,ac_power_kw,0-0.3,246,2.1033757199208556,2.827981154422228,185.95290114003356,3.4879933536840038,23,3.2688205190157165
F5,B2b,ac_power_kw,0.3-0.7,118,2.294578390328215,3.3847556450935707,177.74486825716997,4.123275562331507,8,3.0182983444941383
F5,B2b,ac_power_kw,0.7-1,1,5.66833923705517,5.66833923705517,-566.833923705517,6.020297892443184,0,
F5,B2b,ac_power_clean,all,365,0.9628291332406683,1.6886132268835499,-33.73172136290918,1.5773432373443006,31,1.2211301827758623
F5,B2b,ac_power_clean,0-0.3,246,0.7101686704415414,1.0309230873758524,-44.80720772912917,1.1342569028999154,23,0.7503814825751642
F5,B2b,ac_power_clean,0.3-0.7,118,1.4242246826595955,2.4427382307435033,-3.5783252631934728,2.478522940317344,8,2.6672611945594604
F5,B2b,ac_power_clean,0.7-1,1,8.672628150392448,8.672628150392448,-867.2628150392447,8.926305825270223,0,
F5,M2_clean,ac_power_kw,all,365,2.0012198263860537,2.827559806537344,159.26609554912574,3.3981467506113385,31,3.052833805902171
F5,M2_clean,ac_power_kw,0-0.3,246,2.132584928234031,2.9058102696688883,199.80572105884764,3.5364305033086842,23,3.3090000455883617
F5,M2_clean,ac_power_kw,0.3-0.7,118,1.7098640305375346,2.6433858857951407,79.5462403656379,3.0725647037130024,8,2.2763116581503025
F5,M2_clean,ac_power_kw,0.7-1,1,4.06538868190888,4.06538868190888,-406.538868190888,4.317816893114118,0,
F5,M2_clean,ac_power_clean,all,365,1.0184476661768527,1.666496285538845,-55.70254146060201,1.6684596294113163,31,1.4331806461895078
F5,M2_clean,ac_power_clean,0-0.3,246,0.6108909520738504,0.875852703700915,-30.954387810315065,0.9756939557444246,23,0.7755961908820347
F5,M2_clean,ac_power_clean,0.3-0.7,118,1.816818189399473,2.562755143700429,-101.77695315472555,3.1617381833345775,8,3.4532675275373155
F5,M2_clean,ac_power_clean,0.7-1,1,7.069677595246159,7.069677595246159,-706.9677595246158,7.276468356177883,0,
F5,M2_clean_fixed,ac_power_kw,all,365,2.019939377304926,2.8295500875580073,165.8081580051394,3.429933254167394,31,3.1209075985744703
F5,M2_clean_fixed,ac_power_kw,0-0.3,246,2.06696749447086,2.7932876059820626,194.62139112719595,3.4276181923724556,23,3.336570048365814
F5,M2_clean_fixed,ac_power_kw,0.3-0.7,118,1.8793047260346263,2.8422808673596522,113.11615758494673,3.377043592711725,8,2.4671654469679405
F5,M2_clean_fixed,ac_power_kw,0.7-1,1,7.045911404380422,7.045911404380422,-704.5911404380422,7.483406303707787,0,
F5,M2_clean_fixed,ac_power_clean,all,365,0.9575247901043138,1.6614547159375463,-49.160479004588375,1.5686534610529228,31,1.2816390806703992
F5,M2_clean_fixed,ac_power_clean,0-0.3,246,0.6253187555466961,0.8896726485650591,-36.13871774196676,0.9987375457588701,23,0.6675148058861482
F5,M2_clean_fixed,ac_power_clean,0.3-0.7,118,1.5730333407277082,2.4561196229158484,-68.2070359354167,2.737488872610353,8,3.1682171179033958
F5,M2_clean_fixed,ac_power_clean,0.7-1,1,10.0502003177177,10.0502003177177,-1005.0200317717699,10.344172502901165,0,
F5,BL50,ac_power_kw,all,365,2.0627123492611585,2.906248543217359,173.522536825979,3.502563373932669,31,3.160089578772511
F5,BL50,ac_power_kw,0-0.3,246,2.054173019764635,2.79578623065844,190.28714613361475,3.406401325449189,23,3.3026952836907646
F5,BL50,ac_power_kw,0.3-0.7,118,2.044121349978857,3.080336619729463,145.43051292105835,3.673213189984896,8,2.7278058851817955
F5,BL50,ac_power_kw,0.7-1,1,6.357125320717805,6.357125320717805,-635.7125320717805,6.751852098075496,0,
F5,BL50,ac_power_clean,all,365,0.9241602545693699,1.6303646148585151,-41.446100183748776,1.5139944123429554,31,1.229639732175907
F5,BL50,ac_power_clean,0-0.3,246,0.6373401083162259,0.9184846403908152,-40.47296273554795,1.0179376357213807,23,0.6992362306054785
F5,BL50,ac_power_clean,0.3-0.7,118,1.4506051867624858,2.3917890523360676,-35.892680599305095,2.5244319077662514,8,2.8590291538622363
F5,BL50,ac_power_clean,0.7-1,1,9.361414234055083,9.361414234055083,-936.1414234055082,9.635239164085704,0,
F5,BL_cloud,ac_power_kw,all,365,2.0415664631348256,2.8778146641498834,168.00401650481342,3.4666568616737132,31,3.099145491618243
F5,BL_cloud,ac_power_kw,0-0.3,246,2.054417586659416,2.794922012190113,187.90965271967784,3.4068068867074315,23,3.242520103819409
F5,BL_cloud,ac_power_kw,0.3-0.7,118,1.9758677370492548,2.9932416467493534,133.55046975113942,3.550563880891905,8,2.664530993096007
F5,BL_cloud,ac_power_kw,0.7-1,1,6.632639754182856,6.632639754182856,-663.2639754182856,7.044473780328416,0,
F5,BL_cloud,ac_power_clean,all,365,0.9538926241288638,1.65342758649749,-46.96462050491433,1.5627031088663361,31,1.2894253708890455
F5,BL_cloud,ac_power_clean,0-0.3,246,0.6636378467754149,0.9397821915341348,-42.85045614948489,1.0599394764382433,23,0.752559798626407
F5,BL_cloud,ac_power_clean,0.3-0.7,118,1.4854149901081612,2.414135705834327,-47.772723769224015,2.585010057541804,8,2.938666150262309
F5,BL_cloud,ac_power_clean,0.7-1,1,9.636928667520133,9.636928667520133,-963.6928667520133,9.91881249961189,0,
F6,B2b,ac_power_kw,all,374,3.3172473093976595,4.060317655901706,321.16010034812007,6.3612311636425325,30,6.158641332123002
F6,B2b,ac_power_kw,0-0.3,219,3.214450116653024,3.696196531586754,313.42496527603794,6.245425488422281,18,6.447222718050408
F6,B2b,ac_power_kw,0.3-0.7,147,3.585670560754808,4.634250407898928,347.1491931524926,6.6329907189845265,12,5.745672725007858
F6,B2b,ac_power_kw,0.7-1,8,1.1990432170944856,1.4521173089242565,55.359842666024896,3.3647920238346813,0,
F6,B2b,ac_power_clean,all,374,1.0491759677012875,1.6317035631851096,43.64589215420684,1.9102662111416941,30,1.3183775857411766
F6,B2b,ac_power_clean,0-0.3,219,0.687475391094499,0.8903432378042982,32.369660594975315,1.2665487467568042,18,0.7730024693893756
F6,B2b,ac_power_clean,0.3-0.7,147,1.5774368163618753,2.3213420302862016,68.52833397205613,2.7750114309318095,12,2.1048780872405906
F6,B2b,ac_power_clean,0.7-1,8,1.2439361581738335,1.937349163176847,-104.8821373148107,3.340555232963911,0,
F6,M2_clean,ac_power_kw,all,374,3.0154494421701123,3.7925156893251857,289.881582775491,5.782496502319582,30,5.5588371505901
F6,M2_clean,ac_power_kw,0-0.3,219,2.9608624325787756,3.5028618719392535,287.6669510696056,5.752724426594529,18,5.879228986615015
F6,M2_clean,ac_power_kw,0.3-0.7,147,3.1740586737018375,4.252470231307058,304.20934970573603,5.87156610387116,12,5.100346836569787
F6,M2_clean,ac_power_kw,0.7-1,8,1.5953242003374903,2.0583230593563724,87.23440838085085,4.4768479302468975,0,
F6,M2_clean,ac_power_clean,all,374,0.9713446305826479,1.538768571284375,12.367374581577737,1.7685563568915386,30,1.33965927495047
F6,M2_clean,ac_power_clean,0-0.3,219,0.5348640271215367,0.70413854559017,6.611646388543027,0.9853899819709493,18,0.5985313908563382
F6,M2_clean,ac_power_clean,0.3-0.7,147,1.613038828797941,2.2535853027177333,25.588490525299513,2.8376421432681154,12,2.4084602433819473
F6,M2_clean,ac_power_clean,0.7-1,8,1.1288702581245664,1.9498962605836987,-73.00757159998474,3.0315490255154693,0,
F6,M2_clean_fixed,ac_power_kw,all,374,3.045736550220383,3.8189241678367414,292.5339430446686,5.840575770344061,30,5.6096994325601575
F6,M2_clean_fixed,ac_power_kw,0-0.3,219,3.0597834994222626,3.6030167107450564,297.7304511433432,5.944920332514983,18,6.09007603986716
F6,M2_clean_fixed,ac_power_kw,0.3-0.7,147,3.1126212656784698,4.193866455650031,297.9237174904379,5.757915462990287,12,4.922266118825311
F6,M2_clean_fixed,ac_power_kw,0.7-1,8,1.4321946692765888,1.8018539386823333,51.24242840244225,4.0190688134143135,0,
F6,M2_clean_fixed,ac_power_clean,all,374,0.9758314591381805,1.5334264526627563,15.019734850755365,1.7767256604675614,30,1.3578882375433285
F6,M2_clean_fixed,ac_power_clean,0-0.3,219,0.5383652876907268,0.7250037756094851,16.675146462280583,0.99184041967886,18,0.5969191251542499
F6,M2_clean_fixed,ac_power_clean,0.3-0.7,147,1.6189696908768387,2.2277104765060316,19.302858310001398,2.848075657874539,12,2.4553027886932983
F6,M2_clean_fixed,ac_power_clean,0.7-1,8,1.1338028943143834,2.0854637776991423,-108.99955157839335,3.0447954799479784,0,
F6,BL50,ac_power_kw,all,374,3.1801614651711834,3.929423871392032,306.84702169639434,6.098352136830977,30,5.884170382341579
F6,BL50,ac_power_kw,0-0.3,219,3.136814473697539,3.6433616303872354,305.5777082096905,6.094585498461854,18,6.2686493789587825
F6,BL50,ac_power_kw,0.3-0.7,147,3.346211338018893,4.400897119347769,322.53645532146527,6.190024535931665,12,5.333969421916585
F6,BL50,ac_power_kw,0.7-1,8,1.3156189431855374,1.604450535225129,53.3011355342336,3.6919304186244983,0,
F6,BL50,ac_power_clean,all,374,0.9875294637667293,1.5530994590581255,29.3328135024811,1.7980245690087628,30,1.2985933166033983
F6,BL50,ac_power_clean,0-0.3,219,0.5896769238694839,0.7819562894707267,24.522403528627915,1.0863728048930863,18,0.6187110236469122
F6,BL50,ac_power_clean,0.3-0.7,147,1.569291271506034,2.238562151017594,43.91559614102878,2.760681868028454,12,2.2790703283670135
F6,BL50,ac_power_clean,0.7-1,8,1.1888695262441087,1.986917423158692,-106.940844446602,3.192675356455945,0,
F6,BL_cloud,ac_power_kw,all,374,3.161501993712505,3.90283484070479,304.6862083271265,6.062570297170191,30,5.842734118893689
F6,BL_cloud,ac_power_kw,0-0.3,219,3.1593189211891595,3.6544002412940535,307.86163006717226,6.13830988206292,18,6.3094688100271235
F6,BL_cloud,ac_power_kw,0.3-0.7,147,3.262672843803232,4.324899511587399,313.6811136611052,6.0354899663381385,12,5.17482279581834
F6,BL_cloud,ac_power_kw,0.7-1,8,1.3622492336219587,1.678812689938355,52.47765268151708,3.8227857765404263,0,
F6,BL_cloud,ac_power_clean,all,374,1.0120038305831651,1.5584354430741576,27.172000133213285,1.8425857841030793,30,1.3462958403537764
F6,BL_cloud,ac_power_clean,0-0.3,219,0.6213975784100735,0.8118917106704379,26.80632538610965,1.1448123589122159,18,0.6496218592612614
F6,BL_cloud,ac_power_clean,0.3-0.7,147,1.5855008161804072,2.2304561968499774,35.060254480668725,2.789197540602477,12,2.35098860883976
F6,BL_cloud,ac_power_clean,0.7-1,8,1.1668428734722183,2.020780112847148,-107.76432729931852,3.133523405852758,0,
F7,B2b,ac_power_kw,all,379,3.5164760464352263,4.850212701467017,330.37073300364057,7.131915798459382,31,6.715979206857592
F7,B2b,ac_power_kw,0-0.3,142,2.9046721195523757,3.5717355832063142,285.84694468428694,5.359349897238024,11,6.150082845354129
F7,B2b,ac_power_kw,0.3-0.7,214,3.782675679933634,5.353050745838041,373.6278555026968,8.238575906595106,19,7.294989561778254
F7,B2b,ac_power_kw,0.7-1,23,4.816886309422429,6.50107342701994,202.7774167666912,9.507592807585784,1,1.5526853351930903
F7,B2b,ac_power_clean,all,379,2.521500347899115,4.124574944383925,216.03517565614928,4.9980634208251296,31,4.399268839592869
F7,B2b,ac_power_clean,0-0.3,142,1.0704457842817394,1.3850821154495663,84.5490961219737,1.9043284233694433,11,1.9734554379583893
F7,B2b,ac_power_clean,0.3-0.7,214,3.233555539611518,4.937237141500826,310.1375094721744,6.9465483837213435,19,6.048916213668333
F7,B2b,ac_power_clean,0.7-1,23,4.854975869951853,6.4560123108010465,152.2579520571739,9.48816242127422,1,1.1660144515051933
F7,M2_clean,ac_power_kw,all,379,2.6501570312257625,4.064355029226689,228.29651014901347,5.374897070195465,31,4.971192323873964
F7,M2_clean,ac_power_kw,0-0.3,142,2.4551377338135802,3.2717989445926587,239.91840996516336,4.529923385447963,11,5.133266013537464
F7,M2_clean,ac_power_kw,0.3-0.7,214,2.5917391217733368,4.274094914121237,234.0397960884239,5.644744961375169,19,5.076139924314607
F7,M2_clean,ac_power_kw,0.7-1,23,4.397729764067026,6.011956602895675,103.10638123913841,8.68025965087871,1,0.5728514157483411
F7,M2_clean,ac_power_clean,all,379,1.7936093099827561,3.3937114895785436,113.96095280152218,3.5552535580434856,31,3.0151854899326906
F7,M2_clean,ac_power_clean,0-0.3,142,0.7301434563541991,1.0122865802794685,38.62056140285014,1.2989288738293994,11,1.1124544837888135
F7,M2_clean,ac_power_clean,0.3-0.7,214,2.2133938269210667,3.9680688214066335,170.54945005790142,4.7549662044105645,19,4.322315868296419
F7,M2_clean,ac_power_clean,0.7-1,23,4.453533857393916,6.079135367666766,52.58691652962112,8.703617426633354,1,0.18991133687617642
F7,M2_clean_fixed,ac_power_kw,all,379,2.4063922959843853,3.863494236838167,183.975414260943,4.880507362027927,31,4.566120247320431
F7,M2_clean_fixed,ac_power_kw,0-0.3,142,2.2860663593408113,3.1501767514104553,214.5027764709192,4.217973321512291,11,4.650002218872693
F7,M2_clean_fixed,ac_power_kw,0.3-0.7,214,2.2964170984881895,4.017211343589574,176.09518001724896,5.001540755783157,19,4.684352854350932
F7,M2_clean_fixed,ac_power_kw,0.7-1,23,4.172521655444105,5.877349318931382,68.82257488415635,8.235742828971402,1,0.9024552115544761
F7,M2_clean_fixed,ac_power_clean,all,379,1.726700992435151,3.2752304396697327,69.63985691345175,3.4226293389898315,31,2.938550114298034
F7,M2_clean_fixed,ac_power_clean,0-0.3,142,0.6890488902748505,0.9756001188306458,13.204927908605976,1.2258214344989269,11,1.0061203678027422
F7,M2_clean_fixed,ac_power_clean,0.3-0.7,214,2.123298225614642,3.809019275670113,112.60483398672649,4.56141658203088,19,4.245587125894701
F7,M2_clean_fixed,ac_power_clean,0.7-1,23,4.442996236189565,5.9912349665455364,18.303110174639038,8.683023573193307,1,0.518260136907748
F7,BL50,ac_power_kw,all,379,2.8711052389281924,4.285083528037489,257.1730736322918,5.823011600863651,31,5.390900698335752
F7,BL50,ac_power_kw,0-0.3,142,2.5442845427617504,3.3294362535698814,250.17486057760303,4.694406301836164,11,5.400042532113414
F7,BL50,ac_power_kw,0.3-0.7,214,2.9135981328999887,4.596533973844815,274.8615177599729,6.345746083003203,19,5.577207666673494
F7,BL50,ac_power_kw,0.7-1,23,4.493499132218201,6.127863028470044,135.79999582542382,8.869289679268633,1,1.2275702733737832
F7,BL50,ac_power_clean,all,379,1.984041409376975,3.606382094408575,142.8375162848005,3.9327239442467636,31,3.334997768179375
F7,BL50,ac_power_clean,0-0.3,142,0.808435088773702,1.0861931113072028,48.877012015289836,1.43821008089071,11,1.3214544208121188
F7,BL50,ac_power_clean,0.3-0.7,214,2.490314820629965,4.263100298648799,211.3711717294504,5.349867098396188,19,4.695573074734644
F7,BL50,ac_power_clean,0.7-1,23,4.531588692747622,6.159107534891102,85.28053111590653,8.856161327043948,1,0.8421372942064707
F7,BL_cloud,ac_power_kw,all,379,2.7443886178909778,4.145554557502082,238.46041766913362,5.566012190212512,31,5.123867882608617
F7,BL_cloud,ac_power_kw,0-0.3,142,2.6545106248524584,3.400431457962216,261.26998699523443,4.897782145102364,11,5.519188802283694
F7,BL_cloud,ac_power_kw,0.3-0.7,214,2.629941399256504,4.345007220128546,237.23809585024898,5.727948595384682,19,5.071075413354668
F7,BL_cloud,ac_power_kw,0.7-1,23,4.364144261336513,6.011906816364273,109.00902744891648,8.61396842794178,1,1.0975242486460437
F7,BL_cloud,ac_power_clean,all,379,1.8976118034874674,3.4674810136231877,124.12486032164239,3.761405049909668,31,3.208512855985431
F7,BL_cloud,ac_power_clean,0-0.3,142,0.8771161898571987,1.1619025268687846,59.97213843292122,1.5603941044649376,11,1.3674720108880278
F7,BL_cloud,ac_power_clean,0.3-0.7,214,2.303397907363605,4.053470176944038,173.7477498197265,4.948319215319898,19,4.462413038388374
F7,BL_cloud,ac_power_clean,0.7-1,23,4.422487929835497,6.075691592739913,58.48956273939917,8.64294383914623,1,0.712586431286965
F8,B2b,ac_power_kw,all,346,4.121490513891753,6.368361018357096,234.83106493725185,9.044472053958696,28,8.15644256006073
F8,B2b,ac_power_kw,0-0.3,28,2.0994722414189124,2.488207053503839,-183.35656049517888,4.0702676236505395,1,3.789980487889839
F8,B2b,ac_power_kw,0.3-0.7,216,3.7271977074121527,6.07847119924701,214.0161554872435,7.768137955552078,20,7.267948682436344
F8,B2b,ac_power_kw,0.7-1,102,5.511527355350902,7.5914705318830675,393.7062997736231,14.20042231393626,7,12.056166900287037
F8,B2b,ac_power_clean,all,346,4.22979705885168,6.3893699814950455,209.27227502068968,9.230375874460451,28,8.35028323525886
F8,B2b,ac_power_clean,0-0.3,28,2.5981513966200622,3.0976138959371595,-235.9011112020008,4.986267411450689,1,4.823930561705996
F8,B2b,ac_power_clean,0.3-0.7,216,3.845507874074876,6.117876903065375,187.45516692151665,7.970593782549764,20,7.521712618846113
F8,B2b,ac_power_clean,0.7-1,102,5.4914886515406485,7.5224609385383285,377.6776687820299,14.090601769535951,7,11.89013917550069
F8,M2_clean,ac_power_kw,all,346,4.438093628405984,6.29041730631785,-54.68778563557656,9.739246920422323,28,9.286718167432738
F8,M2_clean,ac_power_kw,0-0.3,28,1.2697686355154065,1.7847581966436512,-118.99571731252047,2.4617130270664247,1,1.2748118365487757
F8,M2_clean,ac_power_kw,0.3-0.7,216,4.556292803017,6.397882629544982,-108.89250294752647,9.496118488519793,20,9.178308143492218
F8,M2_clean,ac_power_kw,0.7-1,102,5.0575257664937965,6.831514392723171,77.75183226967448,13.030689519866058,7,11.259335585379505
F8,M2_clean,ac_power_clean,all,346,4.598302067212514,6.386428713770256,-80.24657555213878,10.03453732510819,28,9.630404466181075
F8,M2_clean,ac_power_clean,0-0.3,28,1.7511987275039835,2.1958598379682233,-171.54026801934242,3.3608299952367773,1,2.3357919310000166
F8,M2_clean,ac_power_clean,0.3-0.7,216,4.738372691273188,6.538223749712493,-135.45349151325337,9.821236920897354,20,9.569565054449384
F8,M2_clean,ac_power_clean,0.7-1,102,5.083239701670689,6.8194221800347705,61.723201278081355,13.043076455278046,7,11.308817000322707
F8,M2_clean_fixed,ac_power_kw,all,346,4.324476609829014,5.987615569287862,-91.42379293749272,9.489918201622679,28,8.912121060892023
F8,M2_clean_fixed,ac_power_kw,0-0.3,28,1.7979377427545826,2.5822036411432436,-173.1310946615637,3.485679705261279,1,1.591669629002857
F8,M2_clean_fixed,ac_power_kw,0.3-0.7,216,4.499710014726518,6.13229068125125,-146.05270984500333,9.378189969601635,20,9.24617495220348
F8,M2_clean_fixed,ac_power_kw,0.7-1,102,4.646953794341008,6.336369939644291,46.69042765364731,11.972852913253757,7,9.239496217042694
F8,M2_clean_fixed,ac_power_clean,all,346,4.487814521532027,6.110803103385839,-116.98258285405495,9.793428458207991,28,9.257896677719765
F8,M2_clean_fixed,ac_power_clean,0-0.3,28,2.290528510666061,2.9794356668290605,-225.67564536838563,4.395889971073547,1,2.649244515352504
F8,M2_clean_fixed,ac_power_clean,0.3-0.7,216,4.684723342881055,6.300806654849152,-172.61369841073025,9.710037782386928,20,9.637030897803294
F8,M2_clean_fixed,ac_power_clean,0.7-1,102,4.674007687148271,6.337338678199322,30.66179666205419,11.99302869703264,7,9.295858268460416
F8,BL50,ac_power_kw,all,346,3.8414385440715857,5.734045771994935,71.70363599987955,8.429907442889665,28,7.5806530957743945
F8,BL50,ac_power_kw,0-0.3,28,1.9262123472031643,2.308870830480457,-178.24382757837117,3.734366951095392,1,2.690825058446348
F8,BL50,ac_power_kw,0.3-0.7,216,3.6908721670466913,5.596349086753378,33.98172282112006,7.692429117164537,20,7.377491085396014
F8,BL50,ac_power_kw,0.7-1,102,4.6860333573038675,6.61403427702363,220.1983637136352,12.07354120928079,7,9.251141078302133
F8,BL50,ac_power_clean,all,346,3.986158835654307,5.810204940177986,46.14484608331734,8.698702050348434,28,7.914305115926873
F8,BL50,ac_power_clean,0-0.3,28,2.4248915024043143,2.852636305185386,-230.78837828519315,4.65375400774248,1,3.73658753852925
F8,BL50,ac_power_clean,0.3-0.7,216,3.856451630095794,5.710255133749567,7.420734255393149,7.993276933008546,20,7.779387442482046
F8,BL50,ac_power_clean,0.7-1,102,4.689416107533118,6.574958938307002,204.16973272204203,12.032565137753421,7,9.217225179254907
F8,BL_cloud,ac_power_kw,all,346,3.9801781518379715,5.7366916856797125,3.8458711024890193,8.734366837128421,28,8.113342824863285
F8,BL_cloud,ac_power_kw,0-0.3,28,2.212922039757554,2.6779562355055706,-205.38416636425578,4.290213871082405,1,3.1914715325532295
F8,BL_cloud,ac_power_kw,0.3-0.7,216,3.933545741563987,5.69134580335866,-38.42445022168007,8.198203683742646,20,8.0746569073764
F8,BL_cloud,ac_power_kw,0.7-1,102,4.564058267106914,6.408776018384042,150.79518928963978,11.759273007219598,7,9.230101207416775
F8,BL_cloud,ac_power_clean,all,346,4.135881175696469,5.838061060411811,-21.7129188140732,9.02543013119119,28,8.444023764187145
F8,BL_cloud,ac_power_clean,0-0.3,28,2.7116011949587038,3.2086989571036106,-257.9287170710777,5.20399569049845,1,4.231853663879488
F8,BL_cloud,ac_power_clean,0.3-0.7,216,4.113292478528446,5.83177585678648,-64.98543878740699,8.525631601535805,20,8.472434324022315
F8,BL_cloud,ac_power_clean,0.7-1,102,4.574694882058728,6.384990401837072,134.7665582980467,11.738202132519993,7,9.19625698124874
