,forecast_cloud_cover,forecast_temp_c,forecast_wind_ms,forecast_humidity_pct
0,0.004,0.082,0.007,0.174
1,0.015,0.194,0.015,0.32
2,0.022,0.179,0.027,0.296
3,0.016,0.163,0.018,0.291
4,0.015,0.161,0.027,0.298
5,0.013,0.174,0.015,0.289
6,0.02,0.172,0.009,0.282
7,0.011,0.21,0.033,0.272
8,0.013,0.185,0.022,0.311
9,0.016,0.203,0.013,0.293
10,0.02,0.199,0.018,0.325
11,0.015,0.176,0.02,0.32
12,0.009,0.174,0.024,0.313
13,0.015,0.181,0.022,0.32
14,0.018,0.163,0.011,0.291
15,0.007,0.161,0.015,0.289
16,0.026,0.168,0.016,0.278
17,0.009,0.188,0.007,0.291
18,0.024,0.157,0.018,0.289
19,0.009,0.21,0.013,0.305
20,0.011,0.163,0.015,0.28
21,0.011,0.194,0.029,0.298
22,0.013,0.183,0.016,0.309
23,0.005,0.084,0.015,0.155
