ts,forecast_cloud_cover,forecast_temp_c,forecast_wind_ms,forecast_humidity_pct
2024-02-06 12:00:00,0.277,29.0,-999.0,34.0
2024-03-23 19:00:00,0.045,34.3,-999.0,38.0
2024-03-24 08:00:00,0.05,29.1,-999.0,39.0
2024-04-02 05:00:00,0.07,23.0,-999.0,57.0
2024-05-12 19:00:00,0.368,33.1,-999.0,53.0
2024-06-03 19:00:00,0.356,28.0,-999.0,60.0
2024-07-01 16:00:00,0.689,27.4,-999.0,65.0
2024-09-25 14:00:00,0.686,23.1,-999.0,68.0
2024-09-26 10:00:00,0.761,21.7,-999.0,69.0
2025-01-26 13:00:00,0.106,29.9,-999.0,31.0
2025-03-10 20:00:00,0.179,27.4,-999.0,29.0
2025-03-16 14:00:00,0.536,33.8,-999.0,25.0
2025-06-26 07:00:00,0.882,26.5,-999.0,90.0
