fold,model,train_target,target,primary,bucket,n_hours,mae_pct,rmse_pct,bias_kw,mae_pct_of_mean,n_days,daily_energy_err_pct,skill_vs_B0
F1,B0,ac_power_kw,ac_power_kw,True,all,725,7.428140295337401,10.180681611080152,-417.80157454800445,17.21589539247436,57,14.733941888713824,0.0
F1,B0,ac_power_kw,ac_power_kw,True,0-0.3,23,10.720600207506138,13.718561862792864,-1060.621933794092,25.116934990002193,1,27.195060947295513,0.0
F1,B0,ac_power_kw,ac_power_kw,True,0.3-0.7,278,9.574310749459544,12.426437634828485,-927.0353280880412,19.935035710910824,23,17.572696171490065,0.0
F1,B0,ac_power_kw,ac_power_kw,True,0.7-1,424,5.842380945748163,8.109979592242615,-49.047207220669065,14.61612004759833,33,11.965475523838592,0.0
F1,B0,ac_power_kw,ac_power_clean,False,all,725,7.505823438598301,10.314884882476129,-427.048503764936,17.358736516567465,57,14.858804720732456,0.0
F1,B0,ac_power_kw,ac_power_clean,False,0-0.3,23,11.167487988805524,14.308451691216925,-1105.532946691859,25.89150170392622,1,28.44136322240529,0.0
F1,B0,ac_power_kw,ac_power_clean,False,0.3-0.7,278,9.728605718124854,12.651538377856847,-942.7348349822845,20.19029997904644,23,17.83996389718676,0.0
F1,B0,ac_power_kw,ac_power_clean,False,0.7-1,424,5.849805140572012,8.116459154038475,-52.12882860988383,14.623419651921663,33,11.915637082882741,0.0
F1,B2b,ac_power_clean,ac_power_kw,True,all,725,4.380315057566784,6.587085270965226,253.98006335294164,10.152076134653125,57,9.1543440152741,0.4103079797353476
F1,B2b,ac_power_clean,ac_power_kw,True,0-0.3,23,1.374338797309116,1.754245753868055,-4.185251096762045,3.21989231555169,1,1.3807163519579073,0.8718039316169203
F1,B2b,ac_power_clean,ac_power_kw,True,0.3-0.7,278,3.887341262639011,5.939200440420036,317.0674501489114,8.093980749014262,23,8.440138091191232,0.5939821294333437
F1,B2b,ac_power_clean,ac_power_kw,True,0.7-1,424,4.866598474962649,7.134249532134026,226.62041406771425,12.174965685056707,33,10.039406708559422,0.1670179469374804
F1,B2b,ac_power_clean,ac_power_clean,False,all,725,4.391507234101798,6.57650123373629,244.73313413601008,10.156249692120266,57,9.148692120385627,0.41491999245296607
F1,B2b,ac_power_clean,ac_power_clean,False,0-0.3,23,1.747827364809037,2.222641322487074,-49.096263994529224,4.05228778750291,1,3.0689182676449107,0.8434896579641645
F1,B2b,ac_power_clean,ac_power_clean,False,0.3-0.7,278,3.9106997594159054,5.938859977302105,301.367943254668,8.116086061899805,23,8.42525105174277,0.5980205311301612
F1,B2b,ac_power_clean,ac_power_clean,False,0.7-1,424,4.850160807112203,7.110618218918892,223.53879267849948,12.124495629741519,33,9.97796201958297,0.17088506530357028
F1,M1_kw,ac_power_kw,ac_power_kw,True,all,725,4.572848828510638,6.36013435319416,-113.4193879436058,10.598303740527586,57,8.79708550090733,0.3843884678132711
F1,M1_kw,ac_power_kw,ac_power_kw,True,0-0.3,23,3.2345897584737617,4.649672193225956,-180.6677930575701,7.57821195738922,1,6.412355115570292,0.6982827737378892
F1,M1_kw,ac_power_kw,ac_power_kw,True,0.3-0.7,278,3.775757118558488,5.22850911047215,-75.12699954999492,7.861647168537755,23,6.396305532029368,0.6056366648876919
F1,M1_kw,ac_power_kw,ac_power_kw,True,0.7-1,424,5.168064521853907,7.076099178492255,-134.87828099974413,12.929155453329901,33,10.806995021558224,0.1154180855640704
F1,M1_kw,ac_power_kw,ac_power_clean,False,all,725,4.614645998448042,6.404502250554181,-122.66631716053739,10.672303266868651,57,8.903751565973511,0.38519124034846486
F1,M1_kw,ac_power_kw,ac_power_clean,False,0-0.3,23,3.4976077260273413,5.118194723672477,-225.57880595533726,8.109103541358593,1,8.014423550202102,0.6868044335903113
F1,M1_kw,ac_power_kw,ac_power_clean,False,0.3-0.7,278,3.8836939224039,5.349307431525077,-90.82650644423838,8.060039392288992,23,6.62908452167548,0.6007964517291111
F1,M1_kw,ac_power_kw,ac_power_clean,False,0.7-1,424,5.154496369688483,7.067780746679234,-137.95990238895894,12.885277662580554,33,10.75785943174644,0.11886015930020177
F1,M1_clean,ac_power_clean,ac_power_kw,True,all,725,4.663575780824199,6.521372238874056,-144.25724468628445,10.808577868129712,57,9.071114661604973,0.3721745153694125
F1,M1_clean,ac_power_clean,ac_power_kw,True,0-0.3,23,3.0812789220472165,4.756568083684345,-187.70703490016794,7.219025136012158,1,5.738671533671675,0.7125833570503051
F1,M1_clean,ac_power_clean,ac_power_kw,True,0.3-0.7,278,3.767611122645112,5.255970503112088,-72.70511629069769,7.844686081344794,23,6.415964674226399,0.6064874828866623
F1,M1_clean,ac_power_clean,ac_power_kw,True,0.7-1,424,5.3368564476299944,7.306114666515526,-188.81419402367547,13.351429021780454,33,11.322231509006098,0.086527137277152
F1,M1_clean,ac_power_clean,ac_power_clean,False,all,725,4.704074361500907,6.554132873812276,-153.504173903216,10.879124464308452,57,9.177194704454616,0.37327670974640137
F1,M1_clean,ac_power_clean,ac_power_clean,False,0-0.3,23,3.4138321106229212,5.193001906480743,-232.61804779793513,7.914872171585432,1,7.352272336735474,0.6943061757447151
F1,M1_clean,ac_power_clean,ac_power_clean,False,0.3-0.7,278,3.8654354840235405,5.349234111492781,-88.40462318494116,8.022146670687418,23,6.648679163300499,0.6026732302634024
F1,M1_clean,ac_power_clean,ac_power_clean,False,0.7-1,424,5.323926200436996,7.295732908817916,-191.89581541289027,13.308820576754835,33,11.272783324762246,0.08989683032135898
F1,M2_kw,ac_power_kw,ac_power_kw,True,all,725,4.1860756290365195,6.025705141892526,-53.098291205687374,9.70189539631004,57,8.246371746111945,0.4364571127359974
F1,M2_kw,ac_power_kw,ac_power_kw,True,0-0.3,23,1.6691996739112067,2.3845045124153326,-48.899094706495106,3.910711982861397,1,2.6112148137285187,0.8442997927725633
F1,M2_kw,ac_power_kw,ac_power_kw,True,0.3-0.7,278,3.554082229691561,5.048935088713072,-91.64523153099115,7.4000894709224125,23,6.727326110640234,0.6287897559735897
F1,M2_kw,ac_power_kw,ac_power_kw,True,0.7-1,424,4.736977308248267,6.712884278605865,-28.052376368534023,11.85068718439065,33,9.685821133858555,0.18920430690237022
F1,M2_kw,ac_power_kw,ac_power_clean,False,all,725,4.24299193518509,6.080782116328603,-62.345220422618965,9.812777991291682,57,8.371863930965814,0.4347066687759097
F1,M2_kw,ac_power_kw,ac_power_clean,False,0-0.3,23,2.059378212939145,2.838580466652333,-93.8101076042623,4.774609523895765,1,4.2783525948612215,0.8155916339463718
F1,M2_kw,ac_power_kw,ac_power_clean,False,0.3-0.7,278,3.680953523365729,5.203447847204922,-107.34473842523462,7.6392813111154405,23,7.01565920220278,0.6216360668715417
F1,M2_kw,ac_power_kw,ac_power_clean,False,0.7-1,424,4.729948996735653,6.7108614548954675,-31.13399775774879,11.823988568735105,33,9.624590965562607,0.1914347772149647
F1,M2_clean,ac_power_clean,ac_power_kw,True,all,725,4.099903968227267,5.945346323643403,-20.512795318690177,9.502178880559915,57,8.143324280871663,0.44805781727079763
F1,M2_clean,ac_power_clean,ac_power_kw,True,0-0.3,23,2.3106458955115943,3.0638369303037525,-98.32690587253445,5.413534841253139,1,5.597563470245958,0.7844667415268622
F1,M2_clean,ac_power_clean,ac_power_kw,True,0.3-0.7,278,3.4460544997321567,5.018992318646468,-6.225620044334411,7.1751608352364515,23,6.624376129649861,0.6400728376268044
F1,M2_clean,ac_power_clean,ac_power_kw,True,0.7-1,424,4.625665968024675,6.588991043657217,-25.659281600606416,11.572215115130753,33,9.457122143763335,0.20825670031136212
F1,M2_clean,ac_power_clean,ac_power_clean,False,all,725,4.150684071877128,5.995992006779642,-29.75972453562176,9.59929736645707,57,8.269531815601438,0.4470048348682898
F1,M2_clean,ac_power_clean,ac_power_clean,False,0-0.3,23,2.6887203181815282,3.635949008418082,-143.23791877030163,6.233721206538242,1,7.213579814106467,0.7592367844159092
F1,M2_clean,ac_power_clean,ac_power_clean,False,0.3-0.7,278,3.560605635982986,5.148756156934776,-21.92512693857786,7.3895168516949985,23,6.898197694166835,0.6340065843814177
F1,M2_clean,ac_power_clean,ac_power_clean,False,0.7-1,424,4.616879759409133,6.586038946153196,-28.740902989821212,11.541336605564455,33,9.408805523018898,0.21076349579779674
F1,M3_kw,ac_power_kw,ac_power_kw,True,all,725,4.229724232505891,5.940886450747961,-58.83998266479159,9.80305797018172,57,8.375070639238718,0.43058099815900575
F1,M3_kw,ac_power_kw,ac_power_kw,True,0-0.3,23,1.7745089520317896,2.2301083290991763,-36.75804499770447,4.157437561765718,1,2.8712394022822796,0.8344767160714239
F1,M3_kw,ac_power_kw,ac_power_kw,True,0.3-0.7,278,3.602721715245378,5.082612531061925,-83.04461042555452,7.501363589430672,23,6.976551263839733,0.6237095484446495
F1,M3_kw,ac_power_kw,ac_power_kw,True,0.7-1,424,4.77400878733921,6.568273088382263,-44.16780825170408,11.943330329190585,33,9.713144907997483,0.18286588435943552
F1,M3_kw,ac_power_kw,ac_power_clean,False,all,725,4.284788123546185,5.991369304158439,-68.08691188172318,9.909440139967613,57,8.50078257519988,0.42913816737123234
F1,M3_kw,ac_power_kw,ac_power_clean,False,0-0.3,23,2.1541166631154245,2.7268096582075336,-81.66905789547162,4.994257912738925,1,4.533925984904062,0.8071082175978388
F1,M3_kw,ac_power_kw,ac_power_clean,False,0.3-0.7,278,3.729646729854359,5.228467865230508,-98.74411731979798,7.74033694790782,23,7.249217360972797,0.6166309091028481
F1,M3_kw,ac_power_kw,ac_power_clean,False,0.7-1,424,4.764351215612777,6.561447412643295,-47.24942964091888,11.909987686912269,33,9.664672958015831,0.1855538601501341
F1,M3_clean,ac_power_clean,ac_power_kw,True,all,725,4.327460024957027,6.025280651493639,-74.92015203299714,10.02957619843806,57,8.533715993459019,0.41742349324320815
F1,M3_clean,ac_power_clean,ac_power_kw,True,0-0.3,23,2.308010368110464,3.1616181275415864,-141.94730554665418,5.407360152418813,1,5.8417892285224085,0.784712579199205
F1,M3_clean,ac_power_clean,ac_power_kw,True,0.3-0.7,278,3.6812573927665224,5.13067550174783,-99.39467651447453,7.664885703652102,23,7.079760408575163,0.6155067984424545
F1,M3_clean,ac_power_clean,ac_power_kw,True,0.7-1,424,4.860695104807099,6.653924204879896,-55.2372691635046,12.160196985843122,33,9.801667957985634,0.16802838603934123
F1,M3_clean,ac_power_clean,ac_power_clean,False,all,725,4.383214924744843,6.089424583174904,-84.16708124992871,10.13707204766609,57,8.659088660045029,0.4160247758820982
F1,M3_clean,ac_power_clean,ac_power_clean,False,0-0.3,23,2.7025958036426485,3.7425639923310694,-186.8583184444213,6.265891122979569,1,7.453624824179008,0.7579942950149778
F1,M3_clean,ac_power_clean,ac_power_clean,False,0.3-0.7,278,3.8091400160353777,5.298143456924505,-115.09418340871798,7.905313650717841,23,7.352087882140332,0.6084598218490067
F1,M3_clean,ac_power_clean,ac_power_clean,False,0.7-1,424,4.850778755892441,6.6513733445479275,-58.31889055271941,12.126040386211123,33,9.753142300991357,0.17077942951478942
F2,B0,ac_power_kw,ac_power_kw,True,all,725,7.127024649223414,10.210419147461053,115.04100192996567,16.518012038307006,57,13.135077478060959,0.0
F2,B0,ac_power_kw,ac_power_kw,True,0-0.3,23,8.299075794236598,10.832236464985593,-813.2749020781221,19.443626584917784,1,21.32447243635506,0.0
F2,B0,ac_power_kw,ac_power_kw,True,0.3-0.7,278,6.421139113362333,8.596225933991343,-434.8636341698005,13.369697399557468,23,11.80100364903834,0.0
F2,B0,ac_power_kw,ac_power_kw,True,0.7-1,424,7.526267579964163,11.1106761755564,525.9484420901567,18.828767155137395,33,13.865215695644634,0.0
F2,B0,ac_power_kw,ac_power_clean,False,all,725,7.19093182769003,10.303179853423284,105.7940727130341,16.63048590559187,57,13.25641778770124,0.0
F2,B0,ac_power_kw,ac_power_clean,False,0-0.3,23,8.745963575535985,11.41955722871173,-858.1859149758893,20.27726656571827,1,22.671269649206927,0.0
F2,B0,ac_power_kw,ac_power_clean,False,0.3-0.7,278,6.567388017326364,8.836163793124344,-450.5631410640439,13.629654442833349,23,12.087207982724083,0.0
F2,B0,ac_power_kw,ac_power_clean,False,0.7-1,424,7.515411660427397,11.101778080098335,522.866820700942,18.787124686452163,33,13.801449884976243,0.0
F2,B2b,ac_power_clean,ac_power_kw,True,all,725,4.0648523526528075,5.982118513156776,135.33934737905875,9.420941192111044,57,8.265371750405137,0.42965647619926106
F2,B2b,ac_power_clean,ac_power_kw,True,0-0.3,23,1.4433937411817757,1.8158334188870144,-31.845468423486153,3.3816788295915896,1,2.03028499721163,0.8260777733607205
F2,B2b,ac_power_clean,ac_power_kw,True,0.3-0.7,278,3.3915767509467396,5.1743385772850194,211.13230378110777,7.061730647319414,23,7.125253731264741,0.4718107346578275
F2,B2b,ac_power_clean,ac_power_kw,True,0.7-1,424,4.648494252035167,6.59218293294769,94.713896633042,11.629325553952933,33,9.427271029464606,0.38236394034009324
F2,B2b,ac_power_clean,ac_power_clean,False,all,725,4.098080294628798,5.98988939637769,126.09241816212716,9.47764048010744,57,8.365729114113586,0.43010441583545933
F2,B2b,ac_power_clean,ac_power_clean,False,0-0.3,23,1.8322515623861735,2.346570247028069,-76.75648132125333,4.248022876505216,1,3.7073673530040274,0.7905031793739334
F2,B2b,ac_power_clean,ac_power_clean,False,0.3-0.7,278,3.468872158838037,5.210781855768951,195.43279688686428,7.199137420629464,23,7.338490685390972,0.4718033791080548
F2,B2b,ac_power_clean,ac_power_clean,False,0.7-1,424,4.633537659231186,6.5763190133291864,91.6322752438272,11.582978242125655,33,9.378972519417584,0.38346189555667276
F2,M1_kw,ac_power_kw,ac_power_kw,True,all,725,4.640934202022489,6.431260690304214,-185.84166385838876,10.756102411733798,57,8.914071058205485,0.3488258522400113
F2,M1_kw,ac_power_kw,ac_power_kw,True,0-0.3,23,3.085867449949747,4.201022022598029,-233.4963867246034,7.229775444278199,1,6.051174531901742,0.6281673373687262
F2,M1_kw,ac_power_kw,ac_power_kw,True,0.3-0.7,278,3.9351074531890204,5.502108410405608,-172.2603282134838,8.193436546857711,23,6.930521075148064,0.38716365060521785
F2,M1_kw,ac_power_kw,ac_power_kw,True,0.7-1,424,5.188071870591776,7.0652186643598425,-192.1613635832959,12.979208644606256,33,10.610961263685487,0.31067134997923096
F2,M1_kw,ac_power_kw,ac_power_clean,False,all,725,4.706599813704754,6.509851500871175,-195.08859307532035,10.884965083895416,57,9.04507709889153,0.34548123574456513
F2,M1_kw,ac_power_kw,ac_power_clean,False,0-0.3,23,3.4717124564394224,4.772486331114709,-278.4073996223706,8.049066098978416,1,7.659425791339238,0.6030497467254015
F2,M1_kw,ac_power_kw,ac_power_clean,False,0.3-0.7,278,4.073151913944971,5.684409256413211,-187.95983510772726,8.453231777043088,23,7.21818749512801,0.37979118894772057
F2,M1_kw,ac_power_kw,ac_power_clean,False,0.7-1,424,5.188913316889476,7.073974186627638,-195.2429849725107,12.971313598814994,33,10.561944607727765,0.3095636604696135
F2,M1_clean,ac_power_clean,ac_power_kw,True,all,725,4.443933045767009,6.164736354400084,-148.05058441335535,10.299520930576302,57,8.557032074526047,0.3764672827038369
F2,M1_clean,ac_power_clean,ac_power_kw,True,0-0.3,23,2.6990457486408275,3.661480030535272,-197.3861209961319,6.323503842274462,1,4.811104319707972,0.674777551674463
F2,M1_clean,ac_power_clean,ac_power_kw,True,0.3-0.7,278,3.6480537250649556,5.09828830437424,-122.58606479456344,7.595751087209732,23,6.541695287769701,0.43186813731018714
F2,M1_clean,ac_power_clean,ac_power_kw,True,0.7-1,424,5.060411486778974,6.871222156325017,-162.07044081104476,12.659835513607613,33,10.315142820461254,0.3276333278064145
F2,M1_clean,ac_power_clean,ac_power_clean,False,all,725,4.506555752027306,6.237738117007411,-157.29751363028697,10.422322685393796,57,8.688801657223733,0.3733001702680634
F2,M1_clean,ac_power_clean,ac_power_clean,False,0-0.3,23,3.084890755130503,4.227766623736002,-242.2971338938991,7.152231040942524,1,6.44058356651641,0.6472783440626838
F2,M1_clean,ac_power_clean,ac_power_clean,False,0.3-0.7,278,3.7790947783340285,5.2768539844320355,-138.28557168880687,7.84295914898263,23,6.83063742392527,0.42456654481753486
F2,M1_clean,ac_power_clean,ac_power_clean,False,0.7-1,424,5.0606417086672995,6.8778482420763405,-165.15206220025954,12.650658549392894,33,10.266305637814341,0.32663146912972907
F2,M2_kw,ac_power_kw,ac_power_kw,True,all,725,4.1791442544778485,5.863899784224369,-143.7378387394458,9.68583083444345,57,8.460113974155231,0.41362006444958443
F2,M2_kw,ac_power_kw,ac_power_kw,True,0-0.3,23,1.9539879246050582,2.6506691613518645,-141.32936844836894,4.577932832453911,1,4.5835865344918805,0.7645535511361361
F2,M2_kw,ac_power_kw,ac_power_kw,True,0.3-0.7,278,3.433070453894051,4.855084035891152,-127.43225693975802,7.1481262607142755,23,6.544226744962184,0.465348687626178
F2,M2_kw,ac_power_kw,ac_power_kw,True,0.7-1,424,4.78901951898108,6.554342254816815,-154.55941080786084,11.98088328195371,33,10.144290248580742,0.3636926314272919
F2,M2_kw,ac_power_kw,ac_power_clean,False,all,725,4.2512776358611974,5.938542731520928,-152.9847679563774,9.831940351833241,57,8.592090820050222,0.40880017531373936
F2,M2_kw,ac_power_kw,ac_power_clean,False,0-0.3,23,2.3896905815954668,3.27189038517111,-186.24038134613613,5.540429309371783,1,6.216960516149797,0.7267664607842804
F2,M2_kw,ac_power_kw,ac_power_clean,False,0.3-0.7,278,3.576662613040545,5.039171360498374,-143.1317638340015,7.422840761918309,23,6.833160575544937,0.4553903921004149
F2,M2_kw,ac_power_kw,ac_power_clean,False,0.7-1,424,4.7945782929184,6.562924021910255,-157.64103219707562,11.985549731402521,33,10.09555672234011,0.3620338433136827
F2,M2_clean,ac_power_clean,ac_power_kw,True,all,725,4.045249313142861,5.702682543099075,-92.1954182773562,9.375508033317635,57,8.089316628460285,0.4324069983981821
F2,M2_clean,ac_power_clean,ac_power_kw,True,0-0.3,23,1.4311328033607096,1.8067756443808387,-74.2767677550221,3.3529530892218893,1,2.6240830261871446,0.8275551592920047
F2,M2_clean,ac_power_clean,ac_power_kw,True,0.3-0.7,278,3.275393683130376,4.6562273375415195,-63.10075740949435,6.819821473225276,23,6.346984145151566,0.48990457529345355
F2,M2_clean,ac_power_clean,ac_power_kw,True,0.7-1,424,4.691816635945834,6.4198943478135595,-112.24363686999605,11.737706909065915,33,9.699777548418185,0.3766077825300792
F2,M2_clean,ac_power_clean,ac_power_clean,False,all,725,4.113359681337755,5.766871462546326,-101.44234749428779,9.512977155714754,57,8.222086439169159,0.4279796026575453
F2,M2_clean,ac_power_clean,ac_power_clean,False,0-0.3,23,1.8213121963079295,2.40397083439751,-119.18778065278927,4.222660268930563,1,4.291000524428708,0.7917539696366375
F2,M2_clean,ac_power_clean,ac_power_clean,False,0.3-0.7,278,3.4145061905469616,4.823398603976767,-78.80026430373779,7.086308795413093,23,6.636565117933396,0.48008155121356233
F2,M2_clean,ac_power_clean,ac_power_clean,False,0.7-1,424,4.695902989346073,6.426387880885061,-115.32525825921083,11.738879912708729,33,9.651313708425398,0.3751635703374072
F2,M3_kw,ac_power_kw,ac_power_kw,True,all,725,4.250983688739826,6.005140667240879,-161.66333679042765,9.852330137921207,57,8.648579795074555,0.40354020114087463
F2,M3_kw,ac_power_kw,ac_power_kw,True,0-0.3,23,2.562288194974998,3.522897989726858,-218.47206507290625,6.003099152394192,1,5.145662410573041,0.6912562002681777
F2,M3_kw,ac_power_kw,ac_power_kw,True,0.3-0.7,278,3.5572986536078925,5.085729577775058,-155.8289245162462,7.406786509206564,23,6.891700036894579,0.4460019334879094
F2,M3_kw,ac_power_kw,ac_power_kw,True,0.7-1,424,4.797409245634327,6.635546593573436,-162.40712420015745,12.001872199497615,33,10.190870468984523,0.36257790536100354
F2,M3_kw,ac_power_kw,ac_power_clean,False,all,725,4.320207638103954,6.085581604068276,-170.91026600735924,9.991354939294128,57,8.784946973493197,0.3992144910249066
F2,M3_kw,ac_power_kw,ac_power_clean,False,0-0.3,23,2.978731600168044,4.070223610721743,-263.38307797067347,6.906104074488373,1,6.769414566400746,0.6594164182777886
F2,M3_kw,ac_power_kw,ac_power_clean,False,0.3-0.7,278,3.6995791697388842,5.28730667770372,-171.52843141048965,7.677936119263029,23,7.19053472902732,0.4366741907165381
F2,M3_kw,ac_power_kw,ac_power_clean,False,0.7-1,424,4.79989788121248,6.640565611112873,-165.48874558937226,11.998847708024043,33,10.142108682483027,0.36132601937343334
F2,M3_clean,ac_power_clean,ac_power_kw,True,all,725,4.124650457848512,5.834200672974281,-124.60873623302122,9.559532802229612,57,8.379553493959632,0.42126614388825656
F2,M3_clean,ac_power_clean,ac_power_kw,True,0-0.3,23,1.300570060188752,1.691703254811323,43.39899890471073,3.0470620132660535,1,0.2631826972812708,0.8432873620588031
F2,M3_clean,ac_power_clean,ac_power_kw,True,0.3-0.7,278,3.3066784314041144,4.770570032988016,-87.89384402046522,6.884960634713118,23,6.499804043001213,0.48503242601878127
F2,M3_clean,ac_power_clean,ac_power_kw,True,0.7-1,424,4.814155345814824,6.566933106106376,-157.79486345768723,12.043766593724918,33,10.20727040179145,0.36035288479103644
F2,M3_clean,ac_power_clean,ac_power_clean,False,all,725,4.1816468138308345,5.884555602739007,-133.85566544995277,9.67090497670819,57,8.51170262163314,0.418483318430496
F2,M3_clean,ac_power_clean,ac_power_clean,False,0-0.3,23,1.660150200513321,2.0145685702168694,-1.5120139930564402,3.849010788142487,1,1.9705149735517364,0.8101809839275964
F2,M3_clean,ac_power_clean,ac_power_clean,False,0.3-0.7,278,3.4326326461721344,4.918911557243097,-103.5933509147087,7.123927606086783,23,6.788883622043295,0.4773214804552409
F2,M3_clean,ac_power_clean,ac_power_clean,False,0.7-1,424,4.809525023065319,6.567061326354594,-160.876484846902,12.022913763555744,33,10.15849866543623,0.3600450327438478
F3,B0,ac_power_kw,ac_power_kw,True,all,303,2.223872820185244,4.4661428029704435,105.74681635260275,3.872754083823438,28,2.797916767470789,0.0
F3,B0,ac_power_kw,ac_power_kw,True,0-0.3,218,2.1083799467298014,4.609545703686354,58.04832396172412,3.6372779187012068,20,2.39318791232472,0.0
F3,B0,ac_power_kw,ac_power_kw,True,0.3-0.7,82,2.2895341778127443,3.6428324820780174,204.14960215053733,4.085516623145656,8,3.821272809969265,0.0
F3,B0,ac_power_kw,ac_power_kw,True,0.7-1,3,8.821611182795696,10.385330866339249,882.1611182795697,15.802429014545067,0,,0.0
F3,B0,ac_power_kw,ac_power_clean,False,all,303,1.968610042899729,4.436252517466479,-13.773553369772218,3.3583281264288036,28,2.5940257376456386,0.0
F3,B0,ac_power_kw,ac_power_clean,False,0-0.3,218,1.799734978193712,4.62320513077619,-98.57032787126779,3.023135690406027,20,2.27166393159515,0.0
F3,B0,ac_power_kw,ac_power_clean,False,0.3-0.7,82,2.17373419487207,3.481406120235637,179.57199301960367,3.861942158563576,8,3.4283977406182173,0.0
F3,B0,ac_power_kw,ac_power_clean,False,0.7-1,3,8.633471257626326,10.161182136543484,863.3471257626326,15.41346146623652,0,,0.0
F3,B2b,ac_power_clean,ac_power_kw,False,all,303,2.4528238643697744,4.316940375399124,25.40729600260966,4.271459928561188,28,1.8237520054542395,-0.10295150069123982
F3,B2b,ac_power_clean,ac_power_kw,False,0-0.3,218,2.6035854136882164,4.817892097646658,30.364128992544725,4.491583098838074,20,2.1345072617623755,-0.23487487050258782
F3,B2b,ac_power_clean,ac_power_kw,False,0.3-0.7,82,2.0561913440930955,2.6206537267424705,15.805321383802033,3.6691323493086623,8,1.0380080061381503,0.10191716550069929
F3,B2b,ac_power_clean,ac_power_kw,False,0.7-1,3,2.3387735014588658,2.7871183454161343,-72.33526168526373,4.189518385256028,0,,0.7348813665671361
F3,B2b,ac_power_clean,ac_power_clean,True,all,303,1.925068726979562,4.241405524946529,-94.1130737197653,3.284049309024707,28,1.8936217834767082,0.022117796298565695
F3,B2b,ac_power_clean,ac_power_clean,True,0-0.3,218,1.8993377475264976,4.742527301974922,-126.25452284044721,3.190445150121831,20,2.2461561687975085,-0.05534302024443116
F3,B2b,ac_power_clean,ac_power_clean,True,0.3-0.7,82,1.977936857888059,2.5306757556764725,-8.77228774713168,3.51408086438288,8,0.9811538183643814,0.09007418544820489
F3,B2b,ac_power_clean,ac_power_clean,True,0.7-1,3,2.349790989070028,2.7391831403960025,-91.14925420220091,4.195115936912091,0,,0.7278277857247333
F3,M1_kw,ac_power_kw,ac_power_kw,True,all,303,1.861540338114945,3.870929332306347,-67.63586454954903,3.2417716882012155,28,2.183035672796716,0.162928598605795
F3,M1_kw,ac_power_kw,ac_power_kw,True,0-0.3,218,1.6462899526052877,4.195773179293797,-37.85489775368829,2.8401019947465187,20,1.9557231013929421,0.2191682741249923
F3,M1_kw,ac_power_kw,ac_power_kw,True,0.3-0.7,82,2.386130066085701,2.8216464093131544,-137.70749404907923,4.257885356965432,8,2.7577950222331777,-0.04219019275145186
F3,M1_kw,ac_power_kw,ac_power_kw,True,0.7-1,3,3.1642824539493764,4.063588563194139,-316.4282453949376,5.668278483869735,0,,0.6413033414893072
F3,M1_kw,ac_power_kw,ac_power_clean,False,all,303,2.341177845659448,4.414481817318129,-187.15623427192398,3.9939059725962136,28,3.19277069554153,-0.18925424265891322
F3,M1_kw,ac_power_kw,ac_power_clean,False,0-0.3,218,2.2476806308494326,4.84431113473346,-194.47354958668024,3.775580081560141,20,3.2186550732067034,-0.24889534186044293
F3,M1_kw,ac_power_kw,ac_power_clean,False,0.3-0.7,82,2.5527468606375647,2.9917134924324382,-162.28510318001295,4.535311053436886,8,3.1257739247305136,-0.17436017092595835
F3,M1_kw,ac_power_kw,ac_power_clean,False,0.7-1,3,3.3524223791187477,4.279673437224511,-335.2422379118748,5.985128300908077,0,,0.6116947309974068
F3,M1_clean,ac_power_clean,ac_power_kw,False,all,303,1.9713267174604072,3.916850086322741,92.27117365321868,3.4329587224143108,28,2.673912031715115,0.11356139633191797
F3,M1_clean,ac_power_clean,ac_power_kw,False,0-0.3,218,2.1311545445455864,4.443106759694421,136.43070452474157,3.676567583674135,20,3.1582553386596506,-0.010801941960750128
F3,M1_clean,ac_power_clean,ac_power_kw,False,0.3-0.7,82,1.5672725995205095,2.0279837428896745,-16.626009970488074,2.796690401214636,8,1.449251018537538,0.31546223912771265
F3,M1_clean,ac_power_clean,ac_power_kw,False,0.7-1,3,1.401317172961266,1.6036987003039178,-140.1317172961266,2.5102234380687762,0,,0.8411495197505215
F3,M1_clean,ac_power_clean,ac_power_clean,True,all,303,1.2777614144566383,3.7969297039451506,-27.24919606915629,2.179782691098335,28,1.4463504771715883,0.35093218737494736
F3,M1_clean,ac_power_clean,ac_power_clean,True,0-0.3,218,1.1369987735490585,4.28983635267754,-20.18794730825036,1.9098931864478494,20,1.4836608545538124,0.36824099807728505
F3,M1_clean,ac_power_clean,ac_power_clean,True,0.3-0.7,82,1.6405805445399364,2.0556967968995803,-41.20361910142178,2.9147202930443155,8,1.349779687072486,0.24527085767425727
F3,M1_clean,ac_power_clean,ac_power_clean,True,0.7-1,3,1.589457098130638,1.8204340962043974,-158.9457098130638,2.8376808126431907,0,,0.8158959414237233
F3,M2_kw,ac_power_kw,ac_power_kw,True,all,303,1.8155713449604443,3.9401298415626944,-4.192784503033085,3.1617191760465344,28,2.4637750244627017,0.18359929197335523
F3,M2_kw,ac_power_kw,ac_power_kw,True,0-0.3,218,1.6652310827230583,4.280601353717202,51.21899324608805,2.872778341549889,20,2.163071081847606,0.21018453751378552
F3,M2_kw,ac_power_kw,ac_power_kw,True,0.3-0.7,82,2.133733651768465,2.775472762260787,-136.8658052149859,3.807501276086355,8,3.224104298655946,0.06804900645471912
F3,M2_kw,ac_power_kw,ac_power_kw,True,0.7-1,3,4.043860681457929,5.091199747460509,-404.3860681457929,7.243894572011395,0,,0.5415961327626354
F3,M2_kw,ac_power_kw,ac_power_clean,False,all,303,1.5720879829211638,4.014148712473734,-123.71315422540806,2.681885785001953,28,2.3133914166302545,0.20142234944331328
F3,M2_kw,ac_power_kw,ac_power_clean,False,0-0.3,218,1.2623131953788727,4.341250515821304,-105.39965858690387,2.120392235333663,20,1.8645843892596219,0.29861162300363686
F3,M2_kw,ac_power_kw,ac_power_clean,False,0.3-0.7,82,2.298321712349226,2.899231728451924,-161.4434143459196,4.083289270510776,8,3.4750427392957994,-0.05731497336291769
F3,M2_kw,ac_power_kw,ac_power_clean,False,0.7-1,3,4.2320006066273,5.309584415580553,-423.20006066273,7.555452068913661,0,,0.5098147106369311
F3,M2_clean,ac_power_clean,ac_power_kw,False,all,303,1.9796455046878116,3.9900398909975947,91.69808308058701,3.447445439871789,28,2.7620310489754463,0.10982072053791658
F3,M2_clean,ac_power_clean,ac_power_kw,False,0-0.3,218,2.103557903778733,4.456343503729202,137.18706151117658,3.628959157001659,20,3.1267270130263713,0.002287084431128017
F3,M2_clean,ac_power_clean,ac_power_kw,False,0.3-0.7,82,1.5970720212637264,2.3070858245167054,-13.32383317947409,2.8498654243577053,8,1.839898085780551,0.30244674364745505
F3,M2_clean,ac_power_clean,ac_power_kw,False,0.7-1,3,3.4323530510058546,4.403348200275894,-343.23530510058544,6.148481758882952,0,,0.610915400839726
F3,M2_clean,ac_power_clean,ac_power_clean,True,all,303,1.1894816398460646,3.8138834438686273,-27.822286641787958,2.0291828040669824,28,1.5369707999313558,0.3957758957208314
F3,M2_clean,ac_power_clean,ac_power_clean,True,0-0.3,218,0.9981700772285991,4.23393094550769,-19.43159032181534,1.6766933032516318,20,1.4115745358471445,0.44537940901142925
F3,M2_clean,ac_power_clean,ac_power_clean,True,0.3-0.7,82,1.6091509891341125,2.3042315430874214,-37.901442310407795,2.85888130162899,8,1.8615350940426585,0.259729642690368
F3,M2_clean,ac_power_clean,ac_power_clean,True,0.7-1,3,3.620492976175225,4.621192438622489,-362.04929761752254,6.463718626243457,0,,0.5806445787403203
F3,M3_kw,ac_power_kw,ac_power_kw,True,all,303,1.8375594093501597,3.829437147197539,-101.86322723848056,3.200010199430484,28,2.5200371388908334,0.17371200696760392
F3,M3_kw,ac_power_kw,ac_power_kw,True,0-0.3,218,1.6725304119653233,4.204433038054984,-69.12997314035795,2.885370801042496,20,2.1759929918737866,0.20672248160987383
F3,M3_kw,ac_power_kw,ac_power_kw,True,0.3-0.7,82,2.195761207500501,2.539025378468286,-177.83632302073045,3.918185192706644,8,3.389952026993046,0.04095722667998225
F3,M3_kw,ac_power_kw,ac_power_kw,True,0.7-1,3,4.038817403205599,4.513057831227191,-403.88174032055986,7.23486038937382,0,,0.5421678285841613
F3,M3_kw,ac_power_kw,ac_power_clean,False,all,303,2.3200051910437587,4.304654995269459,-221.38359696085553,3.9577867209630684,28,3.7766685336446226,-0.17849911383487127
F3,M3_kw,ac_power_kw,ac_power_clean,False,0-0.3,218,2.263207695657182,4.758619932838417,-225.74862497334988,3.8016619349198324,20,3.784832079370621,-0.2575227592279339
F3,M3_kw,ac_power_kw,ac_power_clean,False,0.3-0.7,82,2.4012368688764405,2.730191080246443,-202.41393215166414,4.266132408685272,8,3.75553875377953,-0.10465984044464083
F3,M3_kw,ac_power_kw,ac_power_clean,False,0.7-1,3,4.2269573283749695,4.721938864398351,-422.69573283749696,7.546448231096153,0,,0.5103988648087394
F3,M3_clean,ac_power_clean,ac_power_kw,False,all,303,2.1918332407518784,4.137173185555906,38.00302793453623,3.816958891324878,28,3.114806820352266,0.014407109589430811
F3,M3_clean,ac_power_clean,ac_power_kw,False,0-0.3,218,2.081463193209138,4.46388836369638,119.3620570170232,3.590842401528087,20,3.01462328141438,0.01276655735718446
F3,M3_clean,ac_power_clean,ac_power_kw,False,0.3-0.7,82,2.365625873422403,2.9752702142027396,-156.92065298521433,4.221297032238996,8,3.368120683763278,-0.03323457511446759
F3,M3_clean,ac_power_clean,ac_power_kw,False,0.7-1,3,5.461724735863362,6.228773289000705,-546.1724735863362,9.783758958203514,0,,0.3808699315024149
F3,M3_clean,ac_power_clean,ac_power_clean,True,all,303,1.4993036172554624,4.010450777038508,-81.51734178783873,2.5577201163053958,28,2.1084574436831804,0.23839481431933895
F3,M3_clean,ac_power_clean,ac_power_clean,True,0-0.3,218,1.076355775734375,4.268288243422715,-37.25659481596871,1.8080270709985713,20,1.5250430868186977,0.4019365135556515
F3,M3_clean,ac_power_clean,ac_power_clean,True,0.3-0.7,82,2.4718761333562576,3.078310246588346,-181.49826211614803,4.391632920287879,8,3.6185141450770715,-0.1371565756234212
F3,M3_clean,ac_power_clean,ac_power_clean,True,0.7-1,3,5.649864661032734,6.448468645659682,-564.9864661032734,10.086785331607421,0,,0.3455859766670376
F4,B0,ac_power_kw,ac_power_kw,True,all,279,1.4980323066193475,2.567349182151483,13.381711337111978,2.510859831707245,26,2.205299941444379,0.0
F4,B0,ac_power_kw,ac_power_kw,True,0-0.3,232,1.0333536292891108,1.3007274526827388,-59.90354164897214,1.7218773594941819,22,1.6161480026777295,0.0
F4,B0,ac_power_kw,ac_power_kw,True,0.3-0.7,44,3.287743708016124,4.755728707680994,324.45214285714314,5.481123340220235,4,5.68913197195455,0.0
F4,B0,ac_power_kw,ac_power_kw,True,0.7-1,3,11.184082799671593,12.265162896143398,1118.4082799671594,40.22183269679779,0,,0.0
F4,B0,ac_power_kw,ac_power_clean,False,all,279,3.9270106183299736,4.779488369803746,-312.4055059974011,6.2412759953389365,26,5.903685644271762,0.0
F4,B0,ac_power_kw,ac_power_clean,False,0-0.3,232,4.028427232509098,4.800094181652014,-398.55500910378163,6.354015198756535,22,6.1175867428860755,0.0
F4,B0,ac_power_kw,ac_power_clean,False,0.3-0.7,44,2.9667233293733375,3.864777424030969,51.2073666102257,4.730448629637881,4,4.621241516344504,0.0
F4,B0,ac_power_kw,ac_power_clean,False,0.7-1,3,10.168339359841635,11.115200844391438,1016.8339359841635,35.28009810048336,0,,0.0
F4,B2b,ac_power_clean,ac_power_kw,False,all,279,3.5504496226145594,4.1033577481218515,275.7259537334026,5.9509272947798175,26,4.621457219108478,-1.3700754696185165
F4,B2b,ac_power_clean,ac_power_kw,False,0-0.3,232,3.2700396623396166,3.60701844824802,243.23686345283366,5.448867744437233,22,4.331645728158008,-2.1644923573638777
F4,B2b,ac_power_clean,ac_power_kw,False,0.3-0.7,44,5.018240225400717,6.058091894464722,442.1063726345085,8.366100301313702,4,6.335199445089786,-0.5263477542867239
F4,B2b,ac_power_clean,ac_power_kw,False,0.7-1,3,3.707891043013227,4.633175732343883,347.969458214516,13.334859537557458,0,,0.668467132313961
F4,B2b,ac_power_clean,ac_power_clean,True,all,279,1.7099827638529306,2.361590837435183,-50.06126360111047,2.7177095795623982,26,1.94673859312121,0.5645586605059578
F4,B2b,ac_power_clean,ac_power_clean,True,0-0.3,232,1.4327845549674223,1.8214201123060372,-95.41460400197582,2.2599228714716664,22,1.6881908589832033,0.6443315288396024
F4,B2b,ac_power_clean,ac_power_clean,True,0.3-0.7,44,3.0890761245014873,4.126370272871504,168.8615963875911,4.9255405029904855,4,3.4968616433634327,-0.04124172750345223
F4,B2b,ac_power_clean,ac_power_clean,True,0.7-1,3,2.919941628153455,3.519115992067266,246.39511423152035,10.131037472626543,0,,0.7128398723900446
F4,M1_kw,ac_power_kw,ac_power_kw,True,all,279,1.188703362932783,1.7737464920057937,74.49984536034705,1.9923919615183923,26,1.357489583116041,0.20649016868310133
F4,M1_kw,ac_power_kw,ac_power_kw,True,0-0.3,232,0.8679572124837154,1.0758138032188307,44.5603846226252,1.446277277037807,22,1.0418985466390849,0.16005790478442394
F4,M1_kw,ac_power_kw,ac_power_kw,True,0.3-0.7,44,2.613986957874551,3.4495297167259777,202.74485776212168,4.357877680947029,4,3.2236739900145124,0.20492982725473097
F4,M1_kw,ac_power_kw,ac_power_kw,True,0.7-1,3,5.088912938514763,5.344934236329467,508.89129385147635,18.301492262514437,0,,0.544986117353835
F4,M1_kw,ac_power_kw,ac_power_clean,False,all,279,3.0244091981959444,3.628526488772639,-251.287371974166,4.80675362594513,26,4.405325025963004,0.22984440528909889
F4,M1_kw,ac_power_kw,ac_power_clean,False,0-0.3,232,3.0395549612586685,3.65703526387061,-294.09108283218427,4.794272629634695,22,4.502260804669141,0.2454735345025737
F4,M1_kw,ac_power_kw,ac_power_clean,False,0.3-0.7,44,2.873043336104609,3.428415900450992,-70.49991848479573,4.581075618883909,4,3.8241465234070495,0.031576922708366095
F4,M1_kw,ac_power_kw,ac_power_clean,False,0.7-1,3,4.0731694986848055,4.220863984300848,407.3169498684806,14.13228005164991,0,,0.5994262824496996
F4,M1_clean,ac_power_clean,ac_power_kw,False,all,279,3.3988954888016045,3.9769766759608354,338.4065472537894,5.696906613624489,26,5.672049945329967,-1.2689066676218683
F4,M1_clean,ac_power_clean,ac_power_kw,False,0-0.3,232,3.202697824980187,3.636742850454578,318.8456765779041,5.3366560273547545,22,5.547315973249592,-2.0993241173241564
F4,M1_clean,ac_power_clean,ac_power_kw,False,0.3-0.7,44,4.273530317469622,5.282525897627911,425.458375376714,7.124565917686994,4,6.409639315121533,-0.29983681728291933
F4,M1_clean,ac_power_clean,ac_power_kw,False,0.7-1,3,5.743537337193637,6.232384547376289,574.3537337193637,20.655748173752563,0,,0.48645432619988394
F4,M1_clean,ac_power_clean,ac_power_clean,True,all,279,1.2288903140131142,1.8404927777367364,12.61932991927637,1.9530997909591357,26,1.4033801044140937,0.6870672291342772
F4,M1_clean,ac_power_clean,ac_power_clean,True,0-0.3,232,0.9373789700529893,1.1952942103521824,-19.805790876905395,1.478522480099928,22,1.0540697105508883,0.7673089481452182
F4,M1_clean,ac_power_clean,ac_power_clean,True,0.3-0.7,44,2.527388519665324,3.4900733653201654,152.21359912979668,4.029928049252489,4,3.4976707197304853,0.1480875568537814
F4,M1_clean,ac_power_clean,ac_power_clean,True,0.7-1,3,4.727793897363681,5.088435466018665,472.7793897363681,16.403566658740523,0,,0.5350475893796967
F4,M2_kw,ac_power_kw,ac_power_kw,True,all,279,1.3755349874779752,1.9679334558707422,116.45083676728933,2.305541430518685,26,2.0899277362048934,0.08177214777017427
F4,M2_kw,ac_power_kw,ac_power_kw,True,0-0.3,232,1.1615635471844876,1.5277938155051487,102.87781488583522,1.9355135713672937,22,1.9184946780569727,-0.12407167716977785
F4,M2_kw,ac_power_kw,ac_power_kw,True,0.3-0.7,44,2.3582137882131096,3.3587570543635135,172.02543674414167,3.931468442716175,4,3.1036628014146075,0.282725784718757
F4,M2_kw,ac_power_kw,ac_power_kw,True,0.7-1,3,3.510037292725726,3.768375144246826,351.00372927257257,12.623308971897167,0,,0.6861577873128055
F4,M2_kw,ac_power_kw,ac_power_clean,False,all,279,2.455933311956153,2.8869106925109382,-209.33638056722378,3.9032636057866688,26,3.6321952652117053,0.3746048710709676
F4,M2_kw,ac_power_kw,ac_power_clean,False,0-0.3,232,2.373132083296317,2.7914458990593456,-235.77365256897428,3.743127641536095,22,3.62361072471825,0.41090357444083303
F4,M2_kw,ac_power_kw,ac_power_clean,False,0.3-0.7,44,2.889906117098494,3.3600071699161775,-101.21933950277571,4.607963370247383,4,3.6836638813997693,0.02589294779000162
F4,M2_kw,ac_power_kw,ac_power_clean,False,0.7-1,3,2.4942938528957694,2.6286039113852655,249.4293852895769,8.654208785471324,0,,0.754699979551566
F4,M2_clean,ac_power_clean,ac_power_kw,False,all,279,3.5036617979518363,4.046866292858277,350.10264364938405,5.872505975667075,26,5.8680888324601685,-1.3388426153896842
F4,M2_clean,ac_power_clean,ac_power_kw,False,0-0.3,232,3.358044660063557,3.7718731977856774,335.8044660063557,5.595510489774506,22,5.784916841289641,-2.249656811457374
F4,M2_clean,ac_power_clean,ac_power_kw,False,0.3-0.7,44,4.197148375942788,5.207861917234382,418.0437788515949,6.99722666023414,4,6.359909749637803,-0.27660448888073863
F4,M2_clean,ac_power_clean,ac_power_kw,False,0.7-1,3,4.593583984111538,5.0062521113949385,459.35839841115376,16.520117903012075,0,,0.5892748590660986
F4,M2_clean,ac_power_clean,ac_power_clean,True,all,279,1.0821938402358855,1.710430295123157,24.31542631487097,1.7199521707023697,26,1.3673372018942167,0.7244229910699589
F4,M2_clean,ac_power_clean,ac_power_clean,True,0-0.3,232,0.7936036445148794,1.077096206271246,-2.8470014484538013,1.2517464826826143,22,1.042309307848368,0.802999136211135
F4,M2_clean,ac_power_clean,ac_power_clean,True,0.3-0.7,44,2.4336935060344405,3.3790490383559844,144.79900260467747,3.880531088489135,4,3.3160420792041188,0.17966954250886924
F4,M2_clean,ac_power_clean,ac_power_clean,True,0.7-1,3,3.577840544281582,3.859712328861007,357.7840544281582,12.413685354430074,0,,0.6481391486193175
F4,M3_kw,ac_power_kw,ac_power_kw,True,all,279,1.3743794434530001,1.9869226132269702,106.21923487673999,2.3036046170980002,26,1.854127336265722,0.08254352233924667
F4,M3_kw,ac_power_kw,ac_power_kw,True,0-0.3,232,1.1034614206432298,1.411766978181652,83.89955644874239,1.838697986272109,22,1.577232625522038,-0.06784491713872365
F4,M3_kw,ac_power_kw,ac_power_kw,True,0.3-0.7,44,2.6974411637579707,3.723175637439746,211.23475094594397,4.4970073809269495,4,3.491488768678448,0.1795463991973848
F4,M3_kw,ac_power_kw,ac_power_kw,True,0.7-1,3,2.92046797626897,3.115968433686056,292.046797626897,10.50301365269715,0,,0.7388728223332962
F4,M3_kw,ac_power_kw,ac_power_clean,False,all,279,2.5949712191484062,2.977971309379692,-219.56798245777316,4.124239314013862,26,3.9056592857518804,0.33919933726790874
F4,M3_kw,ac_power_kw,ac_power_clean,False,0-0.3,232,2.553024141173002,2.911125309801377,-254.75191100606713,4.026870353992169,22,3.94566788323449,0.36624791914564236
F4,M3_kw,ac_power_kw,ac_power_clean,False,0.3-0.7,44,2.86320899502163,3.3587366240729954,-62.01002530097341,4.565394734576711,4,3.6657877224893967,0.03489180582726359
F4,M3_kw,ac_power_kw,ac_power_clean,False,0.7-1,3,1.904724536439013,1.9808679082026353,190.4724536439013,6.608637469886002,0,,0.8126808646885406
F4,M3_clean,ac_power_clean,ac_power_kw,False,all,279,3.5254893099026425,4.055942230813656,351.00812381375664,5.909091183303265,26,5.8832656331412,-1.3534134039196495
F4,M3_clean,ac_power_clean,ac_power_kw,False,0-0.3,232,3.39038596926767,3.778636925783655,338.30932464306284,5.649400819780191,22,5.826537416486233,-2.2809542379021446
F4,M3_clean,ac_power_clean,ac_power_kw,False,0.3-0.7,44,4.166399699689808,5.231063826269787,410.7151055956569,6.945964365463364,4,6.218716584266008,-0.267251972692202
F4,M3_clean,ac_power_clean,ac_power_kw,False,0.7-1,3,4.573461935462138,4.939649981441552,457.3461935462137,16.44775205157929,0,,0.5910740274923186
F4,M3_clean,ac_power_clean,ac_power_clean,True,all,279,1.0510092286301607,1.6882365751262,25.22090647924355,1.670389847919156,26,1.3772673460775127,0.7323640471649349
F4,M3_clean,ac_power_clean,ac_power_clean,True,0-0.3,232,0.748497255555391,0.999894044919724,-0.34214281174672384,1.180600433748996,22,1.052169530695649,0.8141961583629771
F4,M3_clean,ac_power_clean,ac_power_clean,True,0.3-0.7,44,2.475160363910627,3.437775040118456,137.47032934873943,3.946650109118279,4,3.3263914367873,0.16569221693030045
F4,M3_clean,ac_power_clean,ac_power_clean,True,0.7-1,3,3.5577184956321815,3.796222036932818,355.77184956321815,12.343869839308969,0,,0.6501180409376511
F5,B0,ac_power_kw,ac_power_kw,True,all,365,1.601039983939537,2.2573300741020073,66.24245608565579,2.718626283474283,31,2.0760536058022154,0.0
F5,B0,ac_power_kw,ac_power_kw,True,0-0.3,246,1.47144977151668,1.899981724372994,30.687795019157036,2.4400809492671827,23,2.0980179514081776,0.0
F5,B0,ac_power_kw,ac_power_kw,True,0.3-0.7,118,1.8399476582894996,2.8282083644673417,136.44395110072088,3.306320345110978,8,2.009472619780014,0.0
F5,B0,ac_power_kw,ac_power_kw,True,0.7-1,1,5.2891266666666885,5.2891266666666885,528.9126666666689,5.617539246070461,0,,0.0
F5,B0,ac_power_kw,ac_power_clean,False,all,365,1.9852406431493381,2.5098981277688335,-148.726180924072,3.252296586033956,31,2.8782749643698384,0.0
F5,B0,ac_power_kw,ac_power_clean,False,0-0.3,246,2.1925320850638994,2.5917211599530785,-200.07231385000566,3.5018366140639046,23,2.9318813717734624,0.0
F5,B0,ac_power_kw,ac_power_clean,False,0.3-0.7,118,1.5505517294106763,2.332058796694618,-44.87924241964255,2.6983649969585786,8,2.7135971051561287,0.0
F5,B0,ac_power_kw,ac_power_clean,False,0.7-1,1,2.2848377533294113,2.2848377533294113,228.48377533294115,2.3516701274017784,0,,0.0
F5,B2b,ac_power_clean,ac_power_kw,False,all,365,2.205342582892609,3.0617143738030266,184.9782350285572,3.744754890608234,31,3.2607582091761556,-0.37744378967108516
F5,B2b,ac_power_clean,ac_power_kw,False,0-0.3,246,2.1372670497053363,2.861874800518585,189.72934386984926,3.5441947883189093,23,3.33239250163704,-0.45249065994442517
F5,B2b,ac_power_clean,ac_power_kw,False,0.3-0.7,118,2.318496041717556,3.4140365444686163,181.38659961018854,4.1662547291787675,8,3.043611661283839,-0.2600880417831761
F5,B2b,ac_power_clean,ac_power_kw,False,0.7-1,1,5.599815605617842,5.599815605617842,-559.9815605617841,5.947519490044844,0,,-0.058741066064684544
F5,B2b,ac_power_clean,ac_power_clean,True,all,365,0.9471495244371284,1.6812164329820247,-29.99040198117058,1.5516563069673344,31,1.1828581543158774,0.5229044258661796
F5,B2b,ac_power_clean,ac_power_clean,True,0-0.3,246,0.688840900838955,1.0129972623486223,-41.03076499931345,1.100192924999916,23,0.7031500282790064,0.6858240271458197
F5,B2b,ac_power_clean,ac_power_clean,True,0.3-0.7,118,1.42076788384927,2.444644006114566,0.06340608982506138,2.4725072075079293,8,2.6565123510683155,0.0837017192652667
F5,B2b,ac_power_clean,ac_power_clean,True,0.7-1,1,8.60410451895512,8.60410451895512,-860.4104518955119,8.855777851527915,0,,-2.765739823940419
F5,M1_kw,ac_power_kw,ac_power_kw,True,all,365,1.8618285984634266,2.419349376168308,-60.14668177681514,3.161455187803673,31,2.119730248544002,-0.16288700915650467
F5,M1_kw,ac_power_kw,ac_power_kw,True,0-0.3,246,1.675783329816729,2.066902100480119,-50.277664394691605,2.7789239275021846,23,1.7618495932193272,-0.13886546605626537
F5,M1_kw,ac_power_kw,ac_power_kw,True,0.3-0.7,118,2.1785710905081164,2.88240252213323,-72.54151139843742,3.914814580385339,8,3.2045814586488106,-0.1840397093325017
F5,M1_kw,ac_power_kw,ac_power_kw,True,0.7-1,1,10.253350624277754,10.253350624277754,-1025.3350624277755,10.890001916309012,0,,-0.9385715772126926
F5,M1_kw,ac_power_kw,ac_power_clean,False,all,365,3.311098703976052,3.9838704771407474,-275.1153187865429,5.424367593985786,31,4.686537704397483,-0.6678576047704747
F5,M1_kw,ac_power_kw,ac_power_clean,False,0-0.3,246,3.173557232056046,3.7168340964773923,-281.0377732638543,5.068696138016732,23,4.64945714912419,-0.44743935729613526
F5,M1_kw,ac_power_kw,ac_power_clean,False,0.3-0.7,118,3.5135449858292938,4.336265326360792,-253.86470491880084,6.114485976294711,8,4.800448461648647,-1.2659966250624217
F5,M1_kw,ac_power_kw,ac_power_clean,False,0.7-1,1,13.257639537615033,13.257639537615033,-1325.7639537615032,13.645430540982064,0,,-4.802442435265399
F5,M1_clean,ac_power_clean,ac_power_kw,False,all,365,1.8387187347826177,2.6827537968850406,148.14282376545668,3.122213767576577,31,2.829958819856865,-0.14845272649484098
F5,M1_clean,ac_power_clean,ac_power_kw,False,0-0.3,246,1.8547584239852148,2.614419126204007,176.02066855595862,3.0757153818402316,23,2.9531078404864415,-0.26049727274988377
F5,M1_clean,ac_power_clean,ac_power_kw,False,0.3-0.7,118,1.7847803597300889,2.803421540580259,94.88825893508535,3.2071866763949015,8,2.4566545854270494,0.02998308039408948
F5,M1_clean,ac_power_clean,ac_power_kw,False,0.7-1,1,4.257683447142026,4.257683447142026,-425.7683447142026,4.522051629506219,0,,0.19501200945423725
F5,M1_clean,ac_power_clean,ac_power_clean,True,all,365,1.1201046832489199,1.7588992588248147,-66.82581324427107,1.8349980139194,31,1.607297617969629,0.4357839251809732
F5,M1_clean,ac_power_clean,ac_power_clean,True,0-0.3,246,0.7764609077856081,1.0458485786605392,-54.739440313204064,1.2401365776107651,23,1.0107409619812366,0.6458610968226817
F5,M1_clean,ac_power_clean,ac_power_clean,True,0.3-0.7,118,1.7844648619501426,2.615791924105602,-86.43493458527804,3.105434943224302,8,3.4399082659500313,-0.1508579998349171
F5,M1_clean,ac_power_clean,ac_power_clean,True,0.7-1,1,7.261972360479303,7.261972360479303,-726.1972360479303,7.474387816496486,0,,-2.1783317436423353
F5,M2_kw,ac_power_kw,ac_power_kw,True,all,365,1.6542425292554908,2.1697412079479164,-35.9167084083326,2.808966212204724,31,2.6731918372310672,-0.03322999166144669
F5,M2_kw,ac_power_kw,ac_power_kw,True,0-0.3,246,1.4891098077243548,1.8228206049025995,-3.62945400568094,2.469366296784889,23,2.315115594950585,-0.012001793434968322
F5,M2_kw,ac_power_kw,ac_power_kw,True,0.3-0.7,118,1.9400263717156256,2.6486050001055292,-96.28231374645749,3.4861582251846666,8,3.758635934217389,-0.05439215239370654
F5,M2_kw,ac_power_kw,ac_power_kw,True,0.7-1,1,8.554398615619084,8.554398615619084,-855.4398615619084,9.085558538921514,0,,-0.6173555966301396
F5,M2_kw,ac_power_kw,ac_power_clean,False,all,365,2.6682253647239595,3.251509153324322,-250.8853454180604,4.37118808463169,31,4.291981545560344,-0.3440312004146515
F5,M2_kw,ac_power_kw,ac_power_clean,False,0-0.3,246,2.3908068765862476,2.767006794501273,-234.38956287484365,3.8185142715215883,23,3.8968568737330185,-0.09043187685737775
F5,M2_kw,ac_power_kw,ac_power_clean,False,0.3-0.7,118,3.1712294826701033,3.9507928794153298,-277.6055072668209,5.518767591592967,8,5.505796987231669,-1.0452264974580396
F5,M2_kw,ac_power_kw,ac_power_clean,False,0.7-1,1,11.558687528956362,11.558687528956362,-1155.8687528956361,11.896783539316463,0,,-4.0588657825324
F5,M2_clean,ac_power_clean,ac_power_kw,False,all,365,2.0266418546818548,2.888439829195914,163.11621803662206,3.4413143135688427,31,3.0563258950757635,-0.2658283834330464
F5,M2_clean,ac_power_clean,ac_power_kw,False,0-0.3,246,2.1195850128346576,2.9222619227441817,197.3015008664221,3.514872957463677,23,3.3064288110830256,-0.44047391481798215
F5,M2_clean,ac_power_clean,ac_power_kw,False,0.3-0.7,118,1.8131546844044795,2.800608871222034,96.92085995262273,3.2581743262484504,8,2.298183628808056,0.01456181308436133
F5,M2_clean,ac_power_clean,ac_power_kw,False,0.7-1,1,4.3541110418226525,4.3541110418226525,-435.41110418226526,4.6244666087005015,0,,0.17678072085827
F5,M2_clean,ac_power_clean,ac_power_clean,True,all,365,1.046115950808641,1.7101807720076176,-51.85241897310572,1.7137868636485873,31,1.4607584379175453,0.4730533276061144
F5,M2_clean,ac_power_clean,ac_power_clean,True,0-0.3,246,0.6847272112449307,0.9798733995193408,-33.45860800274063,1.093622681883575,23,0.8121553492891863,0.6877002549201121
F5,M2_clean,ac_power_clean,ac_power_clean,True,0.3-0.7,118,1.7460256620656025,2.5663711065475634,-84.40233356774065,3.0385406955109673,8,3.45325473244625,-0.1260673403842003
F5,M2_clean,ac_power_clean,ac_power_clean,True,0.7-1,1,7.358399955159929,7.358399955159929,-735.839995515993,7.573635955029384,0,,-2.2205350005432307
F5,M3_kw,ac_power_kw,ac_power_kw,True,all,365,1.4995020491373139,2.117704921853897,-14.920857438591144,2.546211040199855,31,2.376052784966457,0.06341998689650319
F5,M3_kw,ac_power_kw,ac_power_kw,True,0-0.3,246,1.3168441550526218,1.7667964584877707,18.37975021328481,2.1837009989037997,23,2.037554026311786,0.10507026434527922
F5,M3_kw,ac_power_kw,ac_power_kw,True,0.3-0.7,118,1.8126500397783591,2.569531115251486,-76.43511362475432,3.2572674978466343,8,3.40215124120279,0.014836084270200112
F5,M3_kw,ac_power_kw,ac_power_kw,True,0.7-1,1,9.481881098328213,9.481881098328213,-948.1881098328213,10.070630286115074,0,,-0.7927120479237606
F5,M3_kw,ac_power_kw,ac_power_clean,False,all,365,2.473230691343482,3.0172485553672717,-229.8894944483189,4.051740408241142,31,3.99577922598531,-0.24580901558614499
F5,M3_kw,ac_power_kw,ac_power_clean,False,0-0.3,246,2.170175329471458,2.4343696779886885,-212.3803586558779,3.466129175236159,23,3.627281905322594,0.010196774653717267
F5,M3_kw,ac_power_kw,ac_power_clean,False,0.3-0.7,118,3.0201686549044653,3.805820895719229,-257.7583071451177,5.255882295783255,8,5.127795953683816,-0.9478025773782803
F5,M3_kw,ac_power_kw,ac_power_clean,False,0.7-1,1,12.48617001166549,12.48617001166549,-1248.617001166549,12.851395237717016,0,,-4.464795035652286
F5,M3_clean,ac_power_clean,ac_power_kw,False,all,365,1.9863822905641197,2.7945429093394494,172.68388607102133,3.372952055118322,31,3.1631801220881997,-0.24068250043100425
F5,M3_clean,ac_power_clean,ac_power_kw,False,0-0.3,246,2.0272108665009454,2.750048008596737,197.1380173964994,3.36169043024674,23,3.3870310067101945,-0.3776962732553357
F5,M3_clean,ac_power_clean,ac_power_kw,False,0.3-0.7,118,1.865132918321617,2.838826429234867,128.46325415132173,3.351577359497198,8,2.484616194555178,-0.013688030699487763
F5,M3_clean,ac_power_clean,ac_power_kw,False,0.7-1,1,6.249978534720358,6.249978534720358,-624.9978534720358,6.638052351280945,0,,-0.18166550521642488
F5,M3_clean,ac_power_clean,ac_power_clean,True,all,365,0.9828846745035393,1.6393218390977042,-42.28475093870644,1.610198986396881,31,1.243407970981044,0.5049040135787697
F5,M3_clean,ac_power_clean,ac_power_clean,True,0-0.3,246,0.6699136255351417,0.9221349965754513,-33.62209147266329,1.0699629337879837,23,0.6496008535210402,0.6944566375567464
F5,M3_clean,ac_power_clean,ac_power_clean,True,0.3-0.7,118,1.5652532785092312,2.4112534567587027,-52.859939369041676,2.7239495322798777,8,3.0675720891413927,-0.009481495405601503
F5,M3_clean,ac_power_clean,ac_power_clean,True,0.7-1,1,9.254267448057636,9.254267448057636,-925.4267448057635,9.524958293809407,0,,-3.050295227559391
F6,B0,ac_power_kw,ac_power_kw,True,all,375,1.7206913542930127,2.7910260565492866,-38.49183517217073,3.3011089247274255,30,2.533015096769412,0.0
F6,B0,ac_power_kw,ac_power_kw,True,0-0.3,220,1.4603367820901965,2.6890823359997285,-104.9695316431974,2.8393349299451676,18,1.733307210665473,0.0
F6,B0,ac_power_kw,ac_power_kw,True,0.3-0.7,147,2.0473067213143246,2.8826331709696467,43.373699676184856,3.7872320536145194,12,3.671258590623624,0.0
F6,B0,ac_power_kw,ac_power_kw,True,0.7-1,8,2.878884720853858,3.6881821777888937,285.3656149425287,8.078815015310047,0,,0.0
F6,B0,ac_power_kw,ac_power_clean,False,all,375,3.473288009154516,4.592791442814865,-315.81241823771626,6.326819480225495,30,5.900232386002713,0.0
F6,B0,ac_power_kw,ac_power_clean,False,0-0.3,220,3.9102371084471748,5.074856732598722,-385.6786975986917,7.20921293924334,18,6.641733968136118,0.0
F6,B0,ac_power_kw,ac_power_clean,False,0.3-0.7,147,2.935697658853858,3.8857134790137113,-235.24715950425167,5.164450630655447,12,4.836643866379522,0.0
F6,B0,ac_power_kw,ac_power_clean,False,0.7-1,8,1.3354104653809955,1.7576012457898686,125.12363496169309,3.586206887684869,0,,0.0
F6,B2b,ac_power_clean,ac_power_kw,False,all,375,3.417333438850717,4.33710919614131,316.44479837874314,6.556079848727217,30,6.154544289009142,-0.9860234842958284
F6,B2b,ac_power_clean,ac_power_kw,False,0-0.3,220,3.3597221814209246,4.170570714629661,302.7575408281714,6.532312725127823,18,6.514238044069379,-1.300648879508545
F6,B2b,ac_power_clean,ac_power_kw,False,0.3-0.7,147,3.623530097043544,4.673054031907803,350.99780349176825,6.703025583753415,12,5.642583504838391,-0.7699009431851618
F6,B2b,ac_power_clean,ac_power_kw,False,0.7-1,8,1.2127794238767797,1.4678024622777481,57.932912067628806,3.403338990582724,0,,0.5787328978156939
F6,B2b,ac_power_clean,ac_power_clean,True,all,375,1.1320396185605988,2.2495153803325394,39.12421531319757,2.0620836199643846,30,1.4913737873433026,0.6740726321638484
F6,B2b,ac_power_clean,ac_power_clean,True,0-0.3,220,0.8274108140098216,2.2017636392287083,22.048374872677165,1.5254780160373116,18,0.824019744460213,0.7883988128949037
F6,B2b,ac_power_clean,ac_power_clean,True,0.3-0.7,147,1.5829570323753932,2.3354594580893178,72.37694431133174,2.7847225409932927,12,2.4486072115693283,0.46079017108546383
F6,B2b,ac_power_clean,ac_power_clean,True,0.7-1,8,1.223724264860124,1.9143989232925815,-102.30906791320679,3.286276767358135,0,,0.08363436068250907
F6,M1_kw,ac_power_kw,ac_power_kw,True,all,375,1.2101262061798643,2.173749094780588,37.34854899876944,2.321600796854258,30,1.6183745117788813,0.29672093536084876
F6,M1_kw,ac_power_kw,ac_power_kw,True,0-0.3,220,0.9494179092001874,2.1741235037493256,32.16159029655276,1.845954622090114,18,1.033149321382229,0.34986372948760835
F6,M1_kw,ac_power_kw,ac_power_kw,True,0.3-0.7,147,1.6260892142405161,2.218214201630615,48.66776054715781,3.008038380421567,12,2.4513396193931944,0.2057422577128044
F6,M1_kw,ac_power_kw,ac_power_kw,True,0.7-1,8,0.7362841000065027,1.0449788652597087,-28.00059889190782,2.0661831297303044,0,,0.7442467582418077
F6,M1_kw,ac_power_kw,ac_power_clean,False,all,375,2.7373308805495524,3.7647580287272358,-239.97203406677613,4.986225816355348,30,4.452069331452009,0.2118906139269786
F6,M1_kw,ac_power_kw,ac_power_clean,False,0-0.3,220,2.703979523993772,3.8254242700818315,-248.54757565894153,4.985263970236881,18,4.491824520344042,0.3084870689420748
F6,M1_kw,ac_power_kw,ac_power_clean,False,0.3-0.7,147,2.821033308874918,3.7197129333899412,-229.95309863327873,4.962734226796057,12,4.395045633162162,0.0390586372657008
F6,M1_kw,ac_power_kw,ac_power_clean,False,0.7-1,8,2.116461065354907,2.7758712893927147,-188.24257887274342,5.6836960970851464,0,,-0.5848768002211784
F6,M1_clean,ac_power_clean,ac_power_kw,False,all,375,2.7661765085131655,3.776263769292068,254.30530677870414,5.306849445626486,30,5.003386784087888,-0.6075959826332222
F6,M1_clean,ac_power_clean,ac_power_kw,False,0-0.3,220,2.8604784921628723,3.7896561719757336,256.45635652519667,5.561632493793673,18,5.341026346082332,-0.9587800069437662
F6,M1_clean,ac_power_clean,ac_power_kw,False,0.3-0.7,147,2.702021768129883,3.8245000874787407,260.5018184052203,4.998363627339727,12,4.522816264044256,-0.3197933362887835
F6,M1_clean,ac_power_clean,ac_power_kw,False,0.7-1,8,1.3517153126890713,2.1764256023204003,81.29053761292336,3.7932251630201117,0,,0.5304725809624772
F6,M1_clean,ac_power_clean,ac_power_clean,True,all,375,1.2572324750583554,2.3081090914792926,-23.015276286841488,2.290130531475156,30,1.8143749902636883,0.6380281532240695
F6,M1_clean,ac_power_clean,ac_power_clean,True,0-0.3,220,0.9261259764339278,2.2490272146600274,-24.252809430297642,1.7074768581816917,18,1.1019990788389933,0.7631534992000244
F6,M1_clean,ac_power_clean,ac_power_clean,True,0.3-0.7,147,1.7491405616142004,2.4240734126826466,-18.119040775216178,3.077070981505719,12,2.836186486427288,0.404182322270512
F6,M1_clean,ac_power_clean,ac_power_clean,True,0.7-1,8,1.323850096766462,1.627279183583213,-78.95144236791225,3.5551618460108934,0,,0.008656790488185462
F6,M2_kw,ac_power_kw,ac_power_kw,True,all,375,1.3508433151445778,2.348681828999173,65.76641599198693,2.5915635087062725,30,2.202567530976307,0.2149415339512738
F6,M2_kw,ac_power_kw,ac_power_kw,True,0-0.3,220,1.1324134112416366,2.290264931398393,61.66792575012628,2.201753042934825,18,1.7360922618384467,0.22455325022985406
F6,M2_kw,ac_power_kw,ac_power_kw,True,0.3-0.7,147,1.6841556285420727,2.453929253125325,81.46477200247845,3.115453152810991,12,2.8665130157793084,0.17737991527674812
F6,M2_kw,ac_power_kw,ac_power_kw,True,0.7-1,8,1.2330519137964875,1.9185249646363765,-109.98239404962742,3.460228276483856,0,,0.571691111886282
F6,M2_kw,ac_power_kw,ac_power_clean,False,all,375,2.327706803174334,3.269815117823176,-211.55416707355866,4.240068980102143,30,4.046346848337564,0.3298261482954431
F6,M2_kw,ac_power_kw,ac_power_clean,False,0-0.3,220,2.2202709837966417,3.3387527199257194,-219.04124020536798,4.093461818577472,18,3.722559723754318,0.43219019148474325
F6,M2_kw,ac_power_kw,ac_power_clean,False,0.3-0.7,147,2.4681121417188923,3.137707425701151,-197.15608717795806,4.341878758661037,12,4.510777777153284,0.15927577409913474
F6,M2_kw,ac_power_kw,ac_power_clean,False,0.7-1,8,2.70224374030463,3.703700684682575,-270.224374030463,7.25679883819016,0,,-1.0235304502677192
F6,M2_clean,ac_power_clean,ac_power_kw,False,all,375,3.0872574681384473,4.022799837690693,281.77274137054496,5.92283628064755,30,5.562540425499369,-0.7941959552687594
F6,M2_clean,ac_power_clean,ac_power_kw,False,0-0.3,220,3.1538260559027376,4.019384844584731,281.61906679597655,6.131988588741005,18,6.069126918640747,-1.159656659054106
F6,M2_clean,ac_power_clean,ac_power_kw,False,0.3-0.7,147,3.0755991946725327,4.11383919895661,293.9487599734246,5.689429792257537,12,4.841503669563651,-0.5022659588095659
F6,M2_clean,ac_power_clean,ac_power_kw,False,0.7-1,8,1.470842079556629,1.8239561938746156,62.2644503432639,4.127522367046233,0,,0.48909309605131146
F6,M2_clean,ac_power_clean,ac_power_clean,True,all,375,1.0720738040202649,2.1648631349189476,4.452158304999403,1.9528519977719807,30,1.4336851356634919,0.6913374873622318
F6,M2_clean,ac_power_clean,ac_power_clean,True,0-0.3,220,0.7322086985636007,2.161986245375856,0.9099008404822743,1.3499560966540676,18,0.575613243246719,0.8127457035835932
F6,M2_clean,ac_power_clean,ac_power_clean,True,0.3-0.7,147,1.5735676351434416,2.170727536120385,15.327900792988103,2.7682048051461483,12,2.6644787519900297,0.46398852402335367
F6,M2_clean,ac_power_clean,ac_power_clean,True,0.7-1,8,1.2034150571901594,2.1358259673928224,-97.97752963757169,3.231736966811739,0,,0.09884257433401011
F6,M3_kw,ac_power_kw,ac_power_kw,True,all,375,1.2027133194843933,2.1927614266044757,49.44717708506739,2.3073793350172123,30,1.9521612957245478,0.3010290215710667
F6,M3_kw,ac_power_kw,ac_power_kw,True,0-0.3,220,0.9576831268836246,2.164022494066056,50.949954828930906,1.862024696856425,18,1.3497842465386345,0.3442039270469638
F6,M3_kw,ac_power_kw,ac_power_kw,True,0.3-0.7,147,1.5748266709482661,2.2512636133463095,53.00566636169992,2.9132098209854043,12,2.8095390570260657,0.23078127251139824
F6,M3_kw,ac_power_kw,ac_power_kw,True,0.7-1,8,1.1034607828568614,1.8639289734389786,-57.26645132930234,3.0965656515436173,0,,0.6167054641459967
F6,M3_kw,ac_power_kw,ac_power_clean,False,all,375,2.4520947436238716,3.4402236924377982,-227.87340598047817,4.466649684802422,30,4.2368154793111055,0.2940134140442986
F6,M3_kw,ac_power_kw,ac_power_clean,False,0-0.3,220,2.3318485729669702,3.4403449199333185,-229.75921112656334,4.299174816860521,18,4.087019107906873,0.4036554540568541
F6,M3_kw,ac_power_kw,ac_power_clean,False,0.3-0.7,147,2.6406032295130224,3.4422905920013713,-225.61519281873657,4.645323394539729,12,4.451679081420165,0.1005193530235825
F6,M3_kw,ac_power_kw,ac_power_clean,False,0.7-1,8,2.2950210084755085,3.3986479639269462,-217.50843131013795,6.163213754377899,0,,-0.7185884549891812
F6,M3_clean,ac_power_clean,ac_power_kw,False,all,375,3.1589404284469462,4.057713733815291,296.0395084971119,6.060358480334835,30,5.813707280558056,-0.835855349982201
F6,M3_clean,ac_power_clean,ac_power_kw,False,0-0.3,220,3.217108295242045,4.039212407045878,293.2797682311326,6.25502833875269,18,6.200140842744305,-1.2029906626315072
F6,M3_clean,ac_power_clean,ac_power_kw,False,0.3-0.7,147,3.156594646165658,4.161308658871814,310.509596669965,5.83926008729746,12,5.263687084923474,-0.5418279114226694
F6,M3_clean,ac_power_clean,ac_power_kw,False,0.7-1,8,1.6024278410004005,2.2224472566603475,106.04449563536916,4.496782385570924,0,,0.4433858954501203
F6,M3_clean,ac_power_clean,ac_power_clean,True,all,375,1.0512348831991432,2.1395658369671535,18.718925431566372,1.9148925513193833,30,1.4049771582689567,0.6973372549502339
F6,M3_clean,ac_power_clean,ac_power_clean,True,0-0.3,220,0.722055978081148,2.1563629624314924,12.570602275638334,1.331237762742167,18,0.5985097082299358,0.815342149835029
F6,M3_clean,ac_power_clean,ac_power_clean,True,0.3-0.7,147,1.5395296591137508,2.1244679305223357,31.888737489528477,2.7083255303704887,12,2.561750848277039,0.4755830340802849
F6,M3_clean,ac_power_clean,ac_power_clean,True,0.7-1,8,1.1312382665130991,1.9432724701339223,-54.19748434546644,3.0379082448066166,0,,0.15289096810368763
F7,B0,ac_power_kw,ac_power_kw,True,all,379,2.502905847711457,4.6137030039500395,102.18262012977785,5.076250633200075,31,4.476202143916047,0.0
F7,B0,ac_power_kw,ac_power_kw,True,0-0.3,142,1.490982532615046,2.1217500666003857,-120.42204742433113,2.7509807489685074,11,2.3746860093778706,0.0
F7,B0,ac_power_kw,ac_power_kw,True,0.3-0.7,214,2.4915175736824726,4.63093802698422,168.05489379387555,5.426464859857837,19,5.262145443247615,0.0
F7,B0,ac_power_kw,ac_power_kw,True,0.7-1,23,8.856392864489411,11.10987861394948,863.6259344152805,17.480789807071442,1,14.912799767332862,0.0
F7,B0,ac_power_kw,ac_power_clean,False,all,379,3.168452925606773,4.976943633119862,-12.152937217713395,6.28043881940213,31,5.761773765595982,0.0
F7,B0,ac_power_kw,ac_power_clean,False,0-0.3,142,3.2437609926798876,3.9941530581286098,-321.7198959866444,5.770667088125564,11,5.805717509780132,0.0
F7,B0,ac_power_kw,ac_power_clean,False,0.3-0.7,214,2.5543002240539803,4.577268996282498,104.56454776335308,5.487324981921594,19,5.3368883912917155,0.0
F7,B0,ac_power_kw,ac_power_clean,False,0.7-1,23,8.417797821603093,10.711345757435398,813.1064697057632,16.45104632860112,1,14.475259059409439,0.0
F7,B2b,ac_power_clean,ac_power_kw,False,all,379,3.5466133348487623,4.879542384124423,333.8754392572921,7.193038524882362,31,6.782393735521278,-0.41699830143096417
F7,B2b,ac_power_clean,ac_power_kw,False,0-0.3,142,2.9401216564645964,3.608263851715898,289.64788202040955,5.424757097840384,11,6.220796697483037,-0.9719356814381277
F7,B2b,ac_power_clean,ac_power_kw,False,0.3-0.7,214,3.812792432674388,5.3828411913060865,376.93541404805444,8.30416946377768,19,7.358755488542195,-0.5303092673109528
F7,B2b,ac_power_clean,ac_power_kw,False,0.7-1,23,4.814417308582128,6.509326794657651,206.28754892747367,9.50271948213792,1,1.6203365454568475,0.45639072450297313
F7,B2b,ac_power_clean,ac_power_clean,True,all,379,2.545332714554238,4.14535559149085,219.53988190980084,5.045303422243297,31,4.462847610603383,0.19666386898685084
F7,B2b,ac_power_clean,ac_power_clean,True,0-0.3,142,1.0938454311152168,1.4051520262697343,88.35003345809639,1.9459565125413745,11,2.0413869520526258,0.6627848249042794
F7,B2b,ac_power_clean,ac_power_clean,True,0.3-0.7,214,3.260501820598737,4.963587681097625,313.4450680175319,7.004436254316433,19,6.10962562215293,-0.27647556457710776
F7,B2b,ac_power_clean,ac_power_clean,True,0.7-1,23,4.852506869111548,6.460556489827165,155.76808421795636,9.483337210682325,1,1.2334080737675215,0.42354200327094194
F7,M1_kw,ac_power_kw,ac_power_kw,True,all,379,2.1858632681290646,3.4185501829226967,99.17671571879585,4.433242987975204,31,3.8069491258178094,0.12666979857523675
F7,M1_kw,ac_power_kw,ac_power_kw,True,0-0.3,142,1.9614054251858408,2.653886309415753,137.5764310804328,3.6189482086989453,11,3.917968761271071,-0.3155120078742413
F7,M1_kw,ac_power_kw,ac_power_kw,True,0.3-0.7,214,2.096967579935396,3.5106384979734315,79.10789319238052,4.5671445407315225,19,3.865767046369052,0.15835729914757546
F7,M1_kw,ac_power_kw,ac_power_kw,True,0.7-1,23,4.398762875580502,5.866616229805324,48.82751742751028,8.682298811233345,1,1.0778018246998624,0.5033234249106338
F7,M1_kw,ac_power_kw,ac_power_clean,False,all,379,1.9367768437339568,3.1875353802841557,-15.158841628695416,3.839037145100223,31,3.06822702621057,0.38873106553632786
F7,M1_kw,ac_power_kw,ac_power_clean,False,0-0.3,142,1.1609365819926223,1.6718496503311242,-63.7214174818804,2.0653120067181665,11,1.9112058990072793,0.6421016885607546
F7,M1_kw,ac_power_kw,ac_power_clean,False,0.3-0.7,214,2.170478272285876,3.502967240780658,15.617547161858031,4.662772032071282,19,3.858315485982602,0.15026501119705216
F7,M1_kw,ac_power_kw,ac_power_clean,False,0.7-1,23,4.552307776653905,5.99976939262227,-1.6919472820070298,8.896652987268157,1,1.4544568945145147,0.4592044293376769
F7,M1_clean,ac_power_clean,ac_power_kw,False,all,379,2.681173048287404,4.122527425720793,226.4747513644391,5.437801983855107,31,4.9493599917037265,-0.07122409368252747
F7,M1_clean,ac_power_clean,ac_power_kw,False,0-0.3,142,2.7083739725151603,3.5772517812347733,263.5493190377738,4.997164283560553,11,5.272829190373098,-0.8165028182891731
F7,M1_clean,ac_power_clean,ac_power_kw,False,0.3-0.7,214,2.4882912170214104,4.226812826661431,210.23399511505892,5.419437933284429,19,4.927468381807738,0.0012949363452787743
F7,M1_clean,ac_power_clean,ac_power_kw,False,0.7-1,23,4.307876554834416,5.9004229001191595,148.689239527649,8.502906964732192,1,1.1923973210705914,0.5135856526749987
F7,M1_clean,ac_power_clean,ac_power_clean,True,all,379,1.875562656163705,3.392729049327704,112.13919401694785,3.7176997072587734,31,3.144518399807877,0.4080509636088324
F7,M1_clean,ac_power_clean,ac_power_clean,True,0-0.3,142,0.9635392162033795,1.2476934208056711,62.25147047546062,1.714141102137565,11,1.6831669511941494,0.702956161573626
F7,M1_clean,ac_power_clean,ac_power_clean,True,0.3-0.7,214,2.2161442317115063,3.948199918653327,146.7436490845365,4.760874814829516,19,4.156077528895788,0.1323869407198266
F7,M1_clean,ac_power_clean,ac_power_clean,True,0.7-1,23,4.33742662603922,5.918181075766725,98.16977481813167,8.476707077563226,1,0.80709826604821,0.4847314323815398
F7,M2_kw,ac_power_kw,ac_power_kw,True,all,379,2.0885122903552094,3.338850582772011,79.11884338087725,4.235801297142512,31,3.785982482916597,0.16556498029486422
F7,M2_kw,ac_power_kw,ac_power_kw,True,0-0.3,142,1.6391486467996286,2.1084387371012085,78.39922584103329,3.0243589535114936,11,3.1472636004390524,-0.099374815561865
F7,M2_kw,ac_power_kw,ac_power_kw,True,0.3-0.7,214,2.0893733462821356,3.5432402976212463,94.2426208994552,4.550604483983675,19,4.197208209040882,0.16140533450300587
F7,M2_kw,ac_power_kw,ac_power_kw,True,0.7-1,23,4.8548327867260905,6.280147590873937,-57.155186980767844,9.582491742605232,1,3.2171653620089735,0.45182730023280404
F7,M2_kw,ac_power_kw,ac_power_clean,False,all,379,2.07464171021533,3.3169156933550425,-35.216713966614,4.112309899851817,31,3.657683837962918,0.34521933608402067
F7,M2_kw,ac_power_kw,ac_power_clean,False,0-0.3,142,1.413067723349155,1.879112635115673,-122.89862272127998,2.5138545727706783,11,2.399784395047907,0.5643736617654664
F7,M2_kw,ac_power_kw,ac_power_clean,False,0.3-0.7,214,2.18241851259154,3.54786398224617,30.75227486893269,4.688422884818507,19,4.439872555164178,0.14559044702749135
F7,M2_kw,ac_power_kw,ac_power_clean,False,0.7-1,23,5.1563491200626315,6.509624051481344,-107.67465169028517,10.077141321082166,1,3.5856746148344385,0.3874467848551093
F7,M2_clean,ac_power_clean,ac_power_kw,False,all,379,2.761143691733082,4.119959243274367,231.964415008088,5.5999938736538075,31,5.187865660650479,-0.10317521302598975
F7,M2_clean,ac_power_clean,ac_power_kw,False,0-0.3,142,2.577768048482241,3.3852118995903386,251.38759985763056,4.756186019324531,11,5.352976206689692,-0.7289055988879181
F7,M2_clean,ac_power_clean,ac_power_kw,False,0.3-0.7,214,2.668322656166067,4.27317532980737,237.6387933675285,5.811542042244898,19,5.266043692396934,-0.07096280770850671
F7,M2_clean,ac_power_clean,ac_power_kw,False,0.7-1,23,4.756928167948761,6.249357503089862,59.25097076655382,9.389247146506726,1,1.3308155084604065,0.4628819835870044
F7,M2_clean,ac_power_clean,ac_power_clean,True,all,379,1.8937719977836678,3.430334221808141,117.62885766059678,3.7537938701423412,31,3.1757487230857895,0.40230388702366404
F7,M2_clean,ac_power_clean,ac_power_clean,True,0-0.3,142,0.8051149864894567,1.1109537487399355,50.08975129531735,1.4323036022616924,11,1.285003937308593,0.7517958356653468
F7,M2_clean,ac_power_clean,ac_power_clean,True,0.3-0.7,214,2.297998858618054,3.9614584219479765,174.14844733700602,4.9367206041695395,19,4.413569113947286,0.1003411278839984
F7,M2_clean,ac_power_clean,ac_power_clean,True,0.7-1,23,4.853978405836679,6.3457360031364365,8.73150605703651,9.486213060085271,1,1.7065072061656763,0.4233671907182629
F7,M3_kw,ac_power_kw,ac_power_kw,True,all,379,2.2517908001342954,3.504767535114412,102.07412324798484,4.566953441523775,31,3.875450332952595,0.10032940224530218
F7,M3_kw,ac_power_kw,ac_power_kw,True,0-0.3,142,2.058763729791124,2.822982608456188,134.6292461915695,3.798581984321786,11,4.00214761208293,-0.38081009318079784
F7,M3_kw,ac_power_kw,ac_power_kw,True,0.3-0.7,214,2.1835142664534652,3.6417137013380474,77.50916192271733,4.755641125338511,19,3.90377067048563,0.12362076450208503
F7,M3_kw,ac_power_kw,ac_power_kw,True,0.7-1,23,4.078791765196375,5.460097436438146,129.64256957921168,8.050738331640435,1,1.6031231030750466,0.5394522547039781
F7,M3_kw,ac_power_kw,ac_power_clean,False,all,379,2.0325874445164778,3.2560164425441176,-12.261434099506422,4.0289508444964515,31,3.29153581399281,0.35849214356649206
F7,M3_kw,ac_power_kw,ac_power_clean,False,0-0.3,142,1.2500775960010224,1.7749495382016491,-66.66860237074367,2.2238943180848962,11,2.1320444489599613,0.61462092958697
F7,M3_kw,ac_power_kw,ac_power_clean,False,0.3-0.7,214,2.320709517236457,3.665107487915537,14.018815892194866,4.985509216885889,19,4.104216530769824,0.09144998094499113
F7,M3_kw,ac_power_kw,ac_power_clean,False,0.7-1,23,4.182947223956428,5.500966920361642,79.12310486969436,8.174805338612382,1,1.2162601730989222,0.5030829544015083
F7,M3_clean,ac_power_clean,ac_power_kw,False,all,379,2.522524100910213,4.054805739142749,215.39083010025405,5.116039253420656,31,4.665731123546459,-0.007838190644164245
F7,M3_clean,ac_power_clean,ac_power_kw,False,0-0.3,142,2.434282951489459,3.3220260179956567,234.37899738614877,4.491444661893124,11,4.887733451324765,-0.6326703353257603
F7,M3_clean,ac_power_clean,ac_power_kw,False,0.3-0.7,214,2.4010918779058916,4.262667475397206,197.4728235048133,5.229519887146058,19,4.5190067718395905,0.03629342081779152
F7,M3_clean,ac_power_clean,ac_power_kw,False,0.7-1,23,4.197164924417694,5.807664499842643,264.8749021362222,8.284383828944847,1,4.945759122467675,0.5260864114049587
F7,M3_clean,ac_power_clean,ac_power_clean,True,all,379,1.7795753488184907,3.4096367166496266,101.05527275276278,3.52743574393815,31,2.99933739653392,0.43834565619191135
F7,M3_clean,ac_power_clean,ac_power_clean,True,0-0.3,142,0.7890417239296253,1.1422180443843495,33.081148823835534,1.4037091874875665,11,1.4313128611644799,0.7567509672536801
F7,M3_clean,ac_power_clean,ac_power_clean,True,0.3-0.7,214,2.1848894323838617,4.033315202506911,133.98247747429085,4.693731086171288,19,3.8996759529509606,0.1446230901878165
F7,M3_clean,ac_power_clean,ac_power_clean,True,0.7-1,23,4.123860603219772,5.670579235639545,214.35543742670484,8.059331344613069,1,4.546168808481966,0.5101022036147667
F8,B0,ac_power_kw,ac_power_kw,True,all,347,8.428284355850268,11.441177454019037,-648.0362129744695,18.48660111027357,28,16.73111815504195,0.0
F8,B0,ac_power_kw,ac_power_kw,True,0-0.3,28,13.956592691270142,16.638051885667657,-1394.4642444964725,27.057784450325475,1,26.464115959159063,0.0
F8,B0,ac_power_kw,ac_power_kw,True,0.3-0.7,217,9.381845101775971,12.25204387807277,-872.8430619608157,19.543522034054416,20,18.176494143117313,0.0
F8,B0,ac_power_kw,ac_power_kw,True,0.7-1,102,4.882055774893069,7.068963268649139,35.131150875071604,12.578591975301748,7,9.838383247530096,0.0
F8,B0,ac_power_kw,ac_power_clean,False,all,347,8.640841184133148,11.743750491049402,-673.6880703219626,18.846782287102812,28,17.12293720110253,0.0
F8,B0,ac_power_kw,ac_power_clean,False,0-0.3,28,14.482010191507289,17.23926318999918,-1447.0087952032943,27.793290092389974,1,27.254391578244597,0.0
F8,B0,ac_power_kw,ac_power_clean,False,0.3-0.7,217,9.630818876950158,12.595103410937252,-899.5482542126432,19.951175921723287,20,18.661726402224314,0.0
F8,B0,ac_power_kw,ac_power_clean,False,0.7-1,102,4.931254012096217,7.078834280886722,19.102519883478493,12.653096622421364,7,9.802466892430619,0.0
F8,B2b,ac_power_clean,ac_power_kw,False,all,347,4.203030290950151,6.59304529178222,228.11526337960572,9.218927739339895,28,7.942910343650107,0.5013184043757695
F8,B2b,ac_power_clean,ac_power_kw,False,0-0.3,28,2.0696276247739895,2.454589532290633,-180.2143038011595,4.012407569836257,1,3.7292098274432472,0.8517096779596827
F8,B2b,ac_power_clean,ac_power_kw,False,0.3-0.7,217,3.8569649128351164,6.442429056309668,201.69828794969382,8.03452603841208,20,6.972471960204623,0.5888905784529529
F8,B2b,ac_power_clean,ac_power_kw,False,0.7-1,102,5.524907366478534,7.610763513883937,396.4065530791382,14.23489584483384,7,12.106230672563672,-0.13167641281188458
F8,B2b,ac_power_clean,ac_power_clean,True,all,347,4.311307734597351,6.619661786736289,202.4634060321126,9.403514833239024,28,8.1283139618141,0.5010546261961111
F8,B2b,ac_power_clean,ac_power_clean,True,0-0.3,28,2.56830677997514,3.0634224590348094,-232.7588545079814,4.928990826422809,1,4.763812991542238,0.8226553671753887
F8,B2b,ac_power_clean,ac_power_clean,True,0.3-0.7,217,3.975596357520856,6.4907210782713864,174.9930956978662,8.2358336644141,20,7.214751811011031,0.5872005892421239
F8,B2b,ac_power_clean,ac_power_clean,True,0.7-1,102,5.503988083175993,7.541163214192441,380.377922087545,14.122674040771505,7,11.940032404206892,-0.1161436968517291
F8,M1_kw,ac_power_kw,ac_power_kw,True,all,347,4.802206490851834,6.746241205725413,-100.58181397645309,10.533160972899857,28,9.397350362180015,0.4302272813661643
F8,M1_kw,ac_power_kw,ac_power_kw,True,0-0.3,28,2.938573241718471,3.470736060263786,-275.65855902674457,5.697041041804345,1,4.11969069978857,0.7894490935773636
F8,M1_kw,ac_power_kw,ac_power_kw,True,0.3-0.7,217,5.012098577005433,7.083858739806677,-174.8981386451386,10.440809660992578,20,9.565967652078033,0.46576621947673713
F8,M1_kw,ac_power_kw,ac_power_kw,True,0.7-1,102,4.867256964189121,6.690648453537859,105.58280675406561,12.540462914482328,7,9.876694148764114,0.003031266209627126
F8,M1_kw,ac_power_kw,ac_power_clean,False,all,347,4.9799591664392,6.899375815533906,-126.23367132394623,10.861929320132193,28,9.715796835001148,0.42367194809879016
F8,M1_kw,ac_power_kw,ac_power_clean,False,0-0.3,28,3.4613999550170114,4.004728372386561,-328.2031097335665,6.6429792413756426,1,5.150097443090302,0.7609862229590968
F8,M1_kw,ac_power_kw,ac_power_clean,False,0.3-0.7,217,5.22066355648196,7.280690403433496,-201.60333089696618,10.81511119400114,20,9.947776757469267,0.4579211152047732
F8,M1_kw,ac_power_kw,ac_power_clean,False,0.7-1,102,4.884731767228834,6.690487201363097,89.55417576247245,12.533725270234878,7,9.840647286561678,0.009434161118706541
F8,M1_clean,ac_power_clean,ac_power_kw,False,all,347,4.436204290697269,6.473398605797045,-61.788172701125475,9.730371651364518,28,8.471130305937601,0.47365275026370024
F8,M1_clean,ac_power_clean,ac_power_kw,False,0-0.3,28,1.5337019007078398,2.2217281674593043,-122.91167606680885,2.9734030617920517,1,0.27387463601613354,0.8901091452165706
F8,M1_clean,ac_power_clean,ac_power_kw,False,0.3-0.7,217,4.685965176685943,6.825586963464487,-129.84551725580422,9.761434204881231,20,8.552999105534333,0.5005284007727973
F8,M1_clean,ac_power_clean,ac_power_kw,False,0.7-1,102,4.701615610894933,6.487584081221909,99.77949261852572,12.113688806730554,7,9.83155134321335,0.036959873528296217
F8,M1_clean,ac_power_clean,ac_power_clean,True,all,347,4.596954700463506,6.5826501359502405,-87.44003004861855,10.02654748271492,28,8.794758978970487,0.46799685325721285
F8,M1_clean,ac_power_clean,ac_power_clean,True,0-0.3,28,2.0143552069551975,2.5731736647993038,-175.4562267736308,3.8658693009934333,1,1.3456116048306086,0.860906381067424
F8,M1_clean,ac_power_clean,ac_power_clean,True,0.3-0.7,217,4.8720767630537,6.978316978541657,-156.5507095076318,10.092979822979133,20,8.940815348007954,0.49411604295515876
F8,M1_clean,ac_power_clean,ac_power_clean,True,0.7-1,102,4.720594879249394,6.480235332144518,83.7508616269326,12.11256669722019,7,9.795658261177449,0.042719181029831854
F8,M2_kw,ac_power_kw,ac_power_kw,True,all,347,4.7020316039860885,6.626321564924813,-92.43949724586639,10.313437349850954,28,9.504010225914154,0.44211284225095004
F8,M2_kw,ac_power_kw,ac_power_kw,True,0-0.3,28,2.4988219241457044,3.0636954397578715,-243.93716965735493,4.844490807958717,1,3.643792908318642,0.8209575947782213
F8,M2_kw,ac_power_kw,ac_power_kw,True,0.3-0.7,217,4.9483277761638815,7.002612024218458,-156.37024275278344,10.30796734289246,20,9.811876501450534,0.47256347525635767
F8,M2_kw,ac_power_kw,ac_power_kw,True,0.7-1,102,4.782851228230694,6.517226391251774,85.15762630827744,12.322991963319474,7,9.623545917073546,0.020320240332475148
F8,M2_kw,ac_power_kw,ac_power_clean,False,all,347,4.874807986925514,6.772389433657795,-118.09135459335954,10.63258111834305,28,9.841343653729174,0.4358410387316294
F8,M2_kw,ac_power_kw,ac_power_clean,False,0-0.3,28,2.9954644356878934,3.624849132969528,-296.48172036417685,5.748774577671099,1,4.679314031173716,0.7931596238314672
F8,M2_kw,ac_power_kw,ac_power_clean,False,0.3-0.7,217,5.140374893584379,7.190517993687965,-183.07543500461108,10.648785437234666,20,10.19222731065578,0.46625775447952267
F8,M2_kw,ac_power_kw,ac_power_clean,False,0.7-1,102,4.825725640745902,6.513686749370253,69.12899531668432,12.38232154658326,7,9.678599692984076,0.021399905803160313
F8,M2_clean,ac_power_clean,ac_power_kw,False,all,347,4.351348229911591,6.39426786064484,-47.7212636196778,9.544248345445789,28,8.727568383354258,0.48372076140368725
F8,M2_clean,ac_power_clean,ac_power_kw,False,0-0.3,28,1.2625217974854055,2.0579184587272015,-110.36690591475715,2.4476635104186513,1,0.712699038944068,0.9095393965122223
F8,M2_clean,ac_power_clean,ac_power_kw,False,0.3-0.7,217,4.546693118815709,6.684845933401617,-104.77586446287472,9.471313604702088,20,8.733498268485645,0.5153732480666275
F8,M2_clean,ac_power_clean,ac_power_kw,False,0.7-1,102,4.7836746928109966,6.546946525490326,90.85644586302759,12.32511361563959,7,10.31128873583034,0.02015156864614631
F8,M2_clean,ac_power_clean,ac_power_clean,True,all,347,4.513353182228431,6.501249085212303,-73.37312096717092,9.844201854613228,28,9.069246002437659,0.4776720129382621
F8,M2_clean,ac_power_clean,ac_power_clean,True,0-0.3,28,1.73773765639072,2.3878162267221854,-162.9114566215791,3.3349960502624376,1,1.7797200485881726,0.8800071513960276
F8,M2_clean,ac_power_clean,ac_power_clean,True,0.3-0.7,217,4.728763179417653,6.83823809705586,-131.48105671470233,9.796091826680232,20,9.120244109297927,0.5089967696583725
F8,M2_clean,ac_power_clean,ac_power_clean,True,0.7-1,102,4.817012646281323,6.537593360368499,74.82781487143447,12.359964888305159,7,10.363999697555736,0.023166798046635573
F8,M3_kw,ac_power_kw,ac_power_kw,True,all,347,4.614365158305585,6.469680218532168,-92.0894096491198,10.121149744968946,28,9.074637115410791,0.4525143002439581
F8,M3_kw,ac_power_kw,ac_power_kw,True,0-0.3,28,3.168291190325024,3.715030426675009,-304.6632073176235,6.14239750346099,1,4.889725897044558,0.772989635764982
F8,M3_kw,ac_power_kw,ac_power_kw,True,0.3-0.7,217,4.78538310779609,6.779954482916111,-154.2988020460842,9.968533821870587,20,9.133250465756719,0.48993155867706417
F8,M3_kw,ac_power_kw,ac_power_kw,True,0.7-1,102,4.6474943354037865,6.388444656843064,98.61161471224675,11.974245614564044,7,9.711632704455303,0.04804562878932295
F8,M3_kw,ac_power_kw,ac_power_clean,False,all,347,4.789573483666436,6.634379526478379,-117.74126699661284,10.446673740572587,28,9.414372885314142,0.44570518290958183
F8,M3_kw,ac_power_kw,ac_power_clean,False,0-0.3,28,3.669599351415783,4.290809087097777,-357.20775802444547,7.042547129027383,1,5.9118572241985605,0.746609807416946
F8,M3_kw,ac_power_kw,ac_power_clean,False,0.3-0.7,217,4.979521030149848,6.987346654282714,-181.00399429791182,10.315561049145305,20,9.51762568385205,0.482959746853142
F8,M3_kw,ac_power_kw,ac_power_clean,False,0.7-1,102,4.69291326911857,6.388638082482481,82.58298372065362,12.041538498958584,7,9.766386410384186,0.0483326842204852
F8,M3_clean,ac_power_clean,ac_power_kw,False,all,347,4.365222327347029,6.317629750583682,-79.28192826167056,9.57467979438901,28,8.556042399900909,0.4820746259804314
F8,M3_clean,ac_power_clean,ac_power_kw,False,0-0.3,28,1.621870084940452,1.9636893080323459,-113.60862527658706,3.1443355936151534,1,1.3549838784867596,0.8837918307987211
F8,M3_clean,ac_power_clean,ac_power_kw,False,0.3-0.7,217,4.620449947341593,6.686059589017826,-143.96291909006203,9.624958030486173,20,8.651830072722198,0.5075115931655119
F8,M3_clean,ac_power_clean,ac_power_kw,False,0.7-1,102,4.5753151631172635,6.2942646494634396,67.74672395576694,11.788276342771555,7,9.669476670500936,0.06283021454881355
F8,M3_clean,ac_power_clean,ac_power_clean,True,all,347,4.530345728921012,6.452050375503201,-104.93378560916362,9.881264777214627,28,8.898679706675997,0.47570547445775124
F8,M3_clean,ac_power_clean,ac_power_clean,True,0-0.3,28,2.0912100482540263,2.4294348238932124,-166.153175983409,4.013366013879023,1,2.4151023798409392,0.85559946301651
F8,M3_clean,ac_power_clean,ac_power_clean,True,0.3-0.7,217,4.805562759415592,6.867292539504393,-170.6681113418897,9.95518960962375,20,9.039060224768916,0.5010224134816879
F8,M3_clean,ac_power_clean,ac_power_clean,True,0.7-1,102,4.614401645012694,6.298405006831132,51.718092964173806,11.840085650786888,7,9.724373982079554,0.0642539131641352
