ts,elevation,measured_poa_wm2,status,ac_power_kw,dawn_dusk
2024-01-04 06:00:00,-4.3804690095713354,3.0,STANDBY,56.65,twilight (el>-8)
2024-01-10 06:00:00,-4.800407668577573,1.4,STANDBY,68.34,twilight (el>-8)
2024-01-15 18:00:00,-5.018608340522375,3.2,STANDBY,66.62,twilight (el>-8)
2024-01-21 18:00:00,-4.300972908131397,0.7,STANDBY,60.12,twilight (el>-8)
2024-01-25 18:00:00,-3.8469789154463543,3.4,standby,50.95,twilight (el>-8)
2024-01-30 18:00:00,-3.3126866578300995,0.0,STANDBY,65.16,twilight (el>-8)
2024-01-31 18:00:00,-3.210649352323973,3.1,RUN,90.8,twilight (el>-8)
2024-02-03 18:00:00,-2.914775487993088,11.5,RUN,76.76,twilight (el>-8)
2024-02-05 18:00:00,-2.726359017656413,12.8,RUN,64.38,twilight (el>-8)
2024-02-09 18:00:00,-2.3718672229992275,8.8,run,101.49,twilight (el>-8)
2024-02-10 18:00:00,-2.2880979667054504,13.4,RUN,70.29,twilight (el>-8)
2024-02-13 06:00:00,-4.4800496106482255,6.7,STANDBY,50.5,twilight (el>-8)
2024-02-14 18:00:00,-1.9733214688107503,0.0,RUN,86.36,twilight (el>-8)
2024-02-15 18:00:00,-1.8997888511014123,10.5,RUN,79.4,twilight (el>-8)
2024-02-16 18:00:00,-1.8283317824396175,14.5,RUN,69.61,twilight (el>-8)
2024-02-17 18:00:00,-1.7589430317670893,14.3,RUN,76.12,twilight (el>-8)
2024-02-19 18:00:00,-1.6263064205219862,10.8,RUN,77.04,twilight (el>-8)
2024-02-20 18:00:00,-1.5630109781924686,13.6,RUN,50.99,twilight (el>-8)
2024-02-22 18:00:00,-1.4423096837952118,4.3,RUN,79.31,twilight (el>-8)
2024-02-23 06:00:00,-3.4797610236025576,8.6,standby,58.43,twilight (el>-8)
2024-02-23 18:00:00,-1.3848301060016395,11.3,RUN,105.12,twilight (el>-8)
2024-02-25 18:00:00,-1.2754078150658092,14.3,RUN,123.79,twilight (el>-8)
2024-02-27 18:00:00,-1.1730671309067424,16.4,RUN,54.04,twilight (el>-8)
2024-03-01 18:00:00,-1.0319742294483774,18.9,RUN,87.2,twilight (el>-8)
2024-03-03 06:00:00,-2.297119525925748,11.9,RUN,54.81,twilight (el>-8)
2024-03-04 18:00:00,-0.9045352137846456,13.4,RUN,72.13,twilight (el>-8)
2024-03-05 06:00:00,-2.005677879284991,8.0,RUN,56.7,twilight (el>-8)
2024-03-06 18:00:00,-0.25974700632790604,15.5,run,105.96,twilight (el>-8)
2024-03-08 18:00:00,-0.19832009202853496,16.4,RUN,123.79,twilight (el>-8)
2024-03-09 18:00:00,-0.169137273762629,17.3,RUN,79.45,twilight (el>-8)
2024-03-10 06:00:00,-1.241508815767811,10.5,RUN,59.01,twilight (el>-8)
2024-03-11 06:00:00,-1.0833936124110688,11.5,RUN,101.58,twilight (el>-8)
2024-03-11 18:00:00,-0.11365319503026072,11.7,RUN,91.91,twilight (el>-8)
2024-03-12 06:00:00,-0.9237509902474109,6.9,PARTIAL,71.11,twilight (el>-8)
2024-03-12 18:00:00,-0.08728140664165362,10.1,PARTIAL,76.32,twilight (el>-8)
2024-03-13 06:00:00,-0.20600497267947115,11.3,RUN,124.36,twilight (el>-8)
2024-03-14 06:00:00,-0.06911448803554265,16.3,RUN,90.72,twilight (el>-8)
2024-09-18 00:00:00,-73.63849763981199,0.0,STANDBY,2187.44,deep night
2024-09-18 01:00:00,-65.54487401509257,0.0,STANDBY,2187.44,deep night
2024-09-18 02:00:00,-52.98496607743849,0.0,STANDBY,2187.44,deep night
2024-09-18 03:00:00,-39.17596595846176,0.0,STANDBY,2187.44,deep night
2024-09-18 04:00:00,-24.919112436125648,0.0,STANDBY,2187.44,deep night
2024-09-18 05:00:00,-10.470280034847718,0.0,STANDBY,2187.44,deep night
2024-09-18 18:00:00,-3.304772673513712,7.7,STANDBY,2187.44,twilight (el>-8)
2024-09-18 19:00:00,-17.8162847673301,0.0,STANDBY,2187.44,deep night
2024-09-18 20:00:00,-32.20707844843053,0.0,STANDBY,2187.44,deep night
2024-09-18 21:00:00,-46.320922384478,0.0,STANDBY,2187.44,deep night
2024-09-18 22:00:00,-59.7365026126792,0.0,STANDBY,2187.44,deep night
2024-09-18 23:00:00,-70.89133666068737,0.0,STANDBY,2187.44,deep night
2024-09-19 00:00:00,-73.9948800786213,0.0,,2187.44,deep night
2024-09-19 01:00:00,-65.7301625148409,0.0,STANDBY,2187.44,deep night
2024-09-19 02:00:00,-53.07604881034578,0.0,STANDBY,2187.44,deep night
2024-09-19 03:00:00,-39.222222581538645,0.0,STANDBY,2187.44,deep night
2024-09-19 04:00:00,-24.942210702951467,0.0,STANDBY,2187.44,deep night
2024-09-19 05:00:00,-10.481565688147882,0.0,STANDBY,2187.44,deep night
2024-09-19 18:00:00,-3.4866929864654197,1.2,STANDBY,2187.44,twilight (el>-8)
2024-09-19 19:00:00,-18.004801436987858,0.0,STANDBY,2187.44,deep night
2024-09-19 20:00:00,-32.40977718120551,0.0,STANDBY,2187.44,deep night
2024-09-19 21:00:00,-46.550138978495355,0.0,STANDBY,2187.44,deep night
2024-09-19 22:00:00,-60.01597151574627,0.0,STANDBY,2187.44,deep night
2024-09-19 23:00:00,-71.25949138436087,0.0,STANDBY,2187.44,deep night
2024-11-30 06:00:00,-0.030582791320965863,10.1,RUN,126.9,twilight (el>-8)
2024-12-01 06:00:00,-0.13503114369755354,14.5,run,120.42,twilight (el>-8)
2024-12-02 06:00:00,-0.2396560690243058,17.5,RUN,113.4,twilight (el>-8)
2024-12-03 06:00:00,-0.9271508887805233,13.9,RUN,93.58,twilight (el>-8)
2024-12-04 06:00:00,-1.0518677305830455,12.8,RUN,106.72,twilight (el>-8)
2024-12-05 06:00:00,-1.1766697611598111,11.4,RUN,56.37,twilight (el>-8)
2024-12-06 06:00:00,-1.301438581742101,16.4,RUN,110.27,twilight (el>-8)
2024-12-08 06:00:00,-1.5504093575568283,9.9,RUN,90.09,twilight (el>-8)
2024-12-09 06:00:00,-1.6743852160057304,14.6,RUN,109.51,twilight (el>-8)
2024-12-10 06:00:00,-1.797877938305589,6.2,RUN,94.4,twilight (el>-8)
2024-12-11 06:00:00,-1.9207861922884286,14.3,RUN,85.49,twilight (el>-8)
2024-12-12 06:00:00,-2.0430133325225377,5.6,RUN,62.93,twilight (el>-8)
2024-12-16 06:00:00,-2.523273847181602,14.4,RUN,73.68,twilight (el>-8)
2024-12-19 06:00:00,-2.871819852459775,4.6,RUN,89.83,twilight (el>-8)
2024-12-22 06:00:00,-3.207473553366785,4.5,RUN,71.88,twilight (el>-8)
2024-12-24 06:00:00,-3.422692121635043,2.8,RUN,57.22,twilight (el>-8)
2024-12-25 06:00:00,-3.527411476217904,7.2,STANDBY,53.08,twilight (el>-8)
2025-01-03 06:00:00,-4.36311912635092,0.0,STANDBY,54.66,twilight (el>-8)
2025-01-04 06:00:00,-4.442040408029818,2.7,STANDBY,56.73,twilight (el>-8)
2025-01-24 18:00:00,-3.876388061788632,2.0,STANDBY,55.77,twilight (el>-8)
2025-01-31 06:00:00,-5.160118930832464,0.0,STANDBY,55.45,twilight (el>-8)
2025-02-02 06:00:00,-5.092980195428561,4.4,STANDBY,64.57,twilight (el>-8)
2025-02-02 18:00:00,-2.9356747024535776,5.7,RUN,65.95,twilight (el>-8)
2025-02-03 18:00:00,-2.8400355022709762,11.4,RUN,89.3,twilight (el>-8)
2025-02-06 18:00:00,-2.5650087211270307,7.1,RUN,104.95,twilight (el>-8)
2025-02-08 18:00:00,-2.3917841798965838,8.3,RUN,93.79,twilight (el>-8)
2025-02-12 18:00:00,-2.0697809697026064,11.5,RUN,52.85,twilight (el>-8)
2025-02-13 18:00:00,-1.9943186733480416,9.1,RUN,68.59,twilight (el>-8)
2025-02-15 18:00:00,-1.8493283551637953,6.7,RUN,57.05,twilight (el>-8)
2025-02-16 18:00:00,-1.7797620550824393,5.3,RUN,54.57,twilight (el>-8)
2025-02-17 06:00:00,-4.046906577872232,0.1,STANDBY,52.45,twilight (el>-8)
2025-02-20 18:00:00,-1.5205250420398773,11.4,RUN,60.58,twilight (el>-8)
2025-02-22 18:00:00,-1.401993843145794,11.9,RUN,81.88,twilight (el>-8)
2025-02-25 18:00:00,-1.2375115615311423,16.6,RUN,118.71,twilight (el>-8)
2025-02-26 18:00:00,-1.1861451538674002,14.6,RUN,103.7,twilight (el>-8)
2025-02-27 18:00:00,-1.136475050060784,12.9,PARTIAL,92.65,twilight (el>-8)
2025-02-28 18:00:00,-1.088480947192833,8.1,PARTIAL,78.28,twilight (el>-8)
2025-03-01 18:00:00,-1.0421412540206307,10.3,RUN,68.54,twilight (el>-8)
2025-03-02 18:00:00,-0.99743198299671,13.1,RUN,64.78,twilight (el>-8)
2025-03-03 18:00:00,-0.954325750775658,14.1,RUN,67.02,twilight (el>-8)
2025-03-05 18:00:00,-0.8727904525909493,18.5,RUN,72.78,twilight (el>-8)
2025-03-06 06:00:00,-1.8937856364406926,11.4,RUN,57.63,twilight (el>-8)
2025-03-06 18:00:00,-0.8342817905896411,19.2, RUN ,59.33,twilight (el>-8)
2025-03-07 18:00:00,-0.23508988828724087,17.0,RUN,70.9,twilight (el>-8)
2025-03-08 06:00:00,-1.5902515675633995,7.6,RUN,58.7,twilight (el>-8)
2025-03-08 18:00:00,-0.205039578534287,15.4,RUN,90.33,twilight (el>-8)
2025-03-09 06:00:00,-1.4355051506029437,3.0,RUN,66.88,twilight (el>-8)
2025-03-09 18:00:00,-0.17610304484061068,16.8,RUN,61.07,twilight (el>-8)
2025-03-11 18:00:00,-0.12132759232970691,12.7,RUN,83.13,twilight (el>-8)
2025-03-12 18:00:00,-0.09536253928837313,21.8,RUN,92.49,twilight (el>-8)
2025-03-14 06:00:00,-0.1000236531277966,14.7,RUN,60.21,twilight (el>-8)
2025-03-14 18:00:00,-0.04595659549314235,18.0,RUN,66.5,twilight (el>-8)
