date,max_kw,max_poa,n,kw_per_poa
2024-01-01,9110.17,876.0,10,10.399737442922374
2024-01-02,9399.37,895.7,11,10.493881880093781
2024-01-03,9366.3,902.1,11,10.382773528433654
2024-01-04,9332.29,883.8,11,10.559278117221092
2024-01-05,9338.82,922.5,11,10.123382113821139
2024-01-06,9261.63,906.1,11,10.221421476658204
2024-01-07,9443.21,895.8,11,10.541649921857557
2024-01-08,9447.2,921.4,11,10.253093119166486
2024-01-09,9062.25,892.8,11,10.150369623655914
2024-01-10,9385.25,906.4,11,10.354424095322154
2024-01-11,9356.73,912.5,11,10.253950684931507
2024-01-12,9171.65,924.1,11,9.92495400930635
2024-01-13,9404.98,926.5,10,10.15108472746897
2024-01-14,9268.88,909.3,11,10.193423512592103
2024-01-15,9388.74,915.7,11,10.25307415092279
2024-01-16,9445.25,927.3,11,10.185754340558612
2024-01-17,9422.89,916.2,11,10.284752237502728
2024-01-18,9558.5,905.4,11,10.55721228186437
2024-01-19,9372.65,908.2,11,10.320028628055493
2024-01-20,9395.73,948.6,11,9.904838709677419
2024-01-21,9497.3,932.6,11,10.183680034312673
2024-01-22,9398.33,958.1,11,9.809341404863792
2024-01-23,9067.17,904.1,11,10.028945913062714
2024-01-24,9359.65,924.3,11,10.126203613545385
2024-01-25,9370.86,948.4,11,9.880704344158584
2024-01-26,9415.96,938.0,11,10.038336886993603
2024-01-27,9407.84,938.6,11,10.023268698060942
2024-01-28,9448.39,926.3,11,10.200140343301307
2024-01-29,9464.47,933.4,11,10.139779301478466
2024-01-30,9304.94,923.8,11,10.072461571768782
2024-01-31,9518.89,942.4,11,10.10068972835314
2024-02-01,9490.2,965.5,11,9.829311237700674
2024-02-02,9572.53,975.5,11,9.81294720656074
2024-02-03,9385.28,928.6,11,10.106913633426664
2024-02-04,9311.23,956.2,11,9.737743149968624
2024-02-05,8952.22,901.4,11,9.931462169957843
2024-02-06,9097.58,956.0,11,9.516297071129706
2024-02-07,9472.05,955.7,11,9.911112273726063
2024-02-08,9523.46,987.4,11,9.644986834109783
2024-02-09,9489.84,974.4,11,9.739162561576356
2024-02-10,9488.92,972.8,11,9.754235197368422
2024-02-11,9667.0,973.8,11,9.927089751489012
2024-02-12,9549.29,959.0,11,9.957549530761211
2024-02-13,9515.22,959.9,10,9.912720075007813
2024-02-14,9514.67,978.0,11,9.728701431492842
2024-02-15,9577.82,990.5,11,9.669681978798586
2024-02-16,9642.65,957.0,11,10.075914315569488
2024-02-17,9602.2,984.5,11,9.753377348908076
2024-02-18,9577.35,1003.4,11,9.544897349013356
2024-02-19,9561.06,951.4,11,10.049463947866302
2024-02-20,9121.93,968.3,10,9.420561809356606
2024-02-21,8476.62,877.5,11,9.659965811965813
2024-02-22,7958.75,795.0,11,10.011006289308176
2024-02-23,9577.89,977.1,11,9.802364138778016
2024-02-24,9718.52,1036.0,10,9.38081081081081
2024-02-25,9698.88,1000.3,11,9.695971208637408
2024-02-26,9384.14,954.3,11,9.83353243214922
2024-02-27,9545.25,1022.2,11,9.33794756407748
2024-02-28,9641.02,985.9,11,9.778902525611118
2024-02-29,9653.65,990.5,11,9.746239273094396
2024-03-01,9972.4,1024.7,11,9.732019127549526
2024-03-02,10032.75,986.2,11,10.173139322652606
2024-03-03,10006.49,1015.1,11,9.857639641414638
2024-03-04,9980.07,1058.1,11,9.432066912390134
2024-03-05,10040.51,1016.9,11,9.873645392860656
2024-03-06,10006.63,1003.6,11,9.97073535273017
2024-03-07,9968.18,986.8,11,10.101520064856102
2024-03-08,9987.78,1015.4,11,9.836300965136893
2024-03-09,9986.37,1022.7,11,9.764711058961574
2024-03-10,10002.8,998.6,11,10.016823552974163
2024-03-11,9979.56,1001.0,11,9.96959040959041
2024-03-12,7974.4,1000.2,11,7.972805438912217
2024-03-13,10000.82,964.9,11,10.364618095139393
2024-03-14,9990.96,1040.3,11,9.603921945592617
2024-03-15,9992.42,1014.8,12,9.846689002759165
2024-03-16,9940.72,999.5,13,9.945692846423212
2024-03-17,10006.75,1037.5,12,9.645060240963856
2024-03-18,9999.95,1007.6,12,9.924523620484319
2024-03-19,9940.05,1030.1,13,9.649597126492573
2024-03-20,9929.91,1002.0,13,9.910089820359282
2024-03-21,9904.84,1003.4,13,9.871277655969703
2024-03-22,9820.43,1002.6,13,9.794963095950528
2024-03-23,9836.27,1025.9,13,9.58794229457062
2024-03-24,10004.15,1024.6,13,9.763956666016007
2024-03-25,9874.49,989.8,13,9.976247726813497
2024-03-26,9783.38,987.7,13,9.905214133846309
2024-03-27,9918.72,1022.7,13,9.698562628336754
2024-03-28,9783.41,1021.3,13,9.579369431117204
2024-03-29,9893.58,1010.1,13,9.794653994653995
2024-03-30,9898.64,1003.5,13,9.864115595416044
2024-03-31,9948.76,1024.5,13,9.710844314299658
2024-04-01,9872.68,964.8,13,10.23287728026534
2024-04-02,9837.92,997.7,13,9.860599378570713
2024-04-03,9908.86,1035.0,12,9.573777777777778
2024-04-04,9971.96,992.2,13,10.050352751461398
2024-04-05,9830.46,987.9,13,9.950865472213787
2024-04-06,9871.46,1042.5,13,9.469026378896881
2024-04-07,9917.12,1004.1,13,9.876625834080272
2024-04-08,22496.67,939.5,12,23.945364555614688
2024-04-09,9752.75,1006.2,12,9.69265553567879
2024-04-10,8969.52,908.0,13,9.878325991189428
2024-04-11,9202.52,965.1,13,9.53530204123925
2024-04-12,9577.81,1019.1,13,9.398302423707191
2024-04-13,9645.59,1031.4,13,9.351939111886756
2024-04-14,9528.93,994.5,13,9.581628959276019
2024-04-15,8245.88,875.7,13,9.41632979330821
2024-04-16,9339.14,973.5,13,9.593364149974319
2024-04-17,8977.45,933.7,12,9.614919138909714
2024-04-18,9243.39,978.5,13,9.44648952478283
2024-04-19,9523.16,991.5,13,9.604800806858295
2024-04-20,9310.88,969.9,12,9.599835034539643
2024-04-21,9054.06,949.4,13,9.536612597429956
2024-04-22,8934.9,920.1,13,9.710792305184219
2024-04-23,8919.23,939.2,13,9.49662478705281
2024-04-24,9257.85,963.2,13,9.611555232558139
2024-04-25,9049.96,925.6,13,9.777398444252375
2024-04-26,9345.98,990.2,13,9.438477075338314
2024-04-27,9170.84,964.0,12,9.513319502074689
2024-04-28,8949.07,944.3,12,9.476935295986445
2024-04-29,9103.9,947.3,13,9.610366304233084
2024-04-30,9337.38,971.3,13,9.61328116956656
2024-05-01,9951.4,1004.9,13,9.902875908050552
2024-05-02,9747.47,940.3,13,10.366340529618206
2024-05-03,9758.99,975.6,12,10.003064780647806
2024-05-04,9633.23,955.9,13,10.077654566377236
2024-05-05,9471.15,921.0,13,10.283550488599348
2024-05-06,9678.52,947.6,13,10.21371886872098
2024-05-07,9610.62,984.6,13,9.760938452163316
2024-05-08,9679.88,958.7,13,10.096881193282568
2024-05-09,9456.84,932.3,13,10.143558940255284
2024-05-10,9056.62,898.2,12,10.083077265642396
2024-05-11,9258.21,914.2,13,10.127116604681687
2024-05-12,9313.91,914.8,13,10.181362046348928
2024-05-13,9316.66,927.9,13,10.040586270072206
2024-05-14,9311.55,948.9,13,9.812993993044577
2024-05-15,9409.98,956.2,13,9.841016523739803
2024-05-16,9125.06,912.2,13,10.003354527515894
2024-05-17,9039.51,886.0,13,10.202607223476297
2024-05-18,9217.35,919.3,13,10.026487544871099
2024-05-19,9508.43,919.5,13,10.340870038064166
2024-05-20,9337.19,946.5,13,9.864965662968833
2024-05-21,9134.07,899.6,13,10.153479324144064
2024-05-22,8966.45,900.8,13,9.9538743339254
2024-05-23,9326.09,951.3,13,9.80352149689898
2024-05-24,8955.51,891.6,13,10.044313593539703
2024-05-25,8725.0,850.3,13,10.261084323180055
2024-05-26,9255.27,916.5,13,10.09849427168576
2024-05-27,8430.49,796.7,12,10.581762269361114
2024-05-28,7965.77,799.2,13,9.96717967967968
2024-05-29,7140.83,705.6,13,10.120223922902493
2024-05-30,8316.23,826.0,13,10.068075060532687
2024-05-31,8903.55,867.8,13,10.259910117538602
2024-06-01,9044.69,902.0,13,10.027372505543237
2024-06-02,11462.57,803.4,13,14.267575304953946
2024-06-03,9191.56,935.3,13,9.827392280551695
2024-06-04,9033.8,902.4,13,10.010859929078014
2024-06-05,9126.38,932.0,12,9.792253218884118
2024-06-06,7969.24,791.9,13,10.063442353832555
2024-06-07,6880.73,650.5,13,10.577601844734819
2024-06-08,15833.2,559.9,13,28.278621182353994
2024-06-09,6888.7,647.4,13,10.640562248995984
2024-06-10,7147.28,694.6,13,10.289778289663115
2024-06-11,3983.98,373.1,13,10.678048780487805
2024-06-12,7286.54,550.4,13,13.238626453488372
2024-06-13,7109.39,661.2,13,10.752253478523896
2024-06-14,7029.31,651.4,13,10.791080749155666
2024-06-15,6715.04,630.8,12,10.645275840202917
2024-06-16,5372.2,483.4,12,11.113363673976004
2024-06-17,6280.23,582.0,12,10.790773195876287
2024-06-18,3959.67,372.1,13,10.641413598495028
2024-06-19,3756.82,356.0,13,10.552865168539327
2024-06-20,8653.95,359.6,13,24.065489432703004
2024-06-21,2281.69,206.6,13,11.043998063891578
2024-06-22,7681.04,699.5,13,10.980757684060043
2024-06-23,16746.03,806.1,12,20.774134722739113
2024-06-24,8218.27,746.8,13,11.004646491697912
2024-06-25,6899.18,638.9,13,10.79852872123963
2024-06-26,9570.14,906.3,13,10.559571885689065
2024-06-27,8016.73,735.9,13,10.893776328305476
2024-06-28,14034.0,669.2,13,20.97130902570233
2024-06-29,7388.83,673.3,13,10.974053170949057
2024-06-30,7110.37,671.6,13,10.587209648600357
2024-07-01,8606.77,797.9,12,10.786777791703221
2024-07-02,8479.83,810.4,13,10.463758637709773
2024-07-03,7701.44,691.3,13,11.140517864892232
2024-07-04,21531.92,802.0,13,26.847780548628428
2024-07-05,7819.94,702.4,13,11.133171981776766
2024-07-06,8558.0,798.3,13,10.720280596267068
2024-07-07,9364.49,854.7,12,10.956464256464256
2024-07-08,7918.59,724.3,13,10.932748860969213
2024-07-09,9657.67,884.7,13,10.916321917034022
2024-07-10,7344.83,698.0,13,10.522679083094555
2024-07-11,8940.93,858.0,13,10.420664335664336
2024-07-12,9125.18,873.8,13,10.44309910734722
2024-07-13,9324.76,892.4,13,10.449081129538325
2024-07-14,8.4568,767.2,13,0.011022940563086546
2024-07-15,7.1556,656.5,13,0.0108996191926885
2024-07-16,8.2656,778.6,13,0.010615977395324942
2024-07-17,8.5232,792.2,13,0.01075889926786165
2024-07-18,8.0582,754.3,13,0.01068301736709532
2024-07-19,7.8151,735.1,13,0.01063134267446606
2024-07-20,7.3508,670.9,13,0.010956625428528842
2024-07-21,5.9681,541.1,13,0.011029569395675475
2024-07-22,7.7424,707.4,13,0.010944868532654792
2024-07-23,9.5131,854.5,13,0.01113294324166179
2024-07-24,6.9517,634.4,13,0.010957912988650693
2024-07-25,8.6057,789.9,13,0.010894670211419167
2024-07-26,7.0294,649.8,13,0.010817790089258233
2024-07-27,8.8028,813.2,13,0.010824889326119035
2024-07-28,9.1752,852.7,13,0.010760173566318752
2024-07-29,7.9322,735.9,12,0.010778910178013317
2024-07-30,8.3962,757.8,13,0.011079704407495382
2024-07-31,9.7615,896.3,13,0.01089088474841013
2024-08-01,8.2073,744.5,13,0.011023908663532572
2024-08-02,9.0701,856.3,13,0.010592198995679085
2024-08-03,8.9464,809.4,13,0.011053125772176922
2024-08-04,8.0947,760.3,12,0.01064671840063133
2024-08-05,9.2576,873.0,11,0.010604352806414662
2024-08-06,8.8606,816.1,13,0.010857247886288444
2024-08-07,8.6486,803.7,13,0.010760980465347765
2024-08-08,7.0425,656.7,13,0.010724074920054819
2024-08-09,5405.14,495.8,13,10.901855586930214
2024-08-10,5279.68,479.1,13,11.019995825506157
2024-08-11,17018.28,698.6,13,24.36054967077011
2024-08-16,-10.09,395.0,1,-0.025544303797468353
2024-08-17,7683.59,732.5,13,10.48954266211604
2024-08-18,12863.53,853.7,13,15.067974698371794
2024-08-19,8729.86,813.3,12,10.73387433911226
2024-08-20,6951.86,655.2,13,10.610286935286934
2024-08-21,5651.92,528.7,13,10.690221297522223
2024-08-22,9235.41,883.4,12,10.454392121349333
2024-08-23,6746.72,606.7,13,11.120356024394264
2024-08-24,7516.0,682.3,13,11.015682251209146
2024-08-25,7473.01,412.6,13,18.111997091614153
2024-08-26,7540.21,412.6,13,18.274866698982063
2024-08-27,7203.32,412.6,13,17.458361609306834
2024-08-28,8424.78,773.3,12,10.894581663002716
2024-08-29,8556.88,825.3,13,10.368205501029928
2024-08-30,9212.95,893.3,13,10.313388559274602
2024-08-31,6128.49,570.7,13,10.738549150166461
2024-09-01,7823.12,717.8,13,10.898746168849263
2024-09-02,7921.78,742.5,13,10.669063973063972
2024-09-03,7429.48,682.2,12,10.890472002345351
2024-09-04,7843.91,747.7,12,10.490718202487628
2024-09-05,9972.25,971.0,11,10.270082389289392
2024-09-06,,,12,
2024-09-07,8874.07,855.8,12,10.369326945548025
2024-09-08,5267.65,844.0,12,6.241291469194312
2024-09-09,5816.59,929.7,11,6.256416048187587
2024-09-10,5732.89,899.3,12,6.374835983542757
2024-09-11,9809.89,965.9,12,10.15621699968941
2024-09-12,9464.44,892.5,12,10.604414565826332
2024-09-13,9627.31,936.5,12,10.280096102509344
2024-09-14,19938.7,927.4,12,21.499568686650854
2024-09-15,8392.06,843.2,12,9.952632827324477
2024-09-16,9073.52,844.7,12,10.741707114952053
2024-09-17,9973.0,986.8,12,10.106404539927038
2024-09-18,2187.44,758.1,12,2.8854240865321197
2024-09-19,2187.44,643.9,12,3.397173474141948
2024-09-20,7159.56,668.2,12,10.71469619874289
2024-09-21,9667.45,949.0,12,10.186986301369863
2024-09-22,20854.33,792.5,12,26.314611987381706
2024-09-23,,,12,
2024-09-24,,,12,
2024-09-25,,,12,
2024-09-26,6222.5,574.6,12,10.829272537417333
2024-09-27,8420.77,787.4,12,10.694399288798579
2024-09-28,8288.36,784.2,12,10.569191532772253
2024-09-29,7939.89,751.6,12,10.563983501862692
2024-09-30,7555.86,728.7,12,10.36895841910251
2024-10-01,9842.84,928.2,12,10.60422322775264
2024-10-02,9446.33,905.2,12,10.435627485638532
2024-10-03,8198.19,767.0,12,10.688644067796611
2024-10-04,7796.95,725.1,12,10.752930630257895
2024-10-05,6040.52,554.2,12,10.8995308552869
2024-10-06,9614.21,930.8,12,10.328975075204125
2024-10-07,8613.48,845.9,12,10.182622059345077
2024-10-08,9030.02,884.8,12,10.205718806509946
2024-10-09,9665.57,931.2,12,10.379692869415807
2024-10-10,8184.27,764.3,12,10.70819050111213
2024-10-11,9328.64,897.9,12,10.389397483015925
2024-10-12,9924.9,941.7,11,10.539343740044599
2024-10-13,9852.14,931.5,12,10.57663982823403
2024-10-14,9951.67,957.5,12,10.393389033942558
2024-10-15,10038.51,965.0,12,10.40260103626943
2024-10-16,9354.22,921.4,11,10.1521814629911
2024-10-17,3058.53,312.3,11,9.793563880883767
2024-10-18,10000.56,941.1,12,10.626458399744978
2024-10-19,10020.73,961.7,12,10.419808672143079
2024-10-20,9965.64,984.4,12,10.123567655424624
2024-10-21,9953.66,1018.2,12,9.775741504615988
2024-10-22,9996.54,957.1,12,10.44461393793752
2024-10-23,9947.7,1011.3,12,9.836547018688817
2024-10-24,9272.11,896.8,12,10.339105709188226
2024-10-25,9731.03,958.7,11,10.150234692813184
2024-10-26,9899.19,974.1,12,10.162396057899599
2024-10-27,9856.88,968.2,12,10.18062383804999
2024-10-28,8443.2,814.4,12,10.367387033398822
2024-10-29,8787.98,864.8,12,10.16186401480111
2024-10-30,9244.08,924.9,12,9.994680506000648
2024-10-31,9571.22,948.5,12,10.090901423299947
2024-11-01,8813.55,861.3,11,10.23284569836294
2024-11-02,7308.51,710.5,12,10.28643209007741
2024-11-03,8562.09,860.3,12,9.952446820876439
2024-11-04,8779.97,848.6,12,10.346417629036058
2024-11-05,7722.41,740.8,12,10.424419546436285
2024-11-06,8512.49,804.7,12,10.578464023859823
2024-11-07,8826.2,818.5,11,10.783384239462432
2024-11-08,9694.36,908.1,11,10.675432221121023
2024-11-09,8859.85,839.4,12,10.554979747438647
2024-11-10,8493.46,839.2,12,10.12090085795996
2024-11-11,9477.32,942.5,12,10.055511936339522
2024-11-12,9478.51,958.0,12,9.894060542797495
2024-11-13,9299.09,947.9,12,9.810201498048318
2024-11-14,9373.58,922.3,11,10.1632657486718
2024-11-15,9563.62,957.7,12,9.986029027879294
2024-11-16,9531.67,920.7,12,10.352633865537092
2024-11-17,9569.68,894.3,12,10.700749189310075
2024-11-18,9558.25,934.0,12,10.233672376873661
2024-11-19,5687.44,918.8,11,6.19007400957771
2024-11-20,9568.14,964.3,12,9.922368557502852
2024-11-21,9370.88,898.3,11,10.43179338750974
2024-11-22,9135.25,862.3,12,10.594050794387105
2024-11-23,8478.95,844.9,12,10.035447982009707
2024-11-24,8174.63,807.2,12,10.1271432111001
2024-11-25,7635.53,744.0,11,10.262809139784945
2024-11-26,8725.14,858.0,12,10.169160839160838
2024-11-27,9200.52,914.5,11,10.060710770913067
2024-11-28,9149.08,917.0,12,9.977186477644493
2024-11-29,9249.9,915.3,12,10.105866928875779
2024-11-30,9179.9,908.5,11,10.104457897633461
2024-12-01,9104.54,915.4,11,9.94596897531134
2024-12-02,8992.34,909.8,11,9.883864585623215
2024-12-03,8903.71,935.0,11,9.522684491978609
2024-12-04,8808.79,885.1,11,9.952310473392838
2024-12-05,9058.3,898.8,11,10.078215398308856
2024-12-06,9098.2,928.8,10,9.795650301464256
2024-12-07,8981.47,913.8,11,9.828704311665572
2024-12-08,9043.81,913.2,11,9.903427507665352
2024-12-09,8928.75,909.9,11,9.812891526541378
2024-12-10,9032.91,908.9,11,9.938288040488503
2024-12-11,8970.84,897.0,11,10.000936454849498
2024-12-12,9134.24,914.3,11,9.990418899704693
2024-12-13,9228.56,908.9,11,10.153548245131477
2024-12-14,9206.83,908.1,10,10.138564034797929
2024-12-15,9052.5,904.3,11,10.010505363264404
2024-12-16,9066.05,890.2,11,10.184284430465063
2024-12-17,9057.51,907.2,11,9.984027777777778
2024-12-18,9008.66,955.2,11,9.431176716917923
2024-12-19,8999.98,900.1,11,9.998866792578601
2024-12-20,8842.22,896.7,11,9.86084532173525
2024-12-21,8752.41,899.4,11,9.731387591727819
2024-12-22,8766.51,915.3,11,9.577745001638808
2024-12-23,8914.58,897.6,11,9.931573083778966
2024-12-24,8900.69,892.6,11,9.971644633654492
2024-12-25,8794.53,890.3,11,9.878164663596541
2024-12-26,8873.81,903.6,11,9.820506861443116
2024-12-27,8919.8,895.6,10,9.959580169718624
2024-12-28,8897.95,867.4,11,10.258185381600185
2024-12-29,8865.53,904.0,11,9.807002212389381
2024-12-30,8688.95,877.5,11,9.901937321937323
2024-12-31,8767.7,912.2,11,9.611598333698751
2025-01-01,8688.74,925.9,11,9.384101954854735
2025-01-02,8793.61,904.8,11,9.71884394341291
2025-01-03,9260.1,919.8,11,10.06751467710372
2025-01-04,8866.81,890.2,11,9.96046955740283
2025-01-05,8925.22,924.2,11,9.657238692923608
2025-01-06,8887.54,904.5,11,9.825914870093975
2025-01-07,9425.59,889.2,11,10.600078722447144
2025-01-08,9466.72,894.1,10,10.587987920814225
2025-01-09,8691.68,841.9,11,10.323886447321534
2025-01-10,8915.7,851.0,11,10.476733254994125
2025-01-11,9291.67,919.7,11,10.10293573991519
2025-01-12,9219.98,866.5,11,10.640484708597807
2025-01-13,9406.67,916.4,11,10.2648079441292
2025-01-14,8747.92,804.3,11,10.87643913962452
2025-01-15,9255.44,904.2,11,10.23605397036054
2025-01-16,9471.95,886.3,11,10.687069840911656
2025-01-17,8998.01,924.0,10,9.73810606060606
2025-01-18,9397.17,927.3,11,10.133904885150438
2025-01-19,21489.04,896.5,11,23.969927495817068
2025-01-22,9308.25,912.7,11,10.198586611153718
2025-01-23,9360.55,925.7,11,10.111861294155773
2025-01-24,9239.12,941.6,11,9.812149532710281
2025-01-25,9423.39,953.2,11,9.88605749055812
2025-01-26,9381.41,924.2,10,10.15084397316598
2025-01-27,,,11,
2025-01-28,9329.64,974.2,11,9.57671935947444
2025-01-29,9526.58,947.5,11,10.054437994722955
2025-01-30,9433.87,960.8,11,9.81876561199001
2025-01-31,9473.32,964.1,11,9.826076133181205
2025-02-01,9602.02,925.1,11,10.379440060533996
2025-02-02,9473.45,906.3,10,10.452885358049212
2025-02-03,9315.03,955.1,11,9.752936865249712
2025-02-04,8175.03,850.9,11,9.607509695616406
2025-02-05,9407.66,983.0,11,9.570356052899287
2025-02-06,9007.01,888.3,11,10.13960373747608
2025-02-07,9563.43,926.9,11,10.317650231955984
2025-02-08,9414.86,963.2,11,9.774563953488371
2025-02-09,9155.21,973.9,11,9.400564739706335
2025-02-10,9479.34,963.5,11,9.838443175921121
2025-02-11,9498.34,959.0,11,9.9044212721585
2025-02-12,9517.83,1003.7,11,9.482743847763276
2025-02-13,9250.69,989.9,11,9.345075260127286
2025-02-14,9094.36,912.6,11,9.965329826868288
2025-02-15,9420.66,988.7,11,9.528330130474359
2025-02-16,9541.65,1004.3,11,9.500796574728668
2025-02-17,9453.74,974.6,11,9.700123127436896
2025-02-18,9630.16,974.2,11,9.885198111270785
2025-02-19,9450.66,978.4,11,9.659300899427636
2025-02-20,9626.22,998.1,11,9.644544634806131
2025-02-21,9589.62,988.7,11,9.699221199554971
2025-02-22,9590.19,985.3,11,9.733269055110119
2025-02-23,26905.99,1001.5,11,26.865691462805792
2025-02-24,9686.71,959.3,11,10.097685812571667
2025-02-25,9729.62,1012.9,11,9.60570638759996
2025-02-26,9707.83,998.2,10,9.725335604087357
2025-02-27,7776.68,1015.4,11,7.658735473704945
2025-02-28,7819.64,988.9,10,7.90741227626656
2025-03-01,9732.05,1003.0,11,9.702941176470587
2025-03-02,9773.52,1023.6,11,9.548182883939038
2025-03-03,9714.96,1017.3,11,9.549749336478914
2025-03-04,9709.56,1002.5,11,9.685346633416458
2025-03-05,9681.53,988.5,11,9.79416287303996
2025-03-06,9525.19,1001.6,11,9.509974041533546
2025-03-07,9608.7,1021.9,11,9.40277913690185
2025-03-08,9476.56,1017.3,11,9.315403519119236
2025-03-09,9998.33,1049.5,11,9.526755597903763
2025-03-10,10027.91,1008.2,11,9.946349930569331
2025-03-11,10040.74,1032.2,11,9.727514047665181
2025-03-12,9991.49,991.9,11,10.073081963907653
2025-03-13,10066.11,1024.7,11,9.823470283985557
2025-03-14,9968.51,999.5,11,9.973496748374187
2025-03-15,9312.58,951.9,12,9.783149490492699
2025-03-16,9881.8,1011.7,13,9.767520015814963
2025-03-17,9944.31,1003.7,13,9.907651688751619
2025-03-18,9990.36,1001.9,13,9.97141431280567
2025-03-19,10026.53,1013.6,13,9.891998816101026
2025-03-20,9950.45,1007.1,13,9.880299870916494
2025-03-21,9415.38,960.7,13,9.800541271989173
2025-03-22,9985.94,985.0,13,10.138010152284265
2025-03-23,9950.01,993.7,13,10.013092482640635
2025-03-24,9869.17,952.2,13,10.36459777357698
2025-03-25,10011.14,998.2,13,10.02919254658385
2025-03-26,9795.18,980.1,13,9.994061830425467
2025-03-27,9999.84,1009.1,13,9.90966207511644
2025-03-28,9723.05,981.4,13,9.907326268595883
2025-03-29,9997.96,1004.6,13,9.952179972128208
2025-03-30,9822.08,971.3,13,10.112303098939567
2025-03-31,9884.97,1040.0,13,9.504778846153846
2025-04-01,9982.84,1023.8,13,9.750771635084979
2025-04-02,9974.17,986.0,13,10.11579107505071
2025-04-03,9763.42,1015.2,13,9.617237982663514
2025-04-04,9826.56,1014.4,13,9.687066246056782
2025-04-05,9427.85,966.8,12,9.751603227141084
2025-04-06,8832.01,893.2,13,9.888054187192118
2025-04-07,4603.85,466.0,13,9.87950643776824
2025-04-08,9579.05,949.1,13,10.0927720998841
2025-04-09,9650.7,988.9,13,9.759025179492367
2025-04-10,9746.63,1000.7,13,9.739812131507943
2025-04-11,9817.83,1028.3,12,9.547632014003696
2025-04-12,9739.42,1027.6,13,9.47783184118334
2025-04-13,9658.04,994.7,13,9.709500351864884
2025-04-14,9466.9,999.4,13,9.472583550130079
2025-04-15,9736.08,1023.3,12,9.514394605687482
2025-04-16,9247.15,940.1,13,9.83634719710669
2025-04-17,9643.64,951.9,13,10.130938123752495
2025-04-18,9667.51,1006.5,13,9.605076999503229
2025-04-19,9530.95,955.1,13,9.979007433776568
2025-04-20,9215.37,952.9,13,9.670867877007032
2025-04-21,9085.45,950.5,13,9.558600736454498
2025-04-22,9385.72,980.3,13,9.574334387432419
2025-04-23,8569.22,896.4,13,9.559593931280677
2025-04-24,9326.76,960.4,13,9.711328613077885
2025-04-25,9335.67,962.6,13,9.698389777685435
2025-04-26,9396.72,974.4,13,9.6435960591133
2025-04-27,9357.92,955.3,13,9.795791897833142
2025-04-28,9261.42,975.3,13,9.495970470624425
2025-04-29,9332.51,1000.3,13,9.329711086674
2025-04-30,9201.0,982.5,13,9.364885496183206
2025-05-01,9193.58,938.1,13,9.800213196887325
2025-05-02,9228.47,979.3,13,9.423537220463595
2025-05-03,9168.74,966.1,13,9.490466825380395
2025-05-04,8984.53,965.9,13,9.301718604410395
2025-05-05,6605.95,689.4,13,9.58217290397447
2025-05-06,9065.9,990.0,13,9.157474747474748
2025-05-07,9153.27,956.8,12,9.566544732441473
2025-05-08,8830.77,919.1,13,9.60806223479491
2025-05-09,9385.18,911.2,13,10.299802458296751
2025-05-10,9478.27,950.6,13,9.970828950136756
2025-05-11,9518.54,956.2,13,9.954549257477515
2025-05-12,9570.63,972.1,13,9.845314268079415
2025-05-13,8668.16,870.5,13,9.957679494543365
2025-05-14,6778.36,738.0,9,9.184769647696477
2025-05-15,8962.32,886.4,13,10.110920577617328
2025-05-16,9493.43,941.8,12,10.080091314504141
2025-05-17,9259.72,896.6,13,10.327593129600713
2025-05-18,9632.97,956.3,13,10.07316741608282
2025-05-19,9574.88,947.1,13,10.109682187730968
2025-05-20,9053.25,904.3,13,10.011334734048436
2025-05-21,9138.74,893.5,12,10.228024622271963
2025-05-22,8776.63,898.6,12,9.767004228800355
2025-05-23,7757.31,762.5,13,10.17352131147541
2025-05-24,7786.26,756.8,12,10.288398520084568
2025-05-25,7807.34,762.5,13,10.239134426229509
2025-05-26,8510.39,851.2,13,9.998108552631578
2025-05-27,8214.0,787.4,13,10.431800863601728
2025-05-28,9077.04,882.2,12,10.289095443210156
2025-05-29,9335.82,921.4,13,10.13221185153028
2025-05-30,8402.54,842.0,13,9.979263657957246
2025-05-31,8703.8,818.0,13,10.640342298288507
2025-06-01,22680.46,943.9,13,24.028456404280114
2025-06-02,9357.17,917.8,13,10.19521682283722
2025-06-03,8795.41,868.5,13,10.1271272308578
2025-06-04,8870.09,849.8,13,10.437855966109673
2025-06-05,9308.1,903.8,13,10.29884930294313
2025-06-06,9471.02,920.2,13,10.292349489241468
2025-06-07,7447.42,688.5,13,10.81687726942629
2025-06-08,8679.46,831.4,13,10.43957180659129
2025-06-09,9084.18,847.4,12,10.720061364172764
2025-06-10,8132.36,780.9,13,10.414086310667178
2025-06-11,8125.23,768.2,13,10.576972142671178
2025-06-12,9384.34,893.0,13,10.508779395296752
2025-06-13,8212.58,774.4,13,10.605087809917356
2025-06-14,6742.49,613.6,13,10.988412646675357
2025-06-15,8998.36,853.0,13,10.549073856975381
2025-06-16,7535.45,706.1,12,10.671930321484208
2025-06-17,8564.25,797.8,13,10.734833291551768
2025-06-18,9408.75,864.8,13,10.879683163737282
2025-06-19,9462.79,900.4,13,10.509540204353621
2025-06-20,6747.3,623.0,13,10.830337078651686
2025-06-21,7666.24,707.8,13,10.831082226617688
2025-06-22,6806.37,637.3,12,10.680009414718343
2025-06-23,6618.91,634.0,13,10.439921135646687
2025-06-24,7759.79,720.0,13,10.777486111111111
2025-06-25,,,13,
2025-06-26,,,12,
2025-06-27,8358.64,810.7,13,10.31039842111755
2025-06-28,7557.33,710.2,12,10.64112925936356
2025-06-29,7473.46,709.9,13,10.527482744048458
2025-06-30,6838.46,659.5,13,10.369158453373768
