ts,measured_poa_wm2,status,ac_power_kw
2024-07-14 07:00:00,220.2,RUN,1.956
2024-07-14 08:00:00,352.2,RUN,3.8447
2024-07-14 09:00:00,554.7,RUN,5.7164
2024-07-14 10:00:00,695.4,RUN,7.6392
2024-07-14 11:00:00,767.2,RUN,8.0832
2024-07-14 12:00:00,756.6,RUN,8.4568
2024-07-14 13:00:00,763.9,RUN,8.2137
2024-07-14 14:00:00,683.6,RUN,7.3471
2024-07-14 15:00:00,585.2,RUN,6.2554
2024-07-14 16:00:00,383.6,RUN,4.0678
2024-07-14 17:00:00,184.4,RUN,1.6363
2024-07-15 07:00:00,173.1, RUN ,1.6784
2024-07-15 08:00:00,321.4,RUN,3.3167
2024-07-15 09:00:00,398.1,RUN,4.3154
2024-07-15 10:00:00,522.6,RUN,5.629
2024-07-15 11:00:00,601.8,run,6.5188
2024-07-15 12:00:00,656.5,run,7.0658
2024-07-15 13:00:00,602.1,RUN,6.5388
2024-07-15 14:00:00,656.5,RUN,7.1556
2024-07-15 15:00:00,487.0,RUN,5.1916
2024-07-15 16:00:00,304.7,RUN,3.1224
2024-07-15 17:00:00,144.4,RUN,1.2606
2024-07-16 07:00:00,183.3,RUN,1.6889
2024-07-16 08:00:00,274.2,RUN,2.7986
2024-07-16 09:00:00,422.5,,4.5626
2024-07-16 10:00:00,623.6,run,6.8391
2024-07-16 11:00:00,703.6,RUN,7.6359
2024-07-16 12:00:00,778.6,,8.2656
2024-07-16 13:00:00,717.8,RUN,7.7533
2024-07-16 14:00:00,622.4,RUN,6.6176
2024-07-16 15:00:00,469.7,RUN,5.1063
2024-07-16 16:00:00,333.7,RUN,3.5735
2024-07-16 17:00:00,177.8,RUN,1.6045
2024-07-17 07:00:00,201.6,RUN,1.9486
2024-07-17 08:00:00,399.3,RUN,4.2053
2024-07-17 09:00:00,605.1,RUN,6.359
2024-07-17 10:00:00,780.2, RUN ,8.2597
2024-07-17 11:00:00,792.2,RUN,8.5232
2024-07-17 12:00:00,760.9,RUN,8.2011
2024-07-17 13:00:00,703.5,RUN,7.748
2024-07-17 14:00:00,572.4,RUN,6.3331
2024-07-17 15:00:00,537.2,RUN,5.7283
2024-07-17 16:00:00,384.6,RUN,3.915
2024-07-17 17:00:00,190.0,RUN,1.6664
2024-07-18 07:00:00,137.5,RUN,1.3405
2024-07-18 08:00:00,291.4,RUN,3.1334
2024-07-18 09:00:00,444.4,RUN,5.026
2024-07-18 10:00:00,574.1,run,6.4741
2024-07-18 11:00:00,649.5,RUN,6.8742
2024-07-18 12:00:00,754.3,RUN,8.0582
2024-07-18 13:00:00,647.2,RUN,7.0791
2024-07-18 14:00:00,543.9,RUN,5.8525
2024-07-18 15:00:00,530.0,RUN,5.7705
2024-07-18 16:00:00,368.1,run,3.8615
2024-07-18 17:00:00,168.2,run,1.4724
2024-07-19 07:00:00,194.5,run,1.7906
2024-07-19 08:00:00,339.0,RUN,3.6292
2024-07-19 09:00:00,508.0,RUN,5.4223
2024-07-19 10:00:00,652.3,RUN,7.1496
2024-07-19 11:00:00,663.9,RUN,7.2673
2024-07-19 12:00:00,699.7,run,7.8089
2024-07-19 13:00:00,735.1,RUN,7.8151
2024-07-19 14:00:00,669.2,RUN,7.2516
2024-07-19 15:00:00,536.3,RUN,5.9351
2024-07-19 16:00:00,372.2,RUN,3.8906
2024-07-19 17:00:00,146.1,RUN,1.296
2024-07-20 07:00:00,182.6, RUN ,1.6015
2024-07-20 08:00:00,321.9,RUN,3.3013
2024-07-20 09:00:00,419.8,RUN,4.7112
2024-07-20 10:00:00,606.2, RUN ,6.4953
2024-07-20 11:00:00,670.9,RUN,7.3508
2024-07-20 12:00:00,569.2,RUN,6.1438
2024-07-20 13:00:00,480.7,RUN,5.261
2024-07-20 14:00:00,493.5,RUN,5.269
2024-07-20 15:00:00,466.1,RUN,4.9951
2024-07-20 16:00:00,313.1,RUN,3.3728
2024-07-20 17:00:00,148.4, RUN ,1.308
2024-07-21 07:00:00,176.7,RUN,1.6114
2024-07-21 08:00:00,357.8,RUN,3.7643
2024-07-21 09:00:00,425.2,RUN,4.6354
2024-07-21 10:00:00,447.6,RUN,4.7409
2024-07-21 11:00:00,486.4,RUN,5.3688
2024-07-21 12:00:00,428.0,RUN,4.5896
2024-07-21 13:00:00,541.1,RUN,5.9681
2024-07-21 14:00:00,469.8,RUN,5.1217
2024-07-21 15:00:00,300.3,RUN,3.24
2024-07-21 16:00:00,217.0,RUN,2.3008
2024-07-21 17:00:00,146.0,RUN,1.2874
2024-07-22 07:00:00,154.1,RUN,1.4093
2024-07-22 08:00:00,275.1,RUN,2.8691
2024-07-22 09:00:00,343.0,RUN,3.7592
2024-07-22 10:00:00,468.9,RUN,5.0185
2024-07-22 11:00:00,467.1,run,5.1166
2024-07-22 12:00:00,707.4,RUN,7.7424
2024-07-22 13:00:00,532.2,RUN,6.1185
2024-07-22 14:00:00,572.2,RUN,5.9445
2024-07-22 15:00:00,467.0,run,5.2424
2024-07-22 16:00:00,394.0,RUN,3.9472
2024-07-22 17:00:00,176.0,RUN,1.6334
2024-07-23 07:00:00,190.0,RUN,1.7342
2024-07-23 08:00:00,356.6,RUN,3.697
2024-07-23 09:00:00,536.1,RUN,5.826
2024-07-23 10:00:00,597.3,RUN,6.5516
2024-07-23 11:00:00,669.1,RUN,7.2999
2024-07-23 12:00:00,854.5,RUN,9.5131
2024-07-23 13:00:00,838.1,RUN,9.3896
2024-07-23 14:00:00,741.6,RUN,7.9321
2024-07-23 15:00:00,590.4, RUN ,6.4866
2024-07-23 16:00:00,369.2,RUN,4.0392
2024-07-23 17:00:00,190.0,RUN,1.6335
2024-07-24 07:00:00,131.5,RUN,1.1908
2024-07-24 08:00:00,254.6,RUN,2.798
2024-07-24 09:00:00,301.7,RUN,3.318
2024-07-24 10:00:00,434.1,RUN,4.7142
2024-07-24 11:00:00,634.4,RUN,6.9517
2024-07-24 12:00:00,553.3,run,6.2116
2024-07-24 13:00:00,448.1,RUN,4.9263
2024-07-24 14:00:00,348.7,RUN,3.828
2024-07-24 15:00:00,328.2,RUN,3.4961
2024-07-24 16:00:00,224.7, RUN ,2.2655
2024-07-25 07:00:00,148.4,RUN,1.4426
2024-07-25 08:00:00,267.8,RUN,2.804
2024-07-25 09:00:00,428.5, RUN ,4.5544
2024-07-25 10:00:00,567.7,RUN,6.035
2024-07-25 11:00:00,766.7,,8.3161
2024-07-25 12:00:00,789.9,RUN,8.6057
2024-07-25 13:00:00,720.1,RUN,7.9654
2024-07-25 14:00:00,595.5, RUN ,6.6246
2024-07-25 15:00:00,454.3,RUN,4.9826
2024-07-25 16:00:00,270.9,RUN,2.9176
2024-07-25 17:00:00,126.2,RUN,1.1155
2024-07-26 07:00:00,188.2,RUN,1.7977
2024-07-26 08:00:00,366.9,RUN,4.024
2024-07-26 09:00:00,503.6,RUN,5.2906
2024-07-26 10:00:00,583.3,RUN,6.5328
2024-07-26 11:00:00,649.8,RUN,6.8634
2024-07-26 12:00:00,617.6,RUN,6.91
2024-07-26 13:00:00,622.7,RUN,7.0294
2024-07-26 14:00:00,619.9,run,6.6847
2024-07-26 15:00:00,471.7,RUN,4.8614
2024-07-26 16:00:00,292.5,RUN,3.0792
2024-07-26 17:00:00,173.4,RUN,1.5186
2024-07-27 07:00:00,164.1, RUN ,1.4688
2024-07-27 08:00:00,356.8,,3.8308
2024-07-27 09:00:00,517.6,RUN,5.4793
2024-07-27 10:00:00,602.0,RUN,6.3849
2024-07-27 11:00:00,691.5,RUN,7.6714
2024-07-27 12:00:00,813.2,RUN,8.8028
2024-07-27 13:00:00,786.7,RUN,8.4134
2024-07-27 14:00:00,662.5, RUN ,7.2478
2024-07-27 15:00:00,451.8,RUN,4.7793
2024-07-27 16:00:00,352.2,RUN,3.6144
2024-07-27 17:00:00,172.2,RUN,1.6641
2024-07-28 07:00:00,185.3,RUN,1.7855
2024-07-28 08:00:00,379.1,RUN,4.0748
2024-07-28 09:00:00,486.8,RUN,5.0397
2024-07-28 11:00:00,686.9,RUN,7.3266
2024-07-28 12:00:00,852.7,RUN,9.1752
2024-07-28 13:00:00,738.0,RUN,8.1023
2024-07-28 14:00:00,727.5,run,7.7082
2024-07-28 15:00:00,549.0,RUN,5.783
2024-07-28 16:00:00,318.8,RUN,3.4441
2024-07-28 17:00:00,144.8, RUN ,1.2658
2024-07-29 07:00:00,157.3,RUN,1.5424
2024-07-29 08:00:00,309.0,RUN,3.3141
2024-07-29 09:00:00,358.5,RUN,3.8926
2024-07-29 10:00:00,463.3,RUN,4.9958
2024-07-29 11:00:00,584.0,RUN,6.4291
2024-07-29 12:00:00,717.1,RUN,7.728
2024-07-29 13:00:00,735.9,run,7.9322
2024-07-29 14:00:00,657.5,RUN,7.0893
2024-07-29 15:00:00,548.8,RUN,5.9836
2024-07-29 17:00:00,138.6,RUN,1.2207
2024-07-30 07:00:00,177.0,RUN,1.6561
2024-07-30 08:00:00,386.6,RUN,4.0387
2024-07-30 09:00:00,525.8,RUN,5.6925
2024-07-30 10:00:00,634.2,RUN,6.9986
2024-07-30 11:00:00,715.8,RUN,7.8063
2024-07-30 12:00:00,757.8,RUN,8.3962
2024-07-30 13:00:00,734.3,RUN,8.1009
2024-07-30 14:00:00,639.1,RUN,6.7404
2024-07-30 15:00:00,431.4,run,4.5461
2024-07-30 16:00:00,322.5,run,3.4519
2024-07-30 17:00:00,173.3,RUN,1.5187
2024-07-31 07:00:00,189.3,RUN,1.7891
2024-07-31 08:00:00,394.1,RUN,4.128
2024-07-31 09:00:00,593.3,RUN,6.4076
2024-07-31 10:00:00,737.5,RUN,7.8254
2024-07-31 11:00:00,856.0,RUN,9.0033
2024-07-31 12:00:00,896.3,RUN,9.7615
2024-07-31 13:00:00,885.7,RUN,9.4856
2024-07-31 14:00:00,766.7,RUN,8.0673
2024-07-31 15:00:00,596.7,RUN,6.2732
2024-07-31 16:00:00,416.4,RUN,4.2483
2024-07-31 17:00:00,204.2,RUN,1.7199
2024-08-01 07:00:00,180.0,RUN,1.705
2024-08-01 08:00:00,366.9,RUN,3.8022
2024-08-01 09:00:00,501.8,RUN,5.3698
2024-08-01 10:00:00,593.5,RUN,6.4834
2024-08-01 11:00:00,646.5,RUN,7.0876
2024-08-01 12:00:00,744.5,RUN,8.2073
2024-08-01 13:00:00,721.6,RUN,7.7728
2024-08-01 14:00:00,618.9,RUN,6.6875
2024-08-01 15:00:00,452.7,RUN,5.0226
2024-08-01 16:00:00,291.6,RUN,2.9863
2024-08-01 17:00:00,157.3,RUN,1.3142
2024-08-02 07:00:00,161.6,run,1.4969
2024-08-02 08:00:00,313.9,RUN,3.1823
2024-08-02 09:00:00,514.9,run,5.3745
2024-08-02 10:00:00,679.3,RUN,7.235
2024-08-02 11:00:00,856.3,RUN,9.0701
2024-08-02 12:00:00,704.3,RUN,7.5639
2024-08-02 13:00:00,698.4,RUN,7.7096
2024-08-02 14:00:00,621.7,RUN,6.6988
2024-08-02 15:00:00,503.8,RUN,5.4449
2024-08-02 16:00:00,371.8,run,3.7658
2024-08-02 17:00:00,128.6,RUN,1.2156
2024-08-03 07:00:00,162.8,RUN,1.586
2024-08-03 08:00:00,278.2,RUN,2.9818
2024-08-03 09:00:00,448.3,RUN,4.8635
2024-08-03 10:00:00,614.3,RUN,6.5735
2024-08-03 11:00:00,809.4,run,8.9464
2024-08-03 12:00:00,800.9,RUN,8.4527
2024-08-03 13:00:00,574.2,RUN,6.3503
2024-08-03 14:00:00,482.6,RUN,5.0641
2024-08-03 15:00:00,399.2,RUN,4.2484
2024-08-03 16:00:00,259.9,RUN,2.7736
2024-08-03 17:00:00,136.8,RUN,1.1447
2024-08-04 07:00:00,175.4,RUN,1.6273
2024-08-04 08:00:00,331.0,RUN,3.4387
2024-08-04 09:00:00,449.8,RUN,4.9434
2024-08-04 10:00:00,633.8,RUN,6.8706
2024-08-04 11:00:00,760.3,RUN,8.0947
2024-08-04 12:00:00,580.9,,6.294
2024-08-04 13:00:00,537.2,RUN,5.6469
2024-08-04 14:00:00,578.5,RUN,6.4373
2024-08-04 15:00:00,453.0,RUN,4.9871
2024-08-04 16:00:00,320.3,RUN,3.3515
2024-08-05 07:00:00,208.2,RUN,1.8835
2024-08-05 09:00:00,581.3,RUN,6.2344
2024-08-05 10:00:00,694.3,RUN,7.4624
2024-08-05 11:00:00,811.2,RUN,8.7594
2024-08-05 12:00:00,873.0,RUN,9.2576
2024-08-05 13:00:00,786.1,RUN,8.2695
2024-08-05 14:00:00,549.0,RUN,5.9001
2024-08-05 15:00:00,487.7,RUN,5.2212
2024-08-05 16:00:00,310.0,RUN,3.3236
2024-08-05 17:00:00,167.0,RUN,1.4872
2024-08-06 07:00:00,177.6,RUN,1.7309
2024-08-06 08:00:00,388.7,RUN,4.136
2024-08-06 09:00:00,506.9,RUN,5.5304
2024-08-06 10:00:00,578.9,RUN,6.301
2024-08-06 11:00:00,729.6,run,7.9763
2024-08-06 12:00:00,816.1,RUN,8.8606
2024-08-06 13:00:00,734.0,RUN,8.2014
2024-08-06 14:00:00,577.1,RUN,6.3888
2024-08-06 15:00:00,460.3,RUN,4.9902
2024-08-06 16:00:00,298.3,RUN,3.122
2024-08-06 17:00:00,154.9,RUN,1.5042
2024-08-07 07:00:00,183.9,RUN,1.6999
2024-08-07 08:00:00,340.3,run,3.6378
2024-08-07 09:00:00,491.7,run,5.2446
2024-08-07 10:00:00,636.2,run,6.9332
2024-08-07 11:00:00,724.6,RUN,7.4708
2024-08-07 12:00:00,803.7,RUN,8.6486
2024-08-07 13:00:00,748.8, RUN ,8.1236
2024-08-07 14:00:00,684.3,RUN,7.324
2024-08-07 15:00:00,570.2,RUN,6.3716
2024-08-07 16:00:00,403.0,RUN,4.1696
2024-08-07 17:00:00,173.0,RUN,1.5795
2024-08-08 07:00:00,153.3,RUN,1.3899
2024-08-08 08:00:00,358.0,RUN,3.8635
2024-08-08 09:00:00,558.3,RUN,5.9287
2024-08-08 10:00:00,656.7,RUN,7.0425
2024-08-08 11:00:00,624.4,RUN,6.6767
2024-08-08 12:00:00,565.1,RUN,6.3354
2024-08-08 13:00:00,597.0,RUN,6.4722
2024-08-08 14:00:00,531.8,RUN,5.6143
2024-08-08 15:00:00,369.0,RUN,3.9502
2024-08-08 16:00:00,327.7,RUN,3.2798
2024-08-08 17:00:00,151.2,RUN,1.381
