month,max_kw,p99,n_within_0p5pct_of_max,n_ge_9900,n_9500_9900
2024-01,9558.5,9470.3794,2,0,2
2024-02,9718.52,9653.7835,2,0,17
2024-03,10040.51,10006.5782,11,24,54
2024-04,9971.96,9872.4238,1,3,16
2024-05,9951.4,9732.266,1,1,12
2024-06,9570.14,9120.1904,1,0,1
2024-07,9657.67,9348.598,1,0,1
2024-08,9235.41,8827.956300000002,2,0,0
2024-09,9973.0,9827.930399999997,2,2,9
2024-10,10038.51,9996.8214,4,12,18
2024-11,9694.36,9563.981600000001,1,0,9
2024-12,9228.56,9106.025000000001,2,0,0
2025-01,9526.58,9469.1781,1,0,1
2025-02,9729.62,9638.642499999998,3,0,11
2025-03,10066.11,10021.4513,4,16,42
2025-04,9982.84,9809.668500000002,2,2,16
2025-05,9632.97,9513.518000000002,1,0,4
2025-06,9471.02,9398.798999999999,2,0,0
