ts,n,power_max,actual_over_expected
2024-01,85,9558.5,1.0219977508986986
2024-02,81,9718.52,0.9887378442929191
2024-03,100,10040.51,1.0150876318546405
2024-04,92,9971.96,0.9815547291551654
2024-05,69,9951.4,1.0213915284354902
2024-06,13,9570.14,0.9962370429973748
2024-07,10,9657.67,1.0255525868548023
2024-08,3,9235.41,1.01365956562907
2024-09,20,9973.0,1.0396739487189426
2024-10,70,10038.51,1.0305099007863983
2024-11,48,9694.36,1.015201797640728
2024-12,75,9228.56,0.9803537461277387
2025-01,66,9526.58,1.0080799334681885
2025-02,74,9729.62,0.9923567233983293
2025-03,114,10066.11,1.004782228206739
2025-04,89,9982.84,0.9861624824412166
2025-05,56,9632.97,1.003510014860888
2025-06,23,9471.02,1.0169153947329674
