date,ratio,ratio_tc,n,rain_mm
2024-01-01,10.604727416381353,11.188191608779189,5,0.0
2024-01-02,10.637987869198312,11.25055663537687,5,0.0
2024-01-03,10.443646483844692,11.070492462570494,5,0.0
2024-01-04,10.426825458805155,11.152460287405173,5,0.0
2024-01-05,10.315377990975474,11.12570616877526,6,0.0
2024-01-06,10.30909723027002,11.20294607001819,5,0.0
2024-01-07,10.393768269997343,11.005876603532231,5,0.0
2024-01-08,10.48732169763695,11.089578133392925,4,0.0
2024-01-09,10.332996862786366,11.111993756392504,6,0.0
2024-01-10,10.229732781715228,10.905196096596615,6,0.0
2024-01-11,10.369046787709499,11.014386153389594,5,0.0
2024-01-12,10.256483725787454,11.058024148284629,6,0.0
2024-01-13,10.309350358572605,11.067583294341688,4,0.0
2024-01-14,10.263046110080975,10.993073439637758,6,0.0
2024-01-15,10.303303973946694,10.920539664628812,4,0.0
2024-01-16,10.080758807588076,10.774235950934955,5,0.0
2024-01-17,10.216832021895312,10.868854609945972,5,0.0
2024-01-18,10.439186700616421,10.941145411425996,4,0.0
2024-01-19,10.182285493429527,10.947046136527327,5,0.0
2024-01-20,10.023439012179228,10.707751729594722,6,0.0
2024-01-21,10.483174948033385,11.047978119658895,4,0.0
2024-01-22,10.370593036575308,10.969352013686002,4,0.0
2024-01-23,10.072262809174994,10.973445534241371,6,0.0
2024-01-24,10.028285799089655,10.820550180621467,6,0.0
2024-01-25,10.206441141295063,10.872096410166485,5,0.0
2024-01-26,10.142639468406617,10.750852268697502,4,0.0
2024-01-27,10.16385576936074,10.802919280419303,4,0.0
2024-01-28,10.108167192303583,10.751949960591629,4,0.0
2024-01-29,10.187202307606597,10.723579465777576,4,0.0
2024-01-30,10.131320025756601,10.637282361270428,5,0.0
2024-01-31,10.172479085045513,10.719964127066284,4,0.0
2024-02-01,10.125657131016109,10.55692444694099,4,0.0
2024-02-02,10.03658483802839,10.590979104470934,4,0.0
2024-02-03,9.969803858072552,10.801390974886559,6,0.0
2024-02-04,9.93281765893506,10.640498626487027,6,0.0
2024-02-05,9.85431417418226,10.556704508666378,7,0.0
2024-02-06,10.074288617886179,10.773612828608497,5,0.0
2024-02-07,9.834838810154181,10.583459842083993,5,0.0
2024-02-08,9.983099473816086,10.823723998130925,5,0.0
2024-02-09,9.773462187452063,10.514023762909197,5,0.0
2024-02-10,9.701787255022804,10.477770973305834,5,0.0
2024-02-11,9.826071538698734,10.560714152450672,5,0.0
2024-02-12,9.799826754114589,10.43028535223014,5,0.0
2024-02-13,9.683083976833977,10.21734916465372,5,0.0
2024-02-14,9.682865440464667,10.258495516994252,5,0.0
2024-02-15,9.834526186453694,10.632642924036965,5,0.0
2024-02-16,9.786398194345452,10.432691464190547,5,0.0
2024-02-17,9.716915613317296,10.332695708860232,4,0.0
2024-02-18,9.635454985479187,10.343187596789509,5,0.0
2024-02-19,9.920249008989556,10.428397104660096,4,0.0
2024-02-20,9.634573829531812,10.367950831605421,5,0.0
2024-02-21,9.905789740985272,10.480933411169756,7,0.0
2024-02-22,10.011006289308176,10.651799940576373,7,0.0
2024-02-23,9.862542290961816,10.378346091720315,5,0.0
2024-02-24,9.869594661286268,10.512873841469794,4,0.0
2024-02-25,9.743859649122808,10.288667108569951,5,0.0
2024-02-26,9.819268939094455,10.53514525458765,4,0.0
2024-02-27,9.678109211105816,10.415971593296248,6,0.0
2024-02-28,9.497366577516363,10.202386757535487,6,0.0
2024-02-29,9.640149253731343,10.445949823084046,5,0.0
2024-03-01,10.213827774914567,10.916639014557518,6,0.0
2024-03-02,10.303076923076924,10.92388021381155,5,0.0
2024-03-03,10.077360230547551,10.886789164332464,5,0.0
2024-03-04,10.243062659900101,10.96952073414213,6,0.0
2024-03-05,10.39363179315298,10.853339790259902,5,0.0
2024-03-06,10.22825558366777,10.764081332742876,6,0.0
2024-03-07,10.042676767676767,11.042946897667488,5,0.0
2024-03-08,10.152928639571535,10.833522827237767,6,0.0
2024-03-09,10.168691996290615,10.933611221546151,6,0.0
2024-03-10,10.182979532125504,10.923550154358015,6,0.0
2024-03-11,10.361363452546712,10.956827032679001,6,0.0
2024-03-13,9.89068304812052,10.812073700601662,5,0.0
2024-03-14,9.919080007625638,10.772170334242867,6,0.0
2024-03-15,10.007586597391807,10.8597993897,6,0.0
2024-03-16,9.972151007025026,10.757628936213408,6,0.0
2024-03-17,9.805494505494506,10.741081139654678,5,0.0
2024-03-18,10.000068104426788,10.668961689356939,5,0.0
2024-03-19,9.797128120970578,10.816901480678005,5,0.0
2024-03-20,9.781706235992026,10.740199170201173,6,0.0
2024-03-21,9.993435321652436,10.789727435180037,6,0.0
2024-03-22,9.696019121529812,10.698467943958683,6,0.0
2024-03-23,9.675051216756653,10.51528091229669,6,0.0
2024-03-24,9.785746799422737,10.638462859443486,6,0.0
2024-03-25,9.899941480329051,10.525681569899167,6,0.0
2024-03-26,9.98181131617579,10.704904651760314,6,0.0
2024-03-27,9.972526690483587,10.841428280412357,6,0.0
2024-03-28,9.834041609977021,10.71237578376967,6,0.0
2024-03-29,9.935527633104595,10.810846740428108,6,0.0
2024-03-30,9.851804646615772,10.7306290012795,6,0.0
2024-03-31,9.902675875741402,10.666279415934213,6,0.0
2024-04-01,9.885914279560629,10.243727687691699,5,0.0
2024-04-02,9.87487479329262,10.672673065213885,6,0.0
2024-04-03,10.006416004801814,10.693999376565948,6,0.0
2024-04-04,9.988475583803002,10.665110444228453,6,0.0
2024-04-05,9.762062901404562,10.44643862548847,6,0.0
2024-04-06,10.135295981880988,10.67185571983077,6,0.0
2024-04-07,9.677860795808723,10.439536578323976,6,0.0
2024-04-08,9.888581505565964,10.499364301374692,7,0.0
2024-04-09,9.902663541444705,10.616780263020404,5,0.0
2024-04-10,9.868442447582371,10.497514370679726,7,0.0
2024-04-11,9.942459642496516,10.630207184238262,6,0.0
2024-04-12,9.611933840776079,10.343249019569665,6,0.0
2024-04-13,9.723285121008164,10.363489697042995,5,0.0
2024-04-14,9.786686720805216,10.517779717100158,6,0.0
2024-04-15,9.59227456792994,10.366235636116567,8,0.0
2024-04-16,9.763568281938326,10.638002112107882,7,0.0
2024-04-17,9.680539834566826,10.486240372997791,7,0.0
2024-04-18,9.762563076892238,10.428541448778823,6,0.0
2024-04-19,9.587562651485303,10.398671241420118,6,0.0
2024-04-20,9.67836760386068,10.425532242984863,5,0.0
2024-04-21,9.623216082568387,10.477185281672464,6,0.0
2024-04-22,9.6318278800644,10.453098384823518,8,0.0
2024-04-23,9.439016014054792,10.29759876130414,8,0.0
2024-04-24,9.578322893734915,10.505756506831087,6,0.0
2024-04-25,9.632732878935409,10.414215618983965,7,0.0
2024-04-26,9.541233186080698,10.374310110877277,6,0.0
2024-04-27,9.924325481798714,10.656554468330123,7,0.0
2024-04-28,9.585553675048356,10.426875817323722,7,0.0
2024-04-29,9.60941808662583,10.41862057011248,6,0.0
2024-04-30,9.593680445797176,10.325752993754005,6,0.0
2024-05-01,10.572282804074296,11.182891633057045,5,0.0
2024-05-02,10.58976645013264,11.206673399915106,6,0.0
2024-05-03,10.503619674416756,11.126002071173414,4,0.0
2024-05-04,10.370038393384524,11.052414462286066,5,0.0
2024-05-05,10.083467381590706,11.005208630432588,5,0.0
2024-05-06,10.061512027491409,10.8609308421261,5,0.0
2024-05-07,10.059513189754046,10.897286960639862,5,0.0
2024-05-08,10.185210860774118,11.1022573149925,5,0.0
2024-05-09,10.216330488750971,10.922501631126433,5,0.0
2024-05-10,10.06860693263571,10.930332531990105,7,0.0
2024-05-11,10.084908461157843,10.798275925760636,7,0.0
2024-05-12,10.063022274553736,10.954988478040075,6,0.0
2024-05-13,10.065679351613166,10.783551300916027,6,0.0
2024-05-14,10.00797948739476,10.898907822782478,6,0.0
2024-05-15,10.307759151903667,11.266355733947993,6,0.0
2024-05-16,10.182549145123538,11.02572801553352,4,0.0
2024-05-17,10.159229957805907,10.864416780061529,7,0.0
2024-05-18,10.453116309966724,11.152314620235334,6,0.0
2024-05-19,9.993743981037461,10.798782142633307,6,0.0
2024-05-20,10.06933043504009,10.68589733632568,6,0.0
2024-05-21,10.267092803030302,10.87414176718331,3,0.0
2024-05-22,9.983521757907894,10.815478417225515,8,0.0
2024-05-23,10.227547444543822,10.778109855249976,6,0.0
2024-05-24,10.0885880428857,10.749364404854083,7,0.0
2024-05-25,10.090511001917346,10.72547103465968,8,0.0
2024-05-26,10.235526942299142,10.698387428458688,6,0.0
2024-05-27,10.24253707794257,10.883337099044166,7,0.0
2024-05-28,10.181554824229448,10.864618414047442,6,0.0
2024-05-29,10.499676518159093,10.944153632878248,7,0.0
2024-05-30,10.13500557413601,10.708262993737563,7,0.0
2024-05-31,10.291676041338482,10.740423647453067,8,0.0
2024-06-01,10.101448598130842,10.679091621744027,7,0.0
2024-06-02,10.18349030470914,10.630503804383663,7,0.0
2024-06-03,10.07237907638433,10.690670934930376,7,0.0
2024-06-04,10.107073803348266,10.691227727967652,7,0.0
2024-06-05,9.849437897873495,10.440694423050864,7,0.0
2024-06-06,10.145768130573785,10.643851580518213,7,0.0
2024-06-07,10.67057134375076,11.08975923648782,6,14.9
2024-06-08,10.792927308447938,11.23859374334009,5,0.0
2024-06-09,10.501440217391306,10.946191905407375,6,0.0
2024-06-10,10.517757201646091,10.902393649604125,5,24.8
2024-06-12,10.815085691510562,11.237912135613001,5,5.6000000000000005
2024-06-13,10.601911796654356,11.046534823291854,7,0.0
2024-06-14,10.807155591291274,11.19708376641847,8,0.0
2024-06-15,10.645275840202917,11.092931073681328,7,0.0
2024-06-16,10.81285408414812,11.111877979185131,4,1.4
2024-06-17,10.951120707382273,11.3854766412458,5,0.0
2024-06-22,11.13904085872576,11.457982661929401,5,4.8
2024-06-23,10.845924823222925,11.243130638784592,5,0.0
2024-06-24,10.835201920361479,11.18385346878194,7,0.0
2024-06-25,10.965810592880771,11.274238066943608,6,0.0
2024-06-26,10.779065697361336,11.213810521552842,5,0.0
2024-06-27,10.80487231798293,11.129144234465706,8,0.0
2024-06-28,10.893900050320322,11.175323564728318,6,0.0
2024-06-29,10.974053170949057,11.33081958150754,7,3.2
2024-06-30,10.770573294629898,11.02881294985065,7,0.0
2024-07-01,10.818494897156242,11.23162737337338,8,6.300000000000001
2024-07-02,10.635164160609943,11.072473381894756,8,7.4
2024-07-03,10.728464123344535,11.10558264523808,7,0.0
2024-07-04,10.42106363740309,10.809113042621414,6,0.0
2024-07-05,10.777807407407408,11.16072499455846,7,0.0
2024-07-06,10.706038721573448,11.030728206326673,7,0.0
2024-07-07,10.712049528737756,11.13857565975982,7,0.0
2024-07-08,10.868116177186437,11.269244951225302,7,0.0
2024-07-09,10.536797056965064,10.907182577996684,4,0.0
2024-07-10,10.599506864754673,10.89732571957595,6,0.0
2024-07-11,10.506382556163292,10.848819672002756,8,0.0
2024-07-12,10.439670638639711,10.858087022033782,7,0.0
2024-07-13,10.477859635517643,10.8054016082148,7,0.0
2024-08-09,10.901855586930214,11.16884687139081,5,6.0
2024-08-11,10.657822928739858,11.067247855179922,6,0.0
2024-08-17,10.64381541389153,11.013482969771927,7,0.0
2024-08-18,10.757015327606533,11.087119187541683,7,0.0
2024-08-19,10.909403546480387,11.255684685840263,7,14.5
2024-08-20,10.748675146756934,11.068225172988393,4,19.4
2024-08-21,10.795114729829756,10.999933491440375,3,14.399999999999999
2024-08-22,10.626475386615834,11.081731019781255,6,2.5
2024-08-23,10.922933325405701,11.256098961511139,6,4.0
2024-08-24,10.955358231817112,11.310049953083338,6,8.4
2024-08-25,13.869898206495394,14.253019367082574,11,0.2
2024-08-26,12.218044110518662,12.470860648217808,10,1.9
2024-08-27,12.550824042656323,12.824714595149448,10,0.0
2024-08-28,10.663686534216335,11.105635290606001,5,0.0
2024-08-29,10.368205501029928,11.052833218748525,7,17.9
2024-08-30,10.647719537100068,11.26100887197903,5,0.0
2024-08-31,10.826979421855672,11.210374002195593,6,8.7
2024-09-01,10.748094688221709,11.207022249331848,7,0.0
2024-09-02,10.755005237168936,11.224878657783764,7,0.0
2024-09-03,10.5868156424581,10.93266139849948,7,12.1
2024-09-04,10.6491677997906,11.134217975071778,8,0.0
2024-09-05,10.423166023166022,10.924182900562904,3,0.0
2024-09-07,10.668000985343022,11.160047230004311,7,0.0
2024-09-11,10.42371998187585,10.907498545806344,5,0.0
2024-09-12,10.43114640883978,11.004336810476792,5,0.0
2024-09-13,10.581550965356351,11.205426806920837,6,2.9000000000000004
2024-09-14,10.312350121191045,10.836296583037448,4,3.3
2024-09-15,10.51596254581558,11.070957975206959,8,25.3
2024-09-16,10.46084309511559,11.168538539316266,4,0.0
2024-09-17,10.562416201117317,11.175084509891287,5,0.0
2024-09-18,3.5361138053669574,3.702368670516501,7,30.0
2024-09-19,3.9635501682851393,4.101062326196281,6,4.6
2024-09-20,10.72419698971087,11.144425359482959,6,6.7
2024-09-21,10.507376844211052,11.15841235183901,5,12.9
2024-09-22,10.463711118945234,11.067070899241205,6,0.0
2024-09-26,10.975738724727838,11.277293554371738,5,1.9
2024-09-27,10.749146559960028,11.341300182909524,6,8.0
2024-09-28,10.60805356103241,11.129330749389002,7,18.5
2024-09-29,10.563983501862692,11.155246516576833,5,38.9
2024-09-30,10.71570664148568,11.144109804885074,7,0.0
2024-10-01,10.533264691905591,11.068371801352509,5,0.0
2024-10-02,10.575345029239767,11.006758698924651,5,0.0
2024-10-03,10.533746845740541,11.079620959338643,8,25.2
2024-10-04,10.752930630257895,11.232851532824641,5,0.0
2024-10-05,10.892936388614935,11.226968278324373,6,0.0
2024-10-06,10.541496020457185,11.112975981227791,6,0.0
2024-10-07,10.25498046344535,10.89239276524165,6,0.0
2024-10-08,10.402592267135326,11.069767132192572,7,0.0
2024-10-09,10.331815156886933,10.958484940781457,6,24.9
2024-10-10,10.866047966970221,11.409085469384614,6,0.0
2024-10-11,10.541025759154158,10.948856086892018,6,0.0
2024-10-12,10.539659027698473,11.086043271023144,4,0.0
2024-10-13,10.676047878464058,11.263327926697862,4,0.0
2024-10-14,10.318472077092766,10.682312245927985,5,0.0
2024-10-15,10.809981343283582,11.363867465842748,5,0.0
2024-10-16,10.789239830637406,11.223193751080718,6,0.9
2024-10-18,10.57096984096534,11.073774334829766,6,0.0
2024-10-19,10.250903822271283,10.81530026668842,3,0.0
2024-10-20,10.29541759463519,10.843637246432733,4,0.0
2024-10-21,10.507141911323572,11.033973981930192,4,0.0
2024-10-22,10.58967931915151,11.027649698897351,4,0.0
2024-10-23,10.402583598229128,10.732364296894007,4,0.0
2024-10-24,10.577348853783109,11.04354243253722,5,0.0
2024-10-25,10.37418862992812,10.744219551273996,5,0.0
2024-10-26,10.477148720424916,11.019008461520169,5,0.0
2024-10-27,10.466901408450704,10.963399299696633,5,0.0
2024-10-28,10.489071015986012,11.192777246871223,6,0.0
2024-10-29,10.2476634153443,10.877127410119376,7,0.0
2024-10-30,10.45624140565317,11.037970393874541,7,0.0
2024-10-31,10.329963715088098,10.938749534730865,6,0.0
2024-11-01,10.574795725958518,11.12050498619995,7,0.0
2024-11-02,10.233428291908682,10.92734027089551,8,0.0
2024-11-03,9.968449600914411,10.751199468575235,8,0.0
2024-11-04,10.374912841144951,11.061725273714416,8,0.0
2024-11-05,10.748560311579054,11.222422160664497,6,31.4
2024-11-06,10.738659236830205,11.144599961801948,6,0.0
2024-11-07,10.772695185655797,11.053396697663016,7,24.3
2024-11-08,10.758157027889936,11.266773854715694,6,0.0
2024-11-09,10.50383980181668,11.071941099639165,7,0.0
2024-11-10,10.330622009569378,10.946809705399216,7,0.0
2024-11-11,10.173250210585085,10.914202282722403,6,0.0
2024-11-12,10.069172062909715,11.007170888978777,6,0.0
2024-11-13,10.227841243750088,10.828762242946812,6,0.0
2024-11-14,10.123000776397514,10.853495275944992,5,0.0
2024-11-15,10.423874070835154,11.09992715620889,5,0.0
2024-11-16,10.341106736141578,11.023756769337606,6,0.0
2024-11-17,10.553444452143369,10.891346290767576,6,0.0
2024-11-18,10.53136419001218,10.917853122482777,5,0.0
2024-11-20,10.349850333051917,10.76251904646442,6,0.0
2024-11-21,10.393652763489593,10.961299096332096,6,0.0
2024-11-22,10.301886387995713,10.829322263899337,7,0.0
2024-11-23,10.10230284694261,10.772744508791305,8,0.0
2024-11-24,10.408055691904938,10.853619530048705,6,0.0
2024-11-25,10.356135285667316,10.937451279014777,4,0.0
2024-11-26,10.291678836011998,10.908331269651796,6,0.0
2024-11-27,10.04812293072824,10.56617272525194,4,0.0
2024-11-28,10.147882943873356,10.848760914834193,6,0.0
2024-11-29,10.10051843924333,10.57897270398438,6,0.0
2024-11-30,10.135340195719202,10.837164463744275,6,0.0
2024-12-01,10.160440313755242,10.861063828432858,6,0.0
2024-12-02,10.233665991183482,10.829885446013042,8,0.0
2024-12-03,9.904423432504709,10.566767884554313,8,0.0
2024-12-04,9.952310473392838,10.739967729010077,7,0.0
2024-12-05,10.071776183000674,10.699394426448285,7,0.0
2024-12-06,10.136576030170263,10.740353735107465,6,0.0
2024-12-07,9.956806126952603,10.568501206623552,8,0.0
2024-12-08,10.074191599621193,10.643322683490947,6,0.0
2024-12-09,10.035209892008384,10.710609381838523,8,0.0
2024-12-10,9.812688388757241,10.452899414664671,6,0.0
2024-12-11,10.000936454849498,10.626825509417824,7,0.0
2024-12-12,9.963564394670787,10.389820997313144,5,0.0
2024-12-13,10.086593570894593,10.466230135864201,5,0.0
2024-12-14,10.115070226496268,10.536970526372212,5,0.0
2024-12-15,10.063353526531046,10.490584884978936,6,0.0
2024-12-16,10.043031186797753,10.51908876913236,6,0.0
2024-12-17,9.993130587893393,10.471512774606413,6,0.0
2024-12-18,10.034633113409217,10.551131763921518,6,0.0
2024-12-19,10.03970570219892,10.64691955606008,6,0.0
2024-12-20,9.885304269690199,10.565943069150103,6,0.0
2024-12-21,9.836841482183024,10.701647840410766,7,0.0
2024-12-22,9.894634060520762,10.636983323919878,6,0.0
2024-12-23,9.940022250034765,10.581864503637902,7,0.0
2024-12-24,9.971644633654492,10.581328204753595,7,0.0
2024-12-25,9.878440626769867,10.435818895119626,7,0.0
2024-12-26,9.820506861443116,10.508648715095863,7,0.0
2024-12-27,9.96429615866174,10.515078842862966,6,0.0
2024-12-28,9.873192436040046,10.418347381864129,7,0.0
2024-12-29,9.972056719136203,10.502869854606322,7,0.0
2024-12-30,9.92936112775864,10.455378264729134,6,0.0
2024-12-31,9.707165714285715,10.498222104163482,7,0.0
2025-01-01,9.483956438756035,10.3175855032624,7,0.0
2025-01-02,9.71884394341291,10.486082626938177,7,0.0
2025-01-03,9.793334881560613,10.429648921251262,7,0.0
2025-01-04,9.876764257911661,10.454353434225936,7,0.0
2025-01-05,9.986429755109556,10.464390805134055,7,0.0
2025-01-06,9.76768345029792,10.550042209513052,6,0.0
2025-01-07,10.33902568880607,11.034257266268389,5,0.0
2025-01-08,10.31627847453289,10.91086612395798,3,0.0
2025-01-09,10.377356953777234,11.07372604221964,7,0.0
2025-01-10,10.362253108997805,11.077201763246146,7,0.0
2025-01-11,10.400451196774103,10.982169786045123,6,0.0
2025-01-12,10.29176899462778,10.881824475904757,5,0.0
2025-01-13,10.481738904701935,11.095364163140289,6,0.0
2025-01-14,10.578789047435404,11.123024871913143,7,0.0
2025-01-15,10.52921646336856,11.075213973041212,4,0.0
2025-01-16,10.308773457272098,10.939179632337012,4,0.0
2025-01-17,10.509217837298761,11.048371729598227,7,0.0
2025-01-18,10.172917893448274,11.014218169908867,6,0.0
2025-01-19,10.40791542897082,11.047042046575443,5,0.0
2025-01-22,10.31885077359322,11.144377927206465,6,0.0
2025-01-23,10.32745459331403,10.995134112282377,5,0.0
2025-01-24,10.212044675964197,10.996442634874413,6,0.0
2025-01-25,10.225895963414093,10.863335264918504,4,0.0
2025-01-26,10.009575612735102,10.83641949073013,4,0.0
2025-01-28,9.951042529353874,10.726997004148377,6,0.0
2025-01-29,10.221371165116672,10.915819577938489,4,0.0
2025-01-30,10.260517241387976,10.933316869475739,4,0.0
2025-01-31,9.925604712369973,10.617716284462146,3,0.0
2025-02-01,9.955253595354565,10.66634536796746,4,0.0
2025-02-02,10.184289251209929,10.701363806927978,4,0.0
2025-02-03,10.177572156196945,10.702905346126093,5,0.0
2025-02-04,9.976584692242673,10.61074363502679,6,0.0
2025-02-05,9.864088261232514,10.645875902154483,6,0.0
2025-02-06,10.042298634008478,10.751382676382262,7,0.0
2025-02-07,10.02176308539945,10.696384025913835,5,0.0
2025-02-08,9.850735730767568,10.639416116168228,6,0.0
2025-02-09,9.800878386737597,10.569605817871382,3,0.0
2025-02-10,9.775566946256603,10.552269433702675,5,0.0
2025-02-11,9.823388490985428,10.452763204535083,5,0.0
2025-02-12,9.890347338985167,10.60210736919478,4,0.0
2025-02-13,9.987022030893899,10.57183979846928,5,0.0
2025-02-14,9.711933563459176,10.512969110662056,6,0.0
2025-02-15,9.487353886090062,10.284242158797671,6,0.0
2025-02-16,9.719435474225572,10.467679352636917,5,0.0
2025-02-17,9.698311829253589,10.477306107931275,5,0.0
2025-02-18,9.70427370664141,10.563509575513695,5,0.0
2025-02-19,9.638226153478366,10.462740534865318,5,0.0
2025-02-20,9.676210060107561,10.267459730622251,5,0.0
2025-02-21,9.51818500760145,10.396593164030374,5,0.0
2025-02-22,9.710980760206477,10.263800268739965,5,0.0
2025-02-23,9.371345707656612,10.099619480111176,5,0.0
2025-02-24,9.646188340807173,10.251960778120232,5,0.0
2025-02-25,9.588872271520644,10.19157399632074,6,0.0
2025-02-26,9.720101553166069,10.315458224598787,3,0.0
2025-03-01,9.772894626946911,10.518532100554783,6,0.0
2025-03-02,9.75406487484343,10.298173887897658,6,0.0
2025-03-03,9.741788046457138,10.264045570362073,6,0.0
2025-03-04,9.847342542845304,10.392378877148811,6,0.0
2025-03-05,9.691739525232286,10.31628376670861,6,0.0
2025-03-06,9.760662322223716,10.361996353220785,6,0.0
2025-03-07,9.50703541110202,10.272108841800875,4,0.0
2025-03-08,9.48164270283292,10.234843090864004,6,0.0
2025-03-09,10.399289374537464,11.010888576170693,6,0.0
2025-03-10,10.298731022622993,10.921744846431325,6,0.0
2025-03-11,10.27968925683956,10.855550932648308,6,0.0
2025-03-12,10.427956634884277,10.861230969189064,6,0.0
2025-03-13,10.64083820662768,11.002692730220513,3,0.0
2025-03-14,10.292747351141621,10.792889867606506,5,0.0
2025-03-15,10.308875330954299,10.951004650711468,7,0.0
2025-03-16,10.237298260328863,10.813375248198005,6,0.0
2025-03-17,10.062152072096445,10.717822531752962,6,0.0
2025-03-18,10.022493887530564,10.774036826352804,5,0.0
2025-03-19,10.191531185338457,10.58763723374503,5,0.0
2025-03-20,10.002911687637804,10.920020546963084,6,0.0
2025-03-21,10.141149451906747,10.840483569837378,6,0.0
2025-03-22,10.036545618583737,10.74428711222481,6,0.0
2025-03-23,10.025240827330968,10.72194535621864,6,0.0
2025-03-24,10.056927000260618,10.636625021014563,6,0.0
2025-03-25,10.285275061844741,10.81965441106275,5,0.0
2025-03-26,9.928349966365815,10.64099299816888,6,0.0
2025-03-27,9.894434432542045,10.597620092210029,6,0.0
2025-03-28,10.031487195310088,10.824623043871094,5,0.0
2025-03-29,9.890634733635856,10.587642148787456,6,0.0
2025-03-30,9.929642453732608,10.845557327359632,6,0.0
2025-03-31,9.81107258938245,10.674149019507144,5,0.0
2025-04-01,9.838458286397461,10.560566148628636,6,0.0
2025-04-02,9.993628250890378,10.707269536756915,6,0.0
2025-04-03,9.902534619188922,10.528055656694415,5,0.0
2025-04-04,9.797330269427944,10.55831103974954,6,0.0
2025-04-05,9.911805725471005,10.658465875881413,5,0.0
2025-04-06,10.041175745624846,10.799969915343121,7,0.0
2025-04-08,9.81388875531869,10.674849719763776,6,0.0
2025-04-09,9.71551034403932,10.64728903759233,5,0.0
2025-04-10,9.766296889295516,10.589466290311272,5,0.0
2025-04-11,9.86021604228913,10.641229048288245,5,0.0
2025-04-12,9.891896654746345,10.456139768208399,6,0.0
2025-04-13,9.904607563971187,10.753307173268887,6,0.0
2025-04-14,9.618720328010358,10.419010347754474,7,0.0
2025-04-15,9.897866943387525,10.554159204935567,5,0.0
2025-04-16,9.761986940544604,10.429433899765424,6,0.0
2025-04-17,9.761002418003017,10.44533120722268,6,0.0
2025-04-18,9.794873351169331,10.637232629455932,6,0.0
2025-04-19,9.807328752862794,10.425975044149762,5,0.0
2025-04-20,9.574010582010583,10.490169951979077,7,0.0
2025-04-21,9.570215934475057,10.304822075608994,7,0.0
2025-04-22,9.731583135442825,10.452564529006054,6,0.0
2025-04-23,9.76827368856457,10.549060940179448,8,0.0
2025-04-24,9.758223394898856,10.192696077708908,7,0.0
2025-04-25,9.743513535189443,10.501117684030781,6,0.0
2025-04-26,9.555811829657426,10.400239116513378,6,0.0
2025-04-27,9.402739101120556,10.108431704183136,6,0.0
2025-04-28,9.653769465654836,10.375655994442262,6,0.0
2025-04-29,9.736495992147882,10.376708663024681,7,0.0
2025-04-30,9.640361379745421,10.548867969711845,6,0.0
2025-05-01,9.650911458333335,10.442612971480475,7,0.0
2025-05-02,9.560846379989407,10.358917517900665,6,0.0
2025-05-03,9.793894915975324,10.36382082931461,5,0.0
2025-05-04,9.588217330449167,10.520789581433778,7,0.0
2025-05-06,9.633329583802025,10.680795165702467,7,0.0
2025-05-07,9.699046824734898,10.347217223290567,5,0.0
2025-05-08,9.60040058717118,10.454420032071681,8,0.0
2025-05-09,10.237652024045621,11.12600395939179,6,0.0
2025-05-10,10.178671897685277,10.978447667661937,6,0.0
2025-05-11,10.126428075745242,11.048409918250398,6,0.0
2025-05-12,10.03495516683816,10.92363191115381,5,0.0
2025-05-13,10.10502831564775,10.979377933078467,8,0.0
2025-05-15,10.218747554579885,11.076342114334626,8,0.0
2025-05-16,10.226193693693695,10.948040550660062,5,0.0
2025-05-17,10.247758128921848,10.90375272482497,7,0.0
2025-05-18,10.243975499487611,10.884231322160652,6,0.0
2025-05-19,9.942803845601953,10.505366205929477,5,0.0
2025-05-20,10.238323883770377,10.934539293311712,7,0.0
2025-05-21,9.98103433967438,10.577119109071301,6,0.0
2025-05-22,10.006999125109362,10.640632743248036,7,0.0
2025-05-23,10.17352131147541,10.936800627251277,7,0.0
2025-05-24,10.248064173442353,11.044903994908914,4,21.2
2025-05-25,10.261326042368843,11.060535447663945,6,0.0
2025-05-26,10.381317907844348,11.102053958590758,6,0.0
2025-05-27,10.39182456887375,11.054191737802899,7,0.0
2025-05-28,10.261341507392716,10.940076614415178,7,0.0
2025-05-29,10.005492626629621,10.64065846602367,7,0.0
2025-05-30,10.198352611353268,10.905766473686189,8,1.1
2025-05-31,10.473408155865478,11.213307047091945,8,0.0
2025-06-01,10.282760167239374,10.868403669983106,6,0.0
2025-06-02,10.3837526809975,11.05845366743541,6,0.0
2025-06-03,10.289717912089333,10.842041714866465,8,0.0
2025-06-04,10.41673076923077,10.9421739629307,7,0.0
2025-06-05,10.443076947963712,10.967968107846449,6,0.0
2025-06-06,10.30967056246392,10.739755390391698,6,0.0
2025-06-07,10.601027642128845,11.021707628037413,6,2.1
2025-06-08,10.520832127358155,11.050558153200615,8,0.0
2025-06-09,10.679857765607768,11.210050108120697,6,0.0
2025-06-10,10.366791956399172,10.876488060035529,7,0.0
2025-06-11,10.721580802148011,11.22481217749532,7,0.0
2025-06-12,10.358274326793458,10.720692003522426,6,0.0
2025-06-13,10.581914241960183,11.045474686472023,7,0.0
2025-06-14,10.713654444833685,11.105767896923904,8,34.7
2025-06-15,10.573258818149558,11.090899011679213,8,0.0
2025-06-16,10.6399479857347,11.151010530040487,4,0.0
2025-06-17,10.536267799388396,10.997309516731256,8,0.0
2025-06-18,10.383961935708482,10.851816551689385,7,0.0
2025-06-19,10.613037468449981,11.046919702182452,6,0.0
2025-06-20,10.522177493138152,10.863228553577724,7,6.4
2025-06-21,10.86540402817176,11.174896886974018,6,0.0
2025-06-22,11.085813534669736,11.435276375045163,4,2.2
2025-06-23,10.631721458506858,11.101644837261585,6,25.1
2025-06-24,10.65563779527559,11.098871217340065,5,0.0
2025-06-27,10.602386415787059,11.155678657273953,7,10.4
2025-06-28,10.523798632714161,10.889426301634396,8,0.0
2025-06-29,10.626994291507941,11.014433276190033,8,6.5
2025-06-30,10.58976193926594,10.940498420284017,4,2.6
