timestamp,status,elevation,measured_poa_wm2,measured_module_temp_c,expected_kw,ac_power_kw,ratio,prev_kw,prev_poa,prev_ratio,next_kw,next_poa,next_ratio,isolated
2024-05-07 16:00:00,RUN,29.376788493299767,370.7,44.19,3734.6608926,8430.53,2.257374964539505,6003.32,615.6,0.9875012613517056,1312.86,167.0,0.7663752171241756,True
2024-06-12 15:00:00,RUN,44.49381113770777,309.0,35.72,3211.988256,7286.54,2.2685450316914233,4033.79,375.6,1.0321201508058506,2362.68,236.5,0.9526590194914172,True
2024-06-20 10:00:00,RUN,61.84772449182157,271.8,29.75,2886.6383100000003,8653.95,2.997933606721931,2445.35,226.5,1.0085835294325793,3117.95,283.5,1.0319555389594055,True
2024-08-17 07:00:00,RUN,18.728138223995256,154.5,25.45,1665.9719550000002,3581.34,2.149700053024002,119.52,37.3,0.2930928308906495,,342.1,,True
2024-09-02 07:00:00,RUN,18.693973004921634,169.8,25.81,1828.6410636,3932.61,2.1505641967035176,165.18,36.3,0.4190028070768116,3816.3,363.3,0.9900729850003283,True
2024-09-05 07:00:00,RUN,18.693492462013328,215.0,25.97,2314.11681,5092.36,2.2005630735641213,219.42,41.7,0.48281660074774374,4009.22,387.7,0.9712711842392587,True
2024-10-23 07:00:00,RUN,17.208810813721822,243.1,26.62,2610.5935284,5270.73,2.018977654951272,304.96,34.3,0.8111990376813061,4992.24,474.7,,True
2025-01-03 08:00:00,RUN,21.649299894492298,360.6,29.72,3830.1431904000005,9260.1,2.4176902898068735,1131.93,123.0,0.8413810760932816,5862.01,582.1,0.9657082334491908,True
2025-04-01 17:00:00,RUN,14.44225237267954,168.0,38.64,1727.7805440000002,4343.46,2.5138956536369004,3972.4,407.7,0.9706600313531537,20.19,11.6,0.16629845766557214,True
2025-06-07 07:00:00,RUN,21.395051720205057,192.1,26.53,2063.5700886000004,5325.44,2.5806925722658485,207.08,66.0,0.28900909143775927,2761.75,263.6,0.9834872678951565,True
