fold,tl,model,mae_pct,rmse_pct,bias_kw
F1,fitted_dry,B2b,4.341815155939005,6.519092219187537,253.07114566142207
F1,fitted_dry,M2_clean_fixed,4.128771886984798,5.787468246998851,-67.69323513490605
F1,fitted_dry,BL50,3.922608414852322,5.699030310033079,92.68895526325801
F1,default,B2b,4.073584219043461,5.8286359575072835,87.22186774135086
F1,default,M2_clean_fixed,4.132601869532406,5.764983576569448,-90.19657558912476
F1,default,BL50,3.9367312862346715,5.534164477703317,-1.48735392388694
F2,fitted_dry,B2b,4.03591012766685,5.920472913364413,135.75618327338708
F2,fitted_dry,M2_clean_fixed,4.27778404074487,6.026950721538008,-180.78027057360916
F2,fitted_dry,BL50,3.8575007298046318,5.469783069000425,-22.512043650111043
F2,default,B2b,4.043865438179378,5.729317614166786,-43.290215728452374
F2,default,M2_clean_fixed,4.126877869978181,5.867377658071245,-92.11829711905284
F2,default,BL50,3.984706461702562,5.616287047149951,-67.70425642375261
F8,fitted_dry,B2b,4.121490513891753,6.368361018357096,234.83106493725185
F8,fitted_dry,M2_clean_fixed,4.324476609829014,5.987615569287862,-91.42379293749272
F8,fitted_dry,BL50,3.8414385440715857,5.734045771994935,71.70363599987955
F8,default,B2b,3.9439233508712577,5.466651369488903,34.11215770421338
F8,default,M2_clean_fixed,3.9123553741821677,5.593555759801689,-58.12836630979688
F8,default,BL50,3.8036764408019437,5.380239189093912,-12.008104302791747
