,start,end,length
0,2024-01-01 12:00:00,2024-01-01 12:00:00,1
1,2024-01-01 19:00:00,2024-01-01 19:00:00,1
2,2024-01-07 23:00:00,2024-01-07 23:00:00,1
3,2024-01-08 03:00:00,2024-01-08 03:00:00,1
4,2024-01-13 17:00:00,2024-01-13 17:00:00,1
5,2024-01-19 18:00:00,2024-01-19 18:00:00,1
6,2024-01-26 06:00:00,2024-01-26 06:00:00,1
7,2024-02-01 01:00:00,2024-02-01 01:00:00,1
8,2024-02-13 13:00:00,2024-02-13 13:00:00,1
9,2024-02-20 06:00:00,2024-02-20 06:00:00,1
10,2024-02-20 12:00:00,2024-02-20 12:00:00,1
11,2024-02-24 16:00:00,2024-02-24 16:00:00,1
12,2024-02-26 00:00:00,2024-02-26 00:00:00,1
13,2024-03-04 21:00:00,2024-03-04 21:00:00,1
14,2024-03-17 08:00:00,2024-03-17 08:00:00,1
15,2024-03-18 09:00:00,2024-03-18 09:00:00,1
16,2024-03-29 20:00:00,2024-03-29 20:00:00,1
17,2024-03-31 03:00:00,2024-03-31 03:00:00,1
18,2024-04-03 18:00:00,2024-04-03 18:00:00,1
19,2024-04-08 14:00:00,2024-04-08 14:00:00,1
20,2024-04-09 15:00:00,2024-04-09 15:00:00,1
21,2024-04-10 23:00:00,2024-04-10 23:00:00,1
22,2024-04-13 02:00:00,2024-04-13 02:00:00,1
23,2024-04-17 08:00:00,2024-04-17 08:00:00,1
24,2024-04-18 05:00:00,2024-04-18 05:00:00,1
25,2024-04-20 01:00:00,2024-04-20 01:00:00,1
26,2024-04-20 18:00:00,2024-04-20 18:00:00,1
27,2024-04-27 00:00:00,2024-04-27 00:00:00,1
28,2024-04-27 07:00:00,2024-04-27 07:00:00,1
29,2024-04-28 14:00:00,2024-04-28 14:00:00,1
30,2024-05-03 15:00:00,2024-05-03 15:00:00,1
31,2024-05-10 17:00:00,2024-05-10 17:00:00,1
32,2024-05-12 20:00:00,2024-05-12 21:00:00,2
33,2024-05-14 22:00:00,2024-05-14 22:00:00,1
34,2024-05-15 20:00:00,2024-05-15 20:00:00,1
35,2024-05-19 22:00:00,2024-05-19 22:00:00,1
36,2024-05-27 17:00:00,2024-05-27 17:00:00,1
37,2024-06-02 01:00:00,2024-06-02 01:00:00,1
38,2024-06-05 00:00:00,2024-06-05 00:00:00,1
39,2024-06-05 16:00:00,2024-06-05 16:00:00,1
40,2024-06-12 22:00:00,2024-06-12 22:00:00,1
41,2024-06-15 07:00:00,2024-06-15 07:00:00,1
42,2024-06-16 03:00:00,2024-06-16 03:00:00,1
43,2024-06-16 09:00:00,2024-06-16 09:00:00,1
44,2024-06-17 09:00:00,2024-06-17 09:00:00,1
45,2024-06-19 23:00:00,2024-06-19 23:00:00,1
46,2024-06-23 11:00:00,2024-06-23 11:00:00,1
47,2024-07-01 17:00:00,2024-07-01 17:00:00,1
48,2024-07-02 03:00:00,2024-07-02 03:00:00,1
49,2024-07-02 20:00:00,2024-07-02 20:00:00,1
50,2024-07-07 18:00:00,2024-07-07 18:00:00,1
51,2024-07-12 05:00:00,2024-07-12 05:00:00,1
52,2024-07-24 04:00:00,2024-07-24 04:00:00,1
53,2024-07-29 16:00:00,2024-07-29 16:00:00,1
54,2024-08-01 00:00:00,2024-08-01 00:00:00,1
55,2024-08-04 17:00:00,2024-08-04 17:00:00,1
56,2024-08-05 06:00:00,2024-08-05 06:00:00,1
57,2024-08-05 08:00:00,2024-08-05 08:00:00,1
58,2024-08-06 01:00:00,2024-08-06 01:00:00,1
59,2024-08-06 21:00:00,2024-08-06 21:00:00,1
60,2024-08-16 19:00:00,2024-08-16 19:00:00,1
61,2024-08-19 07:00:00,2024-08-19 07:00:00,1
62,2024-08-22 06:00:00,2024-08-22 06:00:00,1
63,2024-08-23 19:00:00,2024-08-23 19:00:00,1
64,2024-08-25 21:00:00,2024-08-25 21:00:00,1
65,2024-08-26 02:00:00,2024-08-26 02:00:00,1
66,2024-08-28 12:00:00,2024-08-28 12:00:00,1
67,2024-09-05 10:00:00,2024-09-05 10:00:00,1
68,2024-09-09 16:00:00,2024-09-09 16:00:00,1
69,2024-09-10 21:00:00,2024-09-10 21:00:00,1
70,2024-09-20 02:00:00,2024-09-20 02:00:00,1
71,2024-10-06 00:00:00,2024-10-06 00:00:00,1
72,2024-10-12 11:00:00,2024-10-12 11:00:00,1
73,2024-10-16 16:00:00,2024-10-16 16:00:00,1
74,2024-10-17 17:00:00,2024-10-17 17:00:00,1
75,2024-10-25 12:00:00,2024-10-25 12:00:00,1
76,2024-10-31 18:00:00,2024-10-31 18:00:00,1
77,2024-11-01 13:00:00,2024-11-01 13:00:00,1
78,2024-11-07 06:00:00,2024-11-07 06:00:00,1
79,2024-11-07 22:00:00,2024-11-07 22:00:00,1
80,2024-11-08 14:00:00,2024-11-08 14:00:00,1
81,2024-11-09 03:00:00,2024-11-09 03:00:00,1
82,2024-11-11 19:00:00,2024-11-11 19:00:00,1
83,2024-11-12 03:00:00,2024-11-12 03:00:00,1
84,2024-11-14 14:00:00,2024-11-14 14:00:00,1
85,2024-11-19 12:00:00,2024-11-19 12:00:00,1
86,2024-11-20 00:00:00,2024-11-20 00:00:00,1
87,2024-11-21 12:00:00,2024-11-21 12:00:00,1
88,2024-11-25 08:00:00,2024-11-25 08:00:00,1
89,2024-11-27 00:00:00,2024-11-27 00:00:00,1
90,2024-11-27 13:00:00,2024-11-27 13:00:00,1
91,2024-11-29 20:00:00,2024-11-29 20:00:00,1
92,2024-12-05 21:00:00,2024-12-05 21:00:00,1
93,2024-12-06 13:00:00,2024-12-06 13:00:00,1
94,2024-12-07 06:00:00,2024-12-07 06:00:00,1
95,2024-12-09 02:00:00,2024-12-09 02:00:00,1
96,2024-12-10 01:00:00,2024-12-10 01:00:00,1
97,2024-12-14 16:00:00,2024-12-14 16:00:00,1
98,2024-12-23 03:00:00,2024-12-23 03:00:00,1
99,2024-12-27 10:00:00,2024-12-27 10:00:00,1
100,2025-01-08 14:00:00,2025-01-08 14:00:00,1
101,2025-01-11 18:00:00,2025-01-11 18:00:00,1
102,2025-01-17 07:00:00,2025-01-17 07:00:00,1
103,2025-01-20 00:00:00,2025-01-21 23:00:00,48
104,2025-01-25 01:00:00,2025-01-25 01:00:00,1
105,2025-01-26 14:00:00,2025-01-26 14:00:00,1
106,2025-01-27 20:00:00,2025-01-27 20:00:00,1
107,2025-02-02 07:00:00,2025-02-02 07:00:00,1
108,2025-02-05 01:00:00,2025-02-05 03:00:00,3
109,2025-02-26 10:00:00,2025-02-26 10:00:00,1
110,2025-02-28 17:00:00,2025-02-28 17:00:00,1
111,2025-03-02 19:00:00,2025-03-02 19:00:00,1
112,2025-03-13 19:00:00,2025-03-13 19:00:00,1
113,2025-03-23 02:00:00,2025-03-23 02:00:00,1
114,2025-04-05 12:00:00,2025-04-05 12:00:00,1
115,2025-04-11 15:00:00,2025-04-11 15:00:00,1
116,2025-04-12 22:00:00,2025-04-12 22:00:00,1
117,2025-04-15 13:00:00,2025-04-15 13:00:00,1
118,2025-04-20 21:00:00,2025-04-20 21:00:00,1
119,2025-04-29 03:00:00,2025-04-29 03:00:00,1
120,2025-05-07 03:00:00,2025-05-07 03:00:00,1
121,2025-05-07 14:00:00,2025-05-07 14:00:00,1
122,2025-05-09 01:00:00,2025-05-09 01:00:00,1
123,2025-05-16 13:00:00,2025-05-16 13:00:00,1
124,2025-05-21 11:00:00,2025-05-21 11:00:00,1
125,2025-05-22 18:00:00,2025-05-22 18:00:00,1
126,2025-05-24 02:00:00,2025-05-24 02:00:00,1
127,2025-05-24 09:00:00,2025-05-24 09:00:00,1
128,2025-05-28 18:00:00,2025-05-28 18:00:00,1
129,2025-05-29 05:00:00,2025-05-29 05:00:00,1
130,2025-06-09 18:00:00,2025-06-09 18:00:00,1
131,2025-06-11 21:00:00,2025-06-11 21:00:00,1
132,2025-06-16 17:00:00,2025-06-16 17:00:00,1
133,2025-06-22 07:00:00,2025-06-22 07:00:00,1
134,2025-06-26 13:00:00,2025-06-26 13:00:00,1
135,2025-06-28 16:00:00,2025-06-28 16:00:00,1
