ts,timestamp,forecast_cloud_cover,forecast_temp_c,forecast_wind_ms,forecast_humidity_pct,measured_poa_wm2,measured_module_temp_c,measured_ambient_temp_c,rainfall_mm,status,ac_power_kw,ts_format
2024-01-30 15:00:00,2024-01-30 15:00:00,0.51,28.5,4.27,39.0,610.0,39.76,27.92,0.0,RUN,6042.72,ISO
2024-01-30 15:00:00,2024-01-30 15:00:00,0.51,28.5,4.27,39.0,610.0,39.76,27.92,0.0,RUN,5666.59,ISO
2024-02-27 21:00:00,27-02-2024 21:00,0.237,24.0,3.21,40.0,0.0,26.57,25.66,0.0,STANDBY,0.0,DD-MM-YYYY HH:MM
2024-02-27 21:00:00,2024-02-27 21:00:00,0.237,24.0,3.21,40.0,0.0,26.57,25.66,0.0,STANDBY,0.0,ISO
2024-03-01 13:00:00,2024-03-01 13:00:00,0.089,34.3,6.18,23.0,995.0,49.74,34.23,0.0,RUN,9839.87,ISO
2024-03-01 13:00:00,2024-03-01 13:00:00,0.089,34.3,6.18,23.0,995.0,49.74,34.23,0.0,RUN,9964.17,ISO
2024-03-02 15:00:00,2024-03-02 15:00:00,0.189,35.0,2.87,34.0,-999.0,48.36,34.44,0.0,RUN,6758.09,ISO
2024-03-02 15:00:00,2024-03-02 15:00:00,0.189,35.0,2.87,34.0,-999.0,48.36,34.44,0.0,RUN,6758.09,ISO
2024-04-23 20:00:00,2024-04-23 20:00:00,0.144,30.3,2.8,40.0,0.0,31.48,31.83,0.0,STANDBY,0.0,ISO
2024-04-23 20:00:00,2024-04-23 20:00:00,0.144,30.3,2.8,40.0,0.0,31.48,31.83,0.0,STANDBY,0.0,ISO
2024-05-09 04:00:00,2024-05-09 04:00:00,0.413,22.5,5.4,62.0,0.0,21.96,22.89,0.0,STANDBY,0.0,ISO
2024-05-09 04:00:00,2024-05-09 04:00:00,0.413,22.5,5.4,62.0,0.0,21.96,22.89,0.0,STANDBY,0.0,ISO
2024-05-13 03:00:00,2024-05-13 03:00:00,0.394,23.0,2.78,63.0,0.0,22.61,22.46,0.0,STANDBY,-5.18,ISO
2024-05-13 03:00:00,2024-05-13 03:00:00,0.394,23.0,2.78,63.0,0.0,22.61,22.46,0.0,STANDBY,-5.62,ISO
2024-05-26 19:00:00,2024-05-26 19:00:00,0.529,28.9,4.31,55.0,0.0,28.1,27.57,0.0,STANDBY,-4.26,ISO
2024-05-26 19:00:00,2024-05-26 19:00:00,0.529,28.9,4.31,55.0,0.0,28.1,27.57,0.0,STANDBY,-4.26,ISO
2024-06-04 07:00:00,2024-06-04 07:00:00,0.214,24.8,5.8,75.0,250.5,27.88,24.65,0.0,RUN,2282.6,ISO
2024-06-04 07:00:00,2024-06-04 07:00:00,0.214,24.8,5.8,75.0,250.5,27.88,24.65,0.0,RUN,2128.6,ISO
2024-06-06 13:00:00,2024-06-06 13:00:00,0.681,30.2,3.99,67.0,791.9,40.58,29.23,0.0,run,7969.24,ISO
2024-06-06 13:00:00,2024-06-06 13:00:00,0.681,30.2,3.99,67.0,791.9,40.58,29.23,0.0,run,8466.3,ISO
2024-06-09 20:00:00,2024-06-09 20:00:00,0.936,27.6,6.35,73.0,0.0,27.13,27.03,0.0,STANDBY,0.0,ISO
2024-06-09 20:00:00,2024-06-09 20:00:00,0.936,27.6,6.35,73.0,0.0,27.13,27.03,0.0,STANDBY,0.0,ISO
2024-06-11 11:00:00,2024-06-11 11:00:00,0.947,29.3,5.88,80.0,355.3,33.44,27.98,0.0,RUN,3891.27,ISO
2024-06-11 11:00:00,2024-06-11 11:00:00,0.947,29.3,5.88,80.0,355.3,33.44,27.98,0.0,RUN,3835.78,ISO
2024-08-15 08:00:00,2024-08-15 08:00:00,0.65,22.8,4.96,80.0,296.7,29.0,23.48,0.0,STOP,-3.17,ISO
2024-08-15 08:00:00,2024-08-15 08:00:00,0.65,22.8,4.96,80.0,296.7,29.0,23.48,0.0,STOP,-3.17,ISO
2024-09-13 06:00:00,2024-09-13 06:00:00,0.548,21.2,3.47,87.0,42.6,21.74,21.45,0.0,RUN,299.64,ISO
2024-09-13 06:00:00,2024-09-13 06:00:00,0.548,21.2,3.47,87.0,42.6,21.74,21.45,0.0,RUN,288.82,ISO
2024-09-16 04:00:00,2024-09-16 04:00:00,0.254,21.2,2.53,87.0,0.0,21.83,20.57,0.0,STANDBY,-9.37,ISO
2024-09-16 04:00:00,2024-09-16 04:00:00,0.254,21.2,2.53,87.0,0.0,21.83,20.57,0.0,STANDBY,-9.37,ISO
2024-10-12 18:00:00,2024-10-12 18:00:00,0.593,26.7,5.84,68.0,0.0,22.77,26.27,0.0,STANDBY,-4.89,ISO
2024-10-12 18:00:00,2024-10-12 18:00:00,0.593,26.7,5.84,68.0,0.0,22.77,26.27,0.0,STANDBY,-4.43,ISO
2024-10-13 16:00:00,2024-10-13 16:00:00,0.459,27.0,4.5,50.0,300.3,32.92,27.99,0.0,RUN,3017.35,ISO
2024-10-13 16:00:00,2024-10-13 16:00:00,0.459,27.0,4.5,50.0,300.3,32.92,27.99,0.0,RUN,3017.35,ISO
2024-12-10 12:00:00,2024-12-10 12:00:00,0.08,25.3,5.12,37.0,908.9,44.61,25.62,0.0,RUN,9032.91,ISO
2024-12-10 12:00:00,2024-12-10 12:00:00,0.08,25.3,5.12,37.0,908.9,44.61,25.62,0.0,RUN,9032.91,ISO
2024-12-12 01:00:00,2024-12-12 01:00:00,0.023,12.2,4.28,60.0,0.0,14.28,13.37,0.0,STANDBY,0.0,ISO
2024-12-12 01:00:00,2024-12-12 01:00:00,0.023,12.2,4.28,60.0,0.0,14.28,13.37,0.0,STANDBY,0.0,ISO
2024-12-13 22:00:00,2024-12-13 22:00:00,0.24,15.3,3.84,52.0,0.0,16.3,16.51,0.0,STANDBY,0.0,ISO
2024-12-13 22:00:00,2024-12-13 22:00:00,0.24,15.3,3.84,52.0,0.0,16.3,16.51,0.0,STANDBY,0.0,ISO
2024-12-23 14:00:00,2024-12-23 14:00:00,0.123,27.6,1.95,37.0,719.1,42.54,25.85,0.0,RUN,7147.87,ISO
2024-12-23 14:00:00,2024-12-23 14:00:00,0.123,27.6,1.95,37.0,719.1,42.54,25.85,0.0,RUN,7147.87,ISO
2025-02-06 05:00:00,2025-02-06 05:00:00,0.141,19.9,2.65,57.0,0.0,17.98,19.06,0.0,STANDBY,-10.65,ISO
2025-02-06 05:00:00,2025-02-06 05:00:00,0.141,19.9,2.65,57.0,0.0,17.98,19.06,0.0,STANDBY,-11.18,ISO
2025-02-11 07:00:00,2025-02-11 07:00:00,0.158,22.7,2.62,40.0,117.6,25.09,22.72,0.0,RUN,1104.02,ISO
2025-02-11 07:00:00,2025-02-11 07:00:00,0.158,22.7,2.62,40.0,117.6,25.09,22.72,0.0,RUN,1104.02,ISO
2025-03-27 17:00:00,2025-03-27 17:00:00,0.371,35.5,3.69,25.0,182.6,37.17,33.36,0.0,run,1471.54,ISO
2025-03-27 17:00:00,27-03-2025 17:00,0.371,35.5,3.69,25.0,182.6,37.17,33.36,0.0,run,1471.54,DD-MM-YYYY HH:MM
2025-04-01 11:00:00,2025-04-01 11:00:00,0.409,35.0,5.79,38.0,954.0,50.69,33.92,0.0,RUN,9604.33,ISO
2025-04-01 11:00:00,2025-04-01 11:00:00,0.409,35.0,5.79,38.0,954.0,50.69,33.92,0.0,RUN,9604.33,ISO
2025-04-06 07:00:00,2025-04-06 07:00:00,0.595,27.4,3.49,53.0,206.2,29.49,26.29,0.0,RUN,1977.1,ISO
2025-04-06 07:00:00,2025-04-06 07:00:00,0.595,27.4,3.49,53.0,206.2,29.49,26.29,0.0,RUN,1870.68,ISO
2025-05-02 05:00:00,02-05-2025 05:00,0.115,22.2,3.18,56.0,0.0,24.18,24.98,0.0,STANDBY,0.0,DD-MM-YYYY HH:MM
2025-05-02 05:00:00,2025-05-02 05:00:00,0.115,22.2,3.18,56.0,0.0,24.18,24.98,0.0,STANDBY,0.0,ISO
2025-05-06 01:00:00,2025-05-06 01:00:00,0.199,23.1,2.47,58.0,0.0,24.62,23.57,0.0,STANDBY,-5.39,ISO
2025-05-06 01:00:00,2025-05-06 01:00:00,0.199,23.1,2.47,58.0,0.0,24.62,23.57,0.0,STANDBY,-5.39,ISO
2025-05-15 11:00:00,2025-05-15 11:00:00,0.63,30.0,5.49,53.0,866.5,49.53,30.21,0.0,RUN,8848.44,ISO
2025-05-15 11:00:00,2025-05-15 11:00:00,0.63,30.0,5.49,53.0,866.5,49.53,30.21,0.0,RUN,8848.44,ISO
2025-05-20 09:00:00,2025-05-20 09:00:00,0.437,28.4,3.45,57.0,600.7,39.04,27.81,0.0,RUN,6323.89,ISO
2025-05-20 09:00:00,2025-05-20 09:00:00,0.437,28.4,3.45,57.0,600.7,39.04,27.81,0.0,RUN,6323.89,ISO
2025-05-26 15:00:00,2025-05-26 15:00:00,0.601,31.3,7.16,57.0,517.1,42.19,34.1,0.0,RUN,5341.99,ISO
2025-05-26 15:00:00,2025-05-26 15:00:00,0.601,31.3,7.16,57.0,517.1,42.19,34.1,0.0,RUN,5875.79,ISO
2025-06-07 08:00:00,2025-06-07 08:00:00,0.827,25.3,5.23,85.0,263.6,28.89,24.93,0.0,RUN,2761.75,ISO
2025-06-07 08:00:00,2025-06-07 08:00:00,0.827,25.3,5.23,85.0,263.6,28.89,24.93,0.0,RUN,2761.75,ISO
2025-06-18 14:00:00,2025-06-18 14:00:00,0.452,27.7,7.3,63.0,736.4,37.58,27.04,0.0,RUN,7563.62,ISO
2025-06-18 14:00:00,2025-06-18 14:00:00,0.452,27.7,7.3,63.0,736.4,37.58,27.04,0.0,RUN,7563.62,ISO
2025-06-26 05:00:00,2025-06-26 05:00:00,0.912,24.4,4.65,87.0,,,,0.0,,,ISO
2025-06-26 05:00:00,2025-06-26 05:00:00,0.912,24.4,4.65,87.0,,,,0.0,,,ISO
2025-06-26 07:00:00,2025-06-26 07:00:00,0.882,26.5,-999.0,90.0,,,,0.0,,,ISO
2025-06-26 07:00:00,2025-06-26 07:00:00,0.882,26.5,-999.0,90.0,,,,0.0,,,ISO
2025-06-30 16:00:00,2025-06-30 16:00:00,0.665,27.3,9.66,71.0,356.9,30.71,26.77,0.0,RUN,3700.71,ISO
2025-06-30 16:00:00,2025-06-30 16:00:00,0.665,27.3,9.66,71.0,356.9,30.71,26.77,0.0,RUN,3505.1,ISO
