fold,model,population,n_rows,mae_kw,rmse_kw,mean_bias_kw,mae_pct_capacity
F1,B0,ALL-VALID,724,494.7626657458562,1055.3779258664388,455.9780110497237,4.947626657458562
F1,B0,DAYLIGHT-VALID,379,942.0473087071239,1458.663627178282,867.9573614775725,9.420473087071239
F1,B2b,ALL-VALID,724,229.36282828072288,464.10525224286073,75.3393892524448,2.293628282807229
F1,B2b,DAYLIGHT-VALID,379,435.0565901721461,641.435621359498,140.82711825532994,4.350565901721461
F1,M2,ALL-VALID,724,233.4050541935275,455.83358372911505,14.8868888125824,2.334050541935275
F1,M2,DAYLIGHT-VALID,379,442.77841487101284,630.0027287390282,25.345296834590123,4.427784148710129
F1,BL50,ALL-VALID,724,227.2475445104991,447.9962899214828,45.1131390325136,2.272475445104991
F1,BL50,DAYLIGHT-VALID,379,431.0157842364152,619.1702059844841,83.08620754496003,4.310157842364152
F2,B0,ALL-VALID,1211,376.4754624277457,711.9592200492888,113.93699009083403,3.7647546242774568
F2,B0,DAYLIGHT-VALID,595,761.9813865546218,1015.6868691155455,228.38389075630255,7.619813865546218
F2,B2b,ALL-VALID,1211,187.6052663474138,381.8016253479069,39.762368839569056,1.876052663474138
F2,B2b,DAYLIGHT-VALID,595,377.57498747347574,544.6537760076927,77.4167204449044,3.7757498747347578
F2,M2,ALL-VALID,1211,168.06210564063755,345.5078456879699,-16.56595868868726,1.6806210564063757
F2,M2,DAYLIGHT-VALID,595,337.79890744674293,492.87165087894584,-37.22799323025255,3.3779890744674295
F2,BL50,ALL-VALID,1211,174.5861798484725,353.9489508174682,11.598205075440905,1.7458617984847253
F2,BL50,DAYLIGHT-VALID,595,351.07731730504236,504.91506618852463,20.09436360732595,3.5107731730504237
F3,B0,ALL-VALID,1427,254.67040644709175,470.7534903902955,169.49800280308332,2.5467040644709176
F3,B0,DAYLIGHT-VALID,680,527.9260882352941,681.7598116696187,354.56464705882337,5.279260882352941
F3,B2b,ALL-VALID,1427,146.74681135027592,278.22956397076285,80.60151202703427,1.4674681135027592
F3,B2b,DAYLIGHT-VALID,680,301.4452497012408,402.73373674584354,168.01274656261455,3.0144524970124085
F3,M2,ALL-VALID,1427,180.49652434519632,311.3797388528755,138.55775169966842,1.804965243451963
F3,M2,DAYLIGHT-VALID,680,372.2700150596987,450.78995913800367,289.6356201109218,3.722700150596987
F3,BL50,ALL-VALID,1427,155.6825738752424,284.61874843657625,109.57963186335135,1.5568257387524242
F3,BL50,DAYLIGHT-VALID,680,320.1972101764278,411.9964463772851,228.8241833367682,3.201972101764278
F4,B0,ALL-VALID,1281,82.21035128805622,194.80114625734933,46.25007025761121,0.822103512880562
F4,B0,DAYLIGHT-VALID,581,173.37695352839933,288.7972112844878,102.15884681583472,1.7337695352839932
F4,B2b,ALL-VALID,1281,93.96733545425468,168.79697489658963,-14.070943256303083,0.9396733545425469
F4,B2b,DAYLIGHT-VALID,581,199.29897885869235,250.11420068838945,-30.838086594361876,1.9929897885869234
F4,M2,ALL-VALID,1281,65.60814906473396,129.6447605130574,14.458223339297495,0.6560814906473396
F4,M2,DAYLIGHT-VALID,581,136.77209802396598,191.81908461858652,32.06356987545627,1.3677209802396597
F4,BL50,ALL-VALID,1281,75.83654796460704,137.2887366155144,0.19364004149719763,0.7583654796460704
F4,BL50,DAYLIGHT-VALID,581,159.32386909236078,203.20764709495472,0.6127416405471976,1.5932386909236078
F5,B0,ALL-VALID,1426,86.20186886395513,166.2488457726544,5.0136640953716745,0.8620186886395513
F5,B0,DAYLIGHT-VALID,738,161.51325880758807,230.79712697229425,8.171470189701905,1.615132588075881
F5,B2b,ALL-VALID,1426,84.73415857955348,159.07229226155115,38.96069803124565,0.8473415857955348
F5,B2b,DAYLIGHT-VALID,738,158.67727660493668,220.80788293959748,73.76560351294891,1.586772766049367
F5,M2,ALL-VALID,1426,72.34662920308394,137.52774176380058,2.2842106437512593,0.7234662920308393
F5,M2,DAYLIGHT-VALID,738,134.74148135988847,190.8109717169058,2.89748560703156,1.3474148135988848
F5,BL50,ALL-VALID,1426,75.54309546281826,143.02503055650482,20.622454337498443,0.7554309546281825
F5,BL50,DAYLIGHT-VALID,738,140.91785112463253,198.46635901601593,38.33154455999022,1.4091785112463255
F6,B0,ALL-VALID,1351,276.14886010362693,603.5453574753532,-77.8744855662472,2.7614886010362696
F6,B0,DAYLIGHT-VALID,723,512.6649930843706,825.0119422869249,-148.86410788381735,5.126649930843707
F6,B2b,ALL-VALID,1351,174.8901513185965,353.556813965884,59.095276909460864,1.748901513185965
F6,B2b,DAYLIGHT-VALID,723,323.4526617308767,483.2744424582592,107.0780070604172,3.234526617308767
F6,M2,ALL-VALID,1351,179.45251676404365,363.1188315800523,-16.299363943554876,1.7945251676404366
F6,M2,DAYLIGHT-VALID,723,331.9779116849557,496.34612056330866,-33.804648254139174,3.3197791168495567
F6,BL50,ALL-VALID,1351,170.3781890737865,346.53960873733496,21.39795648295301,1.7037818907378648
F6,BL50,DAYLIGHT-VALID,723,315.021595350879,473.68160474446216,36.63667940313903,3.15021595350879
