model,cloud_bin,n_hours,mean_production_kw,mean_raw_target_kw,mean_diff_kw,mean_diff_pct_of_production,mean_abs_diff_kw
B2b,all,806,3977.5105658128796,3836.717286572287,-140.7932792405927,-3.539733632657716,140.79327924059305
B2b,0-0.3,22,6488.122926967339,6259.110420327343,-229.012506639996,-3.529718983715995,229.01250663999744
B2b,0.3-0.7,165,4875.572695553546,4702.96765615139,-172.60503940215585,-3.5402003042549084,172.60503940215497
B2b,>=0.7,619,3648.893888345016,3519.7157358078875,-129.17815253712843,-3.5402003042548924,129.1781525371284
M2,all,806,3717.570488896979,3718.7158657027258,1.1453768057467641,0.030809820800105473,34.64014307893719
M2,0-0.3,22,6130.031991290599,6070.996324149874,-59.0356671407244,-0.9630564281654785,64.6496580791808
M2,0.3-0.7,165,4561.325511617378,4585.326349149997,24.0008375326197,0.5261812048162587,45.2427954042533
M2,>=0.7,619,3406.9182565843366,3404.1102116564625,-2.808044927874107,-0.08242184626670086,30.74733699867464
BL50,all,806,3847.5405273549295,3777.716576137506,-69.82395121742366,-1.8147684402800965,69.82611055026524
BL50,0-0.3,22,6309.077459128967,6165.053372238608,-144.02408689035929,-2.2828073965388165,144.02408689036045
BL50,0.3-0.7,165,4718.449103585462,4644.147002650694,-74.30210093476762,-1.5747144729887377,74.30210093476818
BL50,>=0.7,619,3527.906072464676,3461.9129737321746,-65.9930987325015,-1.8706024870553655,65.99591040014396
